-- phpMyAdmin SQL Dump
-- version 4.7.4
-- https://www.phpmyadmin.net/
--
-- 主機: 127.0.0.1
-- 產生時間： 2017-12-20 13:51:05
-- 伺服器版本: 10.1.28-MariaDB
-- PHP 版本： 7.1.11

SET SQL_MODE = "NO_AUTO_VALUE_ON_ZERO";
SET AUTOCOMMIT = 0;
START TRANSACTION;
SET time_zone = "+00:00";


/*!40101 SET @OLD_CHARACTER_SET_CLIENT=@@CHARACTER_SET_CLIENT */;
/*!40101 SET @OLD_CHARACTER_SET_RESULTS=@@CHARACTER_SET_RESULTS */;
/*!40101 SET @OLD_COLLATION_CONNECTION=@@COLLATION_CONNECTION */;
/*!40101 SET NAMES utf8mb4 */;

--
-- 資料庫： `manage`
--

-- --------------------------------------------------------

--
-- 資料表結構 `admin`
--

CREATE TABLE `admin` (
  `a_id` int(11) NOT NULL,
  `a_games_id` varchar(150) COLLATE utf8_unicode_ci NOT NULL COMMENT '可玩遊戲ID(,分開)',
  `a_all_upid` varchar(255) COLLATE utf8_unicode_ci NOT NULL COMMENT '方便移除 遊戲ID 可以搜尋到相關階層帳號',
  `a_add_adminid` int(11) NOT NULL COMMENT '紀錄被哪支帳號新增',
  `a_first_upid` int(11) NOT NULL COMMENT '第一個總代ID',
  `a_level` int(11) NOT NULL COMMENT '身份[1]公司[2]總代[3]代理人[4]客服',
  `a_service` int(11) NOT NULL COMMENT '代理人ID(客服使用)',
  `a_mid` varchar(100) COLLATE utf8_unicode_ci NOT NULL,
  `a_username` varchar(20) COLLATE utf8_unicode_ci NOT NULL,
  `a_password` varchar(255) COLLATE utf8_unicode_ci NOT NULL,
  `a_name` varchar(20) COLLATE utf8_unicode_ci NOT NULL,
  `a_email` varchar(50) COLLATE utf8_unicode_ci NOT NULL,
  `a_pic` varchar(80) COLLATE utf8_unicode_ci NOT NULL,
  `r_id` int(11) NOT NULL,
  `a_forgetcode` varchar(100) COLLATE utf8_unicode_ci DEFAULT NULL,
  `a_forgetcode_time` datetime NOT NULL,
  `a_ip` varchar(15) COLLATE utf8_unicode_ci NOT NULL,
  `a_logintime` datetime NOT NULL,
  `a_ispublic` tinyint(4) NOT NULL,
  `a_admin` varchar(20) COLLATE utf8_unicode_ci NOT NULL,
  `a_createtime` datetime NOT NULL,
  `a_updatetime` datetime NOT NULL
) ENGINE=InnoDB DEFAULT CHARSET=utf8 COLLATE=utf8_unicode_ci ROW_FORMAT=COMPACT;

--
-- 資料表的匯出資料 `admin`
--

INSERT INTO `admin` (`a_id`, `a_games_id`, `a_all_upid`, `a_add_adminid`, `a_first_upid`, `a_level`, `a_service`, `a_mid`, `a_username`, `a_password`, `a_name`, `a_email`, `a_pic`, `r_id`, `a_forgetcode`, `a_forgetcode_time`, `a_ip`, `a_logintime`, `a_ispublic`, `a_admin`, `a_createtime`, `a_updatetime`) VALUES
(1, '', '', 1, 0, 1, 0, 'eebb8d5f3ff8586a642c1f5da72ea96b1513742798550642r8ni95hrk9mrvhefl6jqfms6p', 'admin', 'ba3253876aed6bc22d4a6ff53d8406c6ad864195ed144ab5c87621b6c233b548baeae6956df346ec8c17f5ea10f35ee3cbc514797ed7ddd3145464e2a0bab413', '系統管理員', 'admin@gmail.com', '', 2, NULL, '0000-00-00 00:00:00', '127.0.0.1', '2017-12-20 12:06:38', 1, 'admin', '2017-10-17 13:43:34', '2017-10-17 13:43:34'),
(17, '', '', 1, 0, 1, 0, '1048851cd37e6659eed5e669579eab921513742759975002r8ni95hrk9mrvhefl6jqfms6p', 'customer', 'ba3253876aed6bc22d4a6ff53d8406c6ad864195ed144ab5c87621b6c233b548baeae6956df346ec8c17f5ea10f35ee3cbc514797ed7ddd3145464e2a0bab413', '客服', 'aaa@vvv.com', '', 5, NULL, '0000-00-00 00:00:00', '127.0.0.1', '2017-12-20 12:05:59', 1, 'admin', '2017-12-06 16:50:57', '2017-12-08 09:58:18'),
(18, '', '', 1, 0, 1, 0, 'db7b229025b7bf9e5c8bb2e1ea49518615132243199432qll4bu2p5e7v5vcr66igsi4kkd', 'money', 'ba3253876aed6bc22d4a6ff53d8406c6ad864195ed144ab5c87621b6c233b548baeae6956df346ec8c17f5ea10f35ee3cbc514797ed7ddd3145464e2a0bab413', '財務', 'bbb@ccc.ddd', '', 4, NULL, '0000-00-00 00:00:00', '127.0.0.1', '2017-12-14 12:05:19', 1, 'admin', '2017-12-08 09:58:44', '2017-12-08 09:58:44');

-- --------------------------------------------------------

--
-- 資料表結構 `admin_log`
--

CREATE TABLE `admin_log` (
  `al_id` int(11) NOT NULL,
  `a_username` varchar(20) COLLATE utf8_unicode_ci NOT NULL,
  `al_main_key` int(11) NOT NULL,
  `al_fun_key` int(11) NOT NULL,
  `al_descript` varchar(100) COLLATE utf8_unicode_ci NOT NULL,
  `al_createtime` datetime NOT NULL,
  `al_ip` char(15) COLLATE utf8_unicode_ci NOT NULL,
  `al_action` int(11) NOT NULL
) ENGINE=MyISAM DEFAULT CHARSET=utf8 COLLATE=utf8_unicode_ci;

--
-- 資料表的匯出資料 `admin_log`
--

INSERT INTO `admin_log` (`al_id`, `a_username`, `al_main_key`, `al_fun_key`, `al_descript`, `al_createtime`, `al_ip`, `al_action`) VALUES
(2726, 'admin', 3, 5, '列表', '2017-12-14 12:04:26', '127.0.0.1', 2),
(2727, 'admin', 3, 5, '列表', '2017-12-14 12:04:30', '127.0.0.1', 2),
(2725, 'admin', 3, 3, '列表', '2017-12-14 12:04:23', '127.0.0.1', 2),
(2724, 'admin', 3, 4, 'id:29', '2017-12-14 12:04:16', '127.0.0.1', 8),
(2723, 'admin', 3, 3, 'id:29', '2017-12-14 12:04:11', '127.0.0.1', 8),
(2722, 'admin', 3, 4, '列表', '2017-12-14 12:04:03', '127.0.0.1', 2),
(2721, 'admin', 3, 3, 'id:29', '2017-12-14 12:03:59', '127.0.0.1', 4),
(2720, 'admin', 3, 3, '列表', '2017-12-14 12:03:45', '127.0.0.1', 2),
(2719, 'admin', 3, 5, '列表', '2017-12-14 12:03:41', '127.0.0.1', 2),
(2718, 'admin', 3, 3, 'id:28', '2017-12-14 12:03:33', '127.0.0.1', 8),
(2717, 'admin', 3, 4, 'id:28', '2017-12-14 12:03:30', '127.0.0.1', 8),
(2716, 'admin', 3, 4, '列表', '2017-12-14 12:03:25', '127.0.0.1', 2),
(2715, 'admin', 3, 3, '列表', '2017-12-14 12:03:20', '127.0.0.1', 2),
(2714, 'admin', 3, 3, 'id:28', '2017-12-14 12:03:03', '127.0.0.1', 4),
(2713, 'admin', 3, 3, '列表', '2017-12-14 12:02:45', '127.0.0.1', 2),
(2712, 'admin', 4, 6, '列表', '2017-12-14 12:02:38', '127.0.0.1', 2),
(2711, 'admin', 4, 5, 'id:91', '2017-12-14 12:02:27', '127.0.0.1', 8),
(2710, 'admin', 4, 4, 'id:91', '2017-12-14 12:02:23', '127.0.0.1', 8),
(2709, 'admin', 4, 5, '列表', '2017-12-14 12:02:16', '127.0.0.1', 2),
(2708, 'admin', 4, 4, 'id:91', '2017-12-14 12:02:14', '127.0.0.1', 4),
(2707, 'admin', 4, 4, '列表', '2017-12-14 12:01:58', '127.0.0.1', 2),
(2706, 'admin', 4, 6, '列表', '2017-12-14 12:01:55', '127.0.0.1', 2),
(2705, 'admin', 4, 4, 'id:90', '2017-12-14 12:01:44', '127.0.0.1', 8),
(2704, 'admin', 4, 5, 'id:90', '2017-12-14 12:01:41', '127.0.0.1', 8),
(2703, 'admin', 4, 5, '列表', '2017-12-14 12:01:22', '127.0.0.1', 2),
(2702, 'admin', 4, 4, '列表', '2017-12-14 12:01:21', '127.0.0.1', 2),
(2701, 'admin', 4, 4, '列表', '2017-12-14 12:01:11', '127.0.0.1', 2),
(2700, 'admin', 4, 6, '列表', '2017-12-14 12:01:08', '127.0.0.1', 2),
(2699, 'admin', 4, 4, 'id:90', '2017-12-14 12:01:06', '127.0.0.1', 4),
(2698, 'admin', 4, 4, '列表', '2017-12-14 12:00:51', '127.0.0.1', 2),
(2697, 'admin', 3, 3, '列表', '2017-12-14 12:00:48', '127.0.0.1', 2),
(2696, 'admin', 4, 4, '列表', '2017-12-14 12:00:45', '127.0.0.1', 2),
(2695, 'admin', 4, 4, 'id:89', '2017-12-14 11:58:47', '127.0.0.1', 8),
(2694, 'admin', 4, 5, 'id:89', '2017-12-14 11:58:45', '127.0.0.1', 8),
(2693, 'admin', 4, 5, '列表', '2017-12-14 11:58:37', '127.0.0.1', 2),
(2692, 'admin', 4, 4, '列表', '2017-12-14 11:58:34', '127.0.0.1', 2),
(2691, 'admin', 4, 4, 'id:89', '2017-12-14 11:58:30', '127.0.0.1', 4),
(2690, 'admin', 4, 4, '列表', '2017-12-14 11:58:19', '127.0.0.1', 2),
(2689, 'admin', 3, 3, 'id:27', '2017-12-14 11:58:02', '127.0.0.1', 8),
(2688, 'admin', 3, 4, 'id:27', '2017-12-14 11:58:00', '127.0.0.1', 8),
(2687, 'admin', 3, 3, '列表', '2017-12-14 11:57:51', '127.0.0.1', 2),
(2686, 'admin', 3, 4, '列表', '2017-12-14 11:55:45', '127.0.0.1', 2),
(2685, 'admin', 3, 3, 'id:27', '2017-12-14 11:55:30', '127.0.0.1', 8),
(2684, 'admin', 3, 4, 'id:27', '2017-12-14 11:55:28', '127.0.0.1', 8),
(2683, 'admin', 3, 4, '列表', '2017-12-14 11:55:20', '127.0.0.1', 2),
(2682, 'admin', 3, 3, 'id:27', '2017-12-14 11:55:16', '127.0.0.1', 4),
(2681, 'admin', 3, 3, 'id:24', '2017-12-14 11:53:50', '127.0.0.1', 8),
(2680, 'admin', 3, 3, '列表', '2017-12-14 11:53:42', '127.0.0.1', 2),
(2679, 'admin', 3, 4, 'id:24', '2017-12-14 11:53:41', '127.0.0.1', 8),
(2678, 'admin', 3, 4, '列表', '2017-12-14 11:52:22', '127.0.0.1', 2),
(2677, 'admin', 3, 4, 'id:26', '2017-12-14 11:51:36', '127.0.0.1', 8),
(2676, 'admin', 3, 4, '列表', '2017-12-14 11:51:29', '127.0.0.1', 2),
(2675, 'admin', 3, 3, 'id:26', '2017-12-14 11:50:43', '127.0.0.1', 8),
(2674, 'admin', 3, 4, 'id:26', '2017-12-14 11:50:34', '127.0.0.1', 8),
(2673, 'admin', 3, 4, '列表', '2017-12-14 11:50:30', '127.0.0.1', 2),
(2672, 'admin', 3, 3, '列表', '2017-12-14 11:50:20', '127.0.0.1', 2),
(2671, 'admin', 3, 3, '列表', '2017-12-14 11:50:15', '127.0.0.1', 2),
(2670, 'admin', 4, 4, '列表', '2017-12-14 11:48:19', '127.0.0.1', 2),
(2669, 'admin', 4, 6, '列表', '2017-12-14 11:48:12', '127.0.0.1', 2),
(2668, 'admin', 4, 4, '列表', '2017-12-14 11:47:08', '127.0.0.1', 2),
(2667, 'admin', 4, 4, 'id:88', '2017-12-14 11:46:57', '127.0.0.1', 8),
(2666, 'admin', 4, 5, 'id:88', '2017-12-14 11:46:49', '127.0.0.1', 8),
(2665, 'admin', 4, 5, '列表', '2017-12-14 11:46:45', '127.0.0.1', 2),
(2664, 'admin', 4, 5, 'id:88', '2017-12-14 11:46:38', '127.0.0.1', 8),
(2663, 'admin', 4, 5, '列表', '2017-12-14 11:46:29', '127.0.0.1', 2),
(2662, 'admin', 4, 4, '列表', '2017-12-14 11:46:28', '127.0.0.1', 2),
(2661, 'admin', 4, 4, 'id:88', '2017-12-14 11:46:26', '127.0.0.1', 4),
(2660, 'admin', 4, 5, 'id:87', '2017-12-14 11:46:06', '127.0.0.1', 8),
(2659, 'admin', 4, 4, 'id:87', '2017-12-14 11:46:02', '127.0.0.1', 8),
(2658, 'admin', 4, 5, '列表', '2017-12-14 11:45:57', '127.0.0.1', 2),
(2657, 'admin', 4, 4, '列表', '2017-12-14 11:45:53', '127.0.0.1', 2),
(2656, 'admin', 4, 4, 'id:87', '2017-12-14 11:45:22', '127.0.0.1', 8),
(2655, 'admin', 4, 5, 'id:87', '2017-12-14 11:45:15', '127.0.0.1', 8),
(2654, 'admin', 4, 5, '列表', '2017-12-14 11:45:11', '127.0.0.1', 2),
(2653, 'admin', 4, 4, '列表', '2017-12-14 11:44:22', '127.0.0.1', 2),
(2652, 'admin', 4, 4, 'id:87', '2017-12-14 11:43:27', '127.0.0.1', 8),
(2651, 'admin', 4, 4, '列表', '2017-12-14 11:43:10', '127.0.0.1', 2),
(2650, 'admin', 4, 4, 'id:87', '2017-12-14 11:42:08', '127.0.0.1', 8),
(2649, 'admin', 4, 4, '列表', '2017-12-14 11:40:52', '127.0.0.1', 2),
(2648, 'admin', 4, 5, 'id:87', '2017-12-14 11:40:49', '127.0.0.1', 8),
(2647, 'admin', 4, 4, 'id:87', '2017-12-14 11:40:46', '127.0.0.1', 8),
(2646, 'admin', 4, 4, 'id:87', '2017-12-14 11:40:37', '127.0.0.1', 4),
(2645, 'admin', 4, 4, '列表', '2017-12-14 11:38:15', '127.0.0.1', 2),
(2644, 'admin', 4, 6, '列表', '2017-12-14 11:38:08', '127.0.0.1', 2),
(2643, 'admin', 4, 5, '列表', '2017-12-14 11:38:05', '127.0.0.1', 2),
(2642, 'admin', 4, 4, 'id:86', '2017-12-14 11:38:03', '127.0.0.1', 8),
(2641, 'admin', 4, 4, '列表', '2017-12-14 11:38:00', '127.0.0.1', 2),
(2640, 'admin', 4, 4, 'id:86', '2017-12-14 11:37:35', '127.0.0.1', 8),
(2639, 'admin', 4, 4, '列表', '2017-12-14 11:37:11', '127.0.0.1', 2),
(2638, 'admin', 4, 4, 'id:86', '2017-12-14 11:36:49', '127.0.0.1', 8),
(2637, 'admin', 4, 4, '列表', '2017-12-14 11:36:34', '127.0.0.1', 2),
(2636, 'admin', 4, 4, 'id:86', '2017-12-14 11:36:02', '127.0.0.1', 8),
(2635, 'admin', 4, 4, '列表', '2017-12-14 11:35:45', '127.0.0.1', 2),
(2634, 'admin', 4, 4, 'id:86', '2017-12-14 11:34:21', '127.0.0.1', 8),
(2633, 'admin', 4, 4, '列表', '2017-12-14 11:34:05', '127.0.0.1', 2),
(2632, 'admin', 4, 4, 'id:86', '2017-12-14 11:33:35', '127.0.0.1', 8),
(2631, 'admin', 4, 4, '列表', '2017-12-14 11:33:13', '127.0.0.1', 2),
(2630, 'admin', 4, 4, 'id:86', '2017-12-14 11:31:48', '127.0.0.1', 8),
(2629, 'admin', 4, 4, '列表', '2017-12-14 11:31:28', '127.0.0.1', 2),
(2628, 'admin', 4, 4, 'id:86', '2017-12-14 11:31:05', '127.0.0.1', 8),
(2627, 'admin', 4, 4, '列表', '2017-12-14 11:30:48', '127.0.0.1', 2),
(2626, 'admin', 4, 4, 'id:86', '2017-12-14 11:29:01', '127.0.0.1', 8),
(2625, 'admin', 4, 4, '列表', '2017-12-14 11:28:44', '127.0.0.1', 2),
(2624, 'admin', 4, 4, 'id:86', '2017-12-14 11:27:24', '127.0.0.1', 8),
(2623, 'admin', 4, 4, '列表', '2017-12-14 11:27:09', '127.0.0.1', 2),
(2622, 'admin', 4, 4, 'id:86', '2017-12-14 11:24:29', '127.0.0.1', 8),
(2621, 'admin', 4, 4, '列表', '2017-12-14 11:24:10', '127.0.0.1', 2),
(2620, 'admin', 4, 4, 'id:86', '2017-12-14 11:19:37', '127.0.0.1', 8),
(2619, 'admin', 4, 4, '列表', '2017-12-14 11:19:25', '127.0.0.1', 2),
(2618, 'admin', 4, 5, 'id:86', '2017-12-14 11:19:08', '127.0.0.1', 8),
(2617, 'admin', 4, 5, '列表', '2017-12-14 11:19:03', '127.0.0.1', 2),
(2616, 'admin', 4, 4, 'id:86', '2017-12-14 11:18:58', '127.0.0.1', 8),
(2615, 'admin', 4, 4, '列表', '2017-12-14 11:18:45', '127.0.0.1', 2),
(2614, 'admin', 4, 4, 'id:86', '2017-12-14 11:18:08', '127.0.0.1', 8),
(2613, 'admin', 4, 4, '列表', '2017-12-14 11:17:38', '127.0.0.1', 2),
(2612, 'admin', 4, 4, 'id:86', '2017-12-14 11:17:07', '127.0.0.1', 8),
(2611, 'admin', 4, 4, '列表', '2017-12-14 11:16:50', '127.0.0.1', 2),
(2610, 'admin', 4, 4, 'id:86', '2017-12-14 11:16:08', '127.0.0.1', 8),
(2609, 'admin', 4, 4, '列表', '2017-12-14 11:15:43', '127.0.0.1', 2),
(2608, 'admin', 4, 4, 'id:86', '2017-12-14 11:15:08', '127.0.0.1', 8),
(2607, 'admin', 4, 4, '列表', '2017-12-14 11:14:48', '127.0.0.1', 2),
(2606, 'admin', 4, 4, 'id:86', '2017-12-14 11:14:19', '127.0.0.1', 8),
(2605, 'admin', 4, 4, '列表', '2017-12-14 11:14:02', '127.0.0.1', 2),
(2604, 'admin', 4, 4, 'id:86', '2017-12-14 11:11:34', '127.0.0.1', 8),
(2603, 'admin', 4, 4, '列表', '2017-12-14 11:09:08', '127.0.0.1', 2),
(2602, 'admin', 4, 4, 'id:86', '2017-12-14 11:08:54', '127.0.0.1', 8),
(2601, 'admin', 4, 4, '列表', '2017-12-14 11:08:44', '127.0.0.1', 2),
(2600, 'admin', 4, 5, 'id:86', '2017-12-14 11:08:43', '127.0.0.1', 8),
(2599, 'admin', 4, 5, '列表', '2017-12-14 11:08:38', '127.0.0.1', 2),
(2598, 'admin', 4, 4, 'id:86', '2017-12-14 11:07:56', '127.0.0.1', 8),
(2597, 'admin', 4, 5, 'id:86', '2017-12-14 11:07:51', '127.0.0.1', 8),
(2596, 'admin', 4, 5, '列表', '2017-12-14 11:07:45', '127.0.0.1', 2),
(2595, 'admin', 4, 4, '列表', '2017-12-14 11:05:39', '127.0.0.1', 2),
(2594, 'admin', 4, 4, 'id:86', '2017-12-14 11:05:28', '127.0.0.1', 8),
(2593, 'admin', 4, 5, 'id:86', '2017-12-14 11:05:23', '127.0.0.1', 8),
(2592, 'admin', 4, 5, '列表', '2017-12-14 11:05:18', '127.0.0.1', 2),
(2591, 'admin', 4, 4, 'id:86', '2017-12-14 11:05:13', '127.0.0.1', 4),
(2590, 'admin', 4, 4, '列表', '2017-12-14 11:05:00', '127.0.0.1', 2),
(2589, 'admin', 4, 5, '列表', '2017-12-14 11:04:40', '127.0.0.1', 2),
(2588, 'admin', 4, 4, 'id:85', '2017-12-14 11:04:38', '127.0.0.1', 8),
(2587, 'admin', 4, 4, 'id:85', '2017-12-14 11:04:32', '127.0.0.1', 4),
(2586, 'admin', 4, 4, '列表', '2017-12-14 11:03:43', '127.0.0.1', 2),
(2585, 'admin', 4, 4, 'id:84', '2017-12-14 11:02:36', '127.0.0.1', 8),
(2584, 'admin', 4, 5, 'id:84', '2017-12-14 11:02:32', '127.0.0.1', 8),
(2583, 'admin', 4, 5, '列表', '2017-12-14 11:02:27', '127.0.0.1', 2),
(2582, 'admin', 4, 4, 'id:84', '2017-12-14 11:02:22', '127.0.0.1', 4),
(2581, 'admin', 4, 4, 'id:83', '2017-12-14 11:00:32', '127.0.0.1', 8),
(2580, 'admin', 4, 5, 'id:83', '2017-12-14 11:00:28', '127.0.0.1', 8),
(2579, 'admin', 4, 5, '列表', '2017-12-14 11:00:21', '127.0.0.1', 2),
(2578, 'admin', 4, 4, 'id:83', '2017-12-14 11:00:17', '127.0.0.1', 4),
(2577, 'admin', 4, 4, 'id:82', '2017-12-14 10:44:52', '127.0.0.1', 8),
(2576, 'admin', 4, 5, 'id:82', '2017-12-14 10:44:45', '127.0.0.1', 8),
(2575, 'admin', 4, 5, '列表', '2017-12-14 10:44:38', '127.0.0.1', 2),
(2574, 'admin', 4, 4, 'id:82', '2017-12-14 10:44:35', '127.0.0.1', 4),
(2573, 'admin', 4, 4, '列表', '2017-12-14 10:44:21', '127.0.0.1', 2),
(2572, 'admin', 4, 4, 'id:81', '2017-12-14 10:43:44', '127.0.0.1', 8),
(2571, 'admin', 4, 4, '列表', '2017-12-14 10:43:41', '127.0.0.1', 2),
(2570, 'admin', 4, 4, 'id:81', '2017-12-14 10:43:11', '127.0.0.1', 8),
(2569, 'admin', 4, 4, '列表', '2017-12-14 10:42:51', '127.0.0.1', 2),
(2568, 'admin', 4, 4, 'id:81', '2017-12-14 10:42:45', '127.0.0.1', 8),
(2567, 'admin', 4, 4, '列表', '2017-12-14 10:42:41', '127.0.0.1', 2),
(2566, 'admin', 4, 4, 'id:81', '2017-12-14 10:42:16', '127.0.0.1', 8),
(2565, 'admin', 4, 4, '列表', '2017-12-14 10:42:12', '127.0.0.1', 2),
(2564, 'admin', 4, 4, 'id:81', '2017-12-14 10:40:57', '127.0.0.1', 8),
(2563, 'admin', 4, 5, 'id:81', '2017-12-14 10:39:29', '127.0.0.1', 8),
(2562, 'admin', 4, 5, '列表', '2017-12-14 10:39:24', '127.0.0.1', 2),
(2561, 'admin', 4, 4, '列表', '2017-12-14 10:39:21', '127.0.0.1', 2),
(2560, 'admin', 4, 4, 'id:81', '2017-12-14 10:38:01', '127.0.0.1', 8),
(2559, 'admin', 4, 4, '列表', '2017-12-14 10:37:56', '127.0.0.1', 2),
(2558, 'admin', 4, 5, 'id:81', '2017-12-14 10:34:24', '127.0.0.1', 8),
(2557, 'admin', 4, 4, 'id:81', '2017-12-14 10:34:11', '127.0.0.1', 8),
(2556, 'admin', 4, 4, '列表', '2017-12-14 10:33:50', '127.0.0.1', 2),
(2555, 'admin', 4, 4, 'id:81', '2017-12-14 10:32:17', '127.0.0.1', 8),
(2554, 'admin', 4, 4, '列表', '2017-12-14 10:32:13', '127.0.0.1', 2),
(2553, 'admin', 4, 4, 'id:81', '2017-12-14 10:31:46', '127.0.0.1', 8),
(2552, 'admin', 4, 4, '列表', '2017-12-14 10:31:43', '127.0.0.1', 2),
(2551, 'admin', 4, 4, 'id:81', '2017-12-14 10:29:59', '127.0.0.1', 8),
(2550, 'admin', 4, 4, '列表', '2017-12-14 10:29:17', '127.0.0.1', 2),
(2549, 'admin', 4, 4, 'id:81', '2017-12-14 10:28:15', '127.0.0.1', 8),
(2548, 'admin', 4, 4, '列表', '2017-12-14 10:28:11', '127.0.0.1', 2),
(2547, 'admin', 4, 4, 'id:81', '2017-12-14 10:25:38', '127.0.0.1', 8),
(2546, 'admin', 4, 4, '列表', '2017-12-14 10:25:34', '127.0.0.1', 2),
(2545, 'admin', 4, 5, '列表', '2017-12-14 10:25:32', '127.0.0.1', 2),
(2544, 'admin', 4, 4, 'id:81', '2017-12-14 10:25:21', '127.0.0.1', 8),
(2543, 'admin', 4, 5, 'id:81', '2017-12-14 10:25:18', '127.0.0.1', 8),
(2542, 'admin', 4, 5, '列表', '2017-12-14 10:25:11', '127.0.0.1', 2),
(2541, 'admin', 4, 4, 'id:81', '2017-12-14 10:25:08', '127.0.0.1', 4),
(2540, 'admin', 4, 4, '列表', '2017-12-14 10:24:53', '127.0.0.1', 2),
(2539, 'admin', 4, 4, 'id:80', '2017-12-14 10:24:29', '127.0.0.1', 8),
(2538, 'admin', 4, 5, 'id:80', '2017-12-14 10:24:26', '127.0.0.1', 8),
(2537, 'admin', 4, 5, '列表', '2017-12-14 10:24:20', '127.0.0.1', 2),
(2536, 'admin', 4, 4, '列表', '2017-12-14 10:24:18', '127.0.0.1', 2),
(2535, 'admin', 4, 4, 'id:80', '2017-12-14 10:24:16', '127.0.0.1', 4),
(2534, 'admin', 4, 4, 'id:78', '2017-12-14 10:24:01', '127.0.0.1', 8),
(2533, 'admin', 4, 5, 'id:78', '2017-12-14 10:23:56', '127.0.0.1', 8),
(2532, 'admin', 4, 4, '列表', '2017-12-14 10:23:49', '127.0.0.1', 2),
(2531, 'admin', 4, 4, 'id:79', '2017-12-14 10:22:34', '127.0.0.1', 8),
(2530, 'admin', 4, 4, '列表', '2017-12-14 10:22:11', '127.0.0.1', 2),
(2529, 'admin', 4, 4, 'id:79', '2017-12-14 10:21:25', '127.0.0.1', 8),
(2528, 'admin', 4, 4, '列表', '2017-12-14 10:21:22', '127.0.0.1', 2),
(2527, 'admin', 4, 4, 'id:79', '2017-12-14 10:19:35', '127.0.0.1', 8),
(2526, 'admin', 4, 4, '列表', '2017-12-14 10:18:51', '127.0.0.1', 2),
(2525, 'admin', 4, 4, 'id:79', '2017-12-14 10:17:46', '127.0.0.1', 8),
(2524, 'admin', 4, 4, '列表', '2017-12-14 10:17:32', '127.0.0.1', 2),
(2523, 'admin', 4, 4, 'id:79', '2017-12-14 10:16:58', '127.0.0.1', 8),
(2522, 'admin', 4, 4, '列表', '2017-12-14 10:16:43', '127.0.0.1', 2),
(2521, 'admin', 4, 4, 'id:79', '2017-12-14 10:16:10', '127.0.0.1', 8),
(2520, 'admin', 4, 4, '列表', '2017-12-14 10:15:54', '127.0.0.1', 2),
(2519, 'admin', 4, 4, 'id:79', '2017-12-14 10:15:06', '127.0.0.1', 8),
(2518, 'admin', 4, 4, '列表', '2017-12-14 10:14:58', '127.0.0.1', 2),
(2517, 'admin', 4, 4, 'id:79', '2017-12-14 10:14:44', '127.0.0.1', 8),
(2516, 'admin', 4, 5, 'id:79', '2017-12-14 10:14:42', '127.0.0.1', 8),
(2515, 'admin', 4, 5, '列表', '2017-12-14 10:14:34', '127.0.0.1', 2),
(2514, 'admin', 4, 4, 'id:79', '2017-12-14 10:14:30', '127.0.0.1', 4),
(2513, 'admin', 4, 4, '列表', '2017-12-14 10:04:24', '127.0.0.1', 2),
(2512, 'admin', 4, 5, 'id:78', '2017-12-14 10:03:57', '127.0.0.1', 8),
(2511, 'admin', 4, 5, '列表', '2017-12-14 10:03:53', '127.0.0.1', 2),
(2510, 'admin', 4, 4, '列表', '2017-12-14 10:03:46', '127.0.0.1', 2),
(2509, 'admin', 4, 4, 'id:78', '2017-12-14 10:03:33', '127.0.0.1', 4),
(2508, 'admin', 4, 4, '列表', '2017-12-14 09:55:16', '127.0.0.1', 2),
(2507, 'admin', 4, 5, '列表', '2017-12-14 09:55:15', '127.0.0.1', 2),
(2506, 'admin', 4, 4, '列表', '2017-12-14 09:48:57', '127.0.0.1', 2),
(2505, 'admin', 4, 6, '列表', '2017-12-14 09:48:48', '127.0.0.1', 2),
(2504, 'admin', 4, 4, '列表', '2017-12-14 09:48:46', '127.0.0.1', 2),
(2503, 'admin', 4, 4, 'id:77', '2017-12-14 09:48:28', '127.0.0.1', 8),
(2502, 'admin', 4, 4, 'id:77', '2017-12-14 09:43:43', '127.0.0.1', 4),
(2501, 'admin', 4, 4, '列表', '2017-12-14 09:42:56', '127.0.0.1', 2),
(2500, 'admin', 0, 0, 'admin登入成功', '2017-12-14 09:42:47', '127.0.0.1', 1),
(2499, 'admin', 3, 3, '列表', '2017-12-14 09:41:02', '127.0.0.1', 2),
(2498, 'admin', 3, 5, '列表', '2017-12-14 09:41:01', '127.0.0.1', 2),
(2497, 'admin', 3, 4, '列表', '2017-12-14 09:40:45', '127.0.0.1', 2),
(2496, 'admin', 3, 3, '列表', '2017-12-14 09:40:44', '127.0.0.1', 2),
(2495, 'admin', 3, 5, '列表', '2017-12-14 09:39:54', '127.0.0.1', 2),
(2494, 'admin', 3, 4, '列表', '2017-12-14 09:39:53', '127.0.0.1', 2),
(2493, 'admin', 3, 3, '列表', '2017-12-14 09:38:35', '127.0.0.1', 2),
(2492, 'admin', 3, 5, '列表', '2017-12-14 09:38:34', '127.0.0.1', 2),
(2491, 'admin', 3, 4, '列表', '2017-12-14 09:38:33', '127.0.0.1', 2),
(2490, 'admin', 3, 3, '列表', '2017-12-14 09:38:31', '127.0.0.1', 2),
(2489, 'admin', 3, 2, '列表', '2017-12-14 09:27:29', '127.0.0.1', 2),
(2488, 'admin', 3, 5, '列表', '2017-12-14 09:27:27', '127.0.0.1', 2),
(2487, 'admin', 3, 4, '列表', '2017-12-14 09:27:25', '127.0.0.1', 2),
(2486, 'admin', 3, 3, '列表', '2017-12-14 09:08:26', '127.0.0.1', 2),
(2485, 'admin', 0, 0, 'admin登入成功', '2017-12-14 09:08:18', '127.0.0.1', 1),
(2484, 'admin', 4, 4, '列表', '2017-12-13 17:40:14', '127.0.0.1', 2),
(2483, 'admin', 4, 4, 'id:71', '2017-12-13 17:29:54', '127.0.0.1', 8),
(2482, 'admin', 4, 4, '列表', '2017-12-13 16:39:56', '127.0.0.1', 2),
(2481, 'money', 4, 5, 'id:71', '2017-12-13 16:39:55', '127.0.0.1', 8),
(2480, 'money', 4, 5, '列表', '2017-12-13 16:37:43', '127.0.0.1', 2),
(2479, 'admin', 4, 4, 'id:76', '2017-12-13 16:37:41', '127.0.0.1', 8),
(2478, 'money', 4, 5, 'id:76', '2017-12-13 16:37:30', '127.0.0.1', 8),
(2477, 'money', 4, 5, '列表', '2017-12-13 16:37:24', '127.0.0.1', 2),
(2476, 'money', 4, 5, 'id:76', '2017-12-13 16:35:56', '127.0.0.1', 8),
(2475, 'money', 4, 5, '列表', '2017-12-13 16:35:47', '127.0.0.1', 2),
(2474, 'money', 4, 5, 'id:76', '2017-12-13 16:31:49', '127.0.0.1', 8),
(2473, 'money', 4, 5, '列表', '2017-12-13 16:31:39', '127.0.0.1', 2),
(2472, 'admin', 4, 4, '列表', '2017-12-13 16:31:08', '127.0.0.1', 2),
(2471, 'money', 4, 5, 'id:76', '2017-12-13 16:29:57', '127.0.0.1', 8),
(2470, 'money', 4, 5, '列表', '2017-12-13 16:29:51', '127.0.0.1', 2),
(2469, 'money', 0, 0, 'money登入成功', '2017-12-13 16:29:40', '127.0.0.1', 1),
(2468, 'admin', 4, 4, 'id:76', '2017-12-13 16:29:19', '127.0.0.1', 4),
(2467, 'admin', 4, 4, '列表', '2017-12-13 16:23:56', '127.0.0.1', 2),
(2466, 'admin', 4, 5, '列表', '2017-12-13 16:21:27', '127.0.0.1', 2),
(2465, 'admin', 4, 6, '列表', '2017-12-13 16:21:15', '127.0.0.1', 2),
(2464, 'admin', 4, 4, '列表', '2017-12-13 16:21:13', '127.0.0.1', 2),
(2463, 'admin', 4, 5, '列表', '2017-12-13 16:21:11', '127.0.0.1', 2),
(2462, 'admin', 4, 6, '列表', '2017-12-13 16:21:10', '127.0.0.1', 2),
(2461, 'admin', 4, 4, '列表', '2017-12-13 16:19:44', '127.0.0.1', 2),
(2460, 'admin', 3, 2, '列表', '2017-12-13 16:19:38', '127.0.0.1', 2),
(2459, 'admin', 4, 5, '列表', '2017-12-13 16:19:29', '127.0.0.1', 2),
(2458, 'admin', 3, 3, '列表', '2017-12-13 16:19:19', '127.0.0.1', 2),
(2457, 'admin', 4, 4, '列表', '2017-12-13 16:18:03', '127.0.0.1', 2),
(2456, 'admin', 4, 6, '列表', '2017-12-13 16:09:03', '127.0.0.1', 2),
(2455, 'admin', 1, 1, '列表', '2017-12-13 16:04:14', '127.0.0.1', 2),
(2454, 'admin', 2, 1, '列表', '2017-12-13 16:04:10', '127.0.0.1', 2),
(2453, 'admin', 0, 0, 'admin登入成功', '2017-12-13 16:03:58', '127.0.0.1', 1),
(2452, 'customer', 3, 3, '列表', '2017-12-13 15:55:37', '127.0.0.1', 2),
(2451, 'money', 3, 5, '列表', '2017-12-13 15:52:37', '127.0.0.1', 2),
(2450, 'money', 3, 1, '列表', '2017-12-13 15:52:30', '127.0.0.1', 2),
(2449, 'money', 3, 3, '列表', '2017-12-13 15:52:29', '127.0.0.1', 2),
(2448, 'money', 3, 4, '列表', '2017-12-13 15:52:29', '127.0.0.1', 2),
(2447, 'money', 3, 5, '列表', '2017-12-13 15:52:28', '127.0.0.1', 2),
(2446, 'customer', 3, 5, '列表', '2017-12-13 15:51:58', '127.0.0.1', 2),
(2445, 'money', 3, 4, 'id:26', '2017-12-13 15:51:53', '127.0.0.1', 8),
(2444, 'money', 3, 4, '列表', '2017-12-13 15:51:42', '127.0.0.1', 2),
(2443, 'money', 3, 5, '列表', '2017-12-13 15:51:34', '127.0.0.1', 2),
(2442, 'customer', 3, 3, 'id:26', '2017-12-13 15:51:32', '127.0.0.1', 4),
(2441, 'money', 3, 3, '列表', '2017-12-13 15:50:26', '127.0.0.1', 2),
(2440, 'money', 3, 5, '列表', '2017-12-13 15:50:24', '127.0.0.1', 2),
(2439, 'money', 3, 3, '列表', '2017-12-13 15:50:15', '127.0.0.1', 2),
(2438, 'customer', 3, 3, '列表', '2017-12-13 15:50:11', '127.0.0.1', 2),
(2437, 'customer', 4, 6, '列表', '2017-12-13 15:47:17', '127.0.0.1', 2),
(2436, 'money', 4, 5, 'id:71', '2017-12-13 15:47:16', '127.0.0.1', 8),
(2435, 'money', 4, 5, '列表', '2017-12-13 15:46:25', '127.0.0.1', 2),
(2434, 'customer', 4, 4, '列表', '2017-12-13 15:46:15', '127.0.0.1', 2),
(2433, 'customer', 4, 6, '列表', '2017-12-13 15:46:05', '127.0.0.1', 2),
(2432, 'customer', 4, 4, 'id:75', '2017-12-13 15:44:21', '127.0.0.1', 8),
(2431, 'customer', 4, 4, 'id:75', '2017-12-13 15:41:21', '127.0.0.1', 4),
(2430, 'customer', 4, 4, 'id:74', '2017-12-13 15:39:37', '127.0.0.1', 8),
(2429, 'customer', 4, 4, '列表', '2017-12-13 15:39:31', '127.0.0.1', 2),
(2428, 'customer', 4, 6, '列表', '2017-12-13 15:38:58', '127.0.0.1', 2),
(2427, 'customer', 4, 4, 'id:74', '2017-12-13 15:34:50', '127.0.0.1', 8),
(2426, 'customer', 4, 4, 'id:74', '2017-12-13 15:34:34', '127.0.0.1', 4),
(2425, 'customer', 4, 4, 'id:73', '2017-12-13 15:33:16', '127.0.0.1', 8),
(2424, 'money', 4, 5, 'id:73', '2017-12-13 15:33:11', '127.0.0.1', 8),
(2423, 'money', 4, 5, '列表', '2017-12-13 15:33:03', '127.0.0.1', 2),
(2422, 'money', 0, 0, 'money登入成功', '2017-12-13 15:32:58', '127.0.0.1', 1),
(2421, 'customer', 4, 4, 'id:73', '2017-12-13 15:31:19', '127.0.0.1', 4),
(2420, 'customer', 4, 4, '列表', '2017-12-13 15:31:04', '127.0.0.1', 2),
(2419, 'customer', 0, 0, 'customer登入成功', '2017-12-13 15:30:59', '127.0.0.1', 1),
(2418, 'admin', 4, 4, '列表', '2017-12-13 15:30:48', '127.0.0.1', 2),
(2417, 'admin', 3, 4, '列表', '2017-12-13 15:29:41', '127.0.0.1', 2),
(2416, 'admin', 1, 1, '列表', '2017-12-13 15:28:43', '127.0.0.1', 2),
(2415, 'admin', 4, 4, '列表', '2017-12-13 15:28:37', '127.0.0.1', 2),
(2414, 'admin', 3, 4, '列表', '2017-12-13 15:28:35', '127.0.0.1', 2),
(2413, 'admin', 1, 1, '列表', '2017-12-13 15:28:20', '127.0.0.1', 2),
(2412, 'admin', 4, 4, '列表', '2017-12-13 15:28:03', '127.0.0.1', 2),
(2411, 'admin', 1, 1, '列表', '2017-12-13 15:27:47', '127.0.0.1', 2),
(2410, 'admin', 4, 5, '列表', '2017-12-13 15:27:43', '127.0.0.1', 2),
(2409, 'admin', 4, 3, '列表', '2017-12-13 15:27:42', '127.0.0.1', 2),
(2408, 'admin', 4, 4, '列表', '2017-12-13 15:27:34', '127.0.0.1', 2),
(2407, 'admin', 3, 3, '列表', '2017-12-13 15:27:32', '127.0.0.1', 2),
(2406, 'admin', 3, 5, '列表', '2017-12-13 15:27:31', '127.0.0.1', 2),
(2405, 'admin', 3, 4, '列表', '2017-12-13 15:26:58', '127.0.0.1', 2),
(2404, 'admin', 3, 3, '列表', '2017-12-13 15:25:40', '127.0.0.1', 2),
(2403, 'admin', 4, 4, '列表', '2017-12-13 15:25:12', '127.0.0.1', 2),
(2402, 'admin', 3, 3, '列表', '2017-12-13 15:25:10', '127.0.0.1', 2),
(2401, 'admin', 3, 4, '列表', '2017-12-13 15:24:30', '127.0.0.1', 2),
(2400, 'admin', 3, 5, '列表', '2017-12-13 15:24:28', '127.0.0.1', 2),
(2399, 'admin', 3, 4, '列表', '2017-12-13 15:24:23', '127.0.0.1', 2),
(2398, 'admin', 3, 3, '列表', '2017-12-13 15:24:22', '127.0.0.1', 2),
(2397, 'admin', 3, 4, '列表', '2017-12-13 15:24:19', '127.0.0.1', 2),
(2396, 'admin', 3, 3, '列表', '2017-12-13 15:23:32', '127.0.0.1', 2),
(2395, 'admin', 3, 5, '列表', '2017-12-13 15:23:11', '127.0.0.1', 2),
(2394, 'admin', 3, 3, '列表', '2017-12-13 15:21:54', '127.0.0.1', 2),
(2393, 'admin', 4, 4, '列表', '2017-12-13 15:21:50', '127.0.0.1', 2),
(2392, 'admin', 4, 6, '列表', '2017-12-13 15:21:46', '127.0.0.1', 2),
(2391, 'admin', 4, 5, '列表', '2017-12-13 15:21:45', '127.0.0.1', 2),
(2390, 'admin', 4, 4, '列表', '2017-12-13 15:21:43', '127.0.0.1', 2),
(2389, 'admin', 3, 5, '列表', '2017-12-13 15:21:41', '127.0.0.1', 2),
(2388, 'admin', 3, 4, '列表', '2017-12-13 15:21:12', '127.0.0.1', 2),
(2387, 'admin', 3, 5, '列表', '2017-12-13 15:21:10', '127.0.0.1', 2),
(2386, 'admin', 3, 3, '列表', '2017-12-13 15:20:38', '127.0.0.1', 2),
(2385, 'admin', 3, 4, '列表', '2017-12-13 15:20:37', '127.0.0.1', 2),
(2384, 'admin', 3, 5, '列表', '2017-12-13 15:20:23', '127.0.0.1', 2),
(2383, 'admin', 3, 4, '列表', '2017-12-13 15:19:54', '127.0.0.1', 2),
(2382, 'admin', 3, 3, '列表', '2017-12-13 15:19:51', '127.0.0.1', 2),
(2381, 'admin', 3, 4, '列表', '2017-12-13 15:19:49', '127.0.0.1', 2),
(2380, 'admin', 3, 5, '列表', '2017-12-13 15:19:47', '127.0.0.1', 2),
(2379, 'admin', 3, 4, '列表', '2017-12-13 15:19:39', '127.0.0.1', 2),
(2378, 'admin', 4, 6, '列表', '2017-12-13 15:19:37', '127.0.0.1', 2),
(2377, 'admin', 4, 5, '列表', '2017-12-13 15:19:36', '127.0.0.1', 2),
(2376, 'admin', 4, 4, '列表', '2017-12-13 15:19:31', '127.0.0.1', 2),
(2375, 'admin', 4, 3, '列表', '2017-12-13 15:19:28', '127.0.0.1', 2),
(2374, 'admin', 3, 5, '列表', '2017-12-13 15:19:25', '127.0.0.1', 2),
(2373, 'admin', 3, 4, '列表', '2017-12-13 15:19:24', '127.0.0.1', 2),
(2372, 'admin', 3, 3, '列表', '2017-12-13 15:19:13', '127.0.0.1', 2),
(2371, 'admin', 4, 2, '列表', '2017-12-13 15:18:52', '127.0.0.1', 2),
(2370, 'admin', 4, 6, '列表', '2017-12-13 15:18:30', '127.0.0.1', 2),
(2369, 'admin', 4, 5, '列表', '2017-12-13 15:18:29', '127.0.0.1', 2),
(2368, 'admin', 4, 4, '列表', '2017-12-13 15:18:28', '127.0.0.1', 2),
(2367, 'admin', 4, 3, '1筆資料(\'4\')', '2017-12-13 15:18:26', '127.0.0.1', 16),
(2366, 'admin', 4, 3, '列表', '2017-12-13 15:18:21', '127.0.0.1', 2),
(2365, 'admin', 4, 4, '列表', '2017-12-13 15:18:18', '127.0.0.1', 2),
(2364, 'admin', 4, 3, '列表', '2017-12-13 15:18:14', '127.0.0.1', 2),
(2363, 'admin', 4, 6, '列表', '2017-12-13 15:18:10', '127.0.0.1', 2),
(2362, 'admin', 4, 5, '列表', '2017-12-13 15:17:51', '127.0.0.1', 2),
(2361, 'admin', 3, 4, '列表', '2017-12-13 15:16:57', '127.0.0.1', 2),
(2360, 'admin', 3, 3, 'id:25', '2017-12-13 15:16:55', '127.0.0.1', 8),
(2359, 'admin', 3, 3, '列表', '2017-12-13 15:16:47', '127.0.0.1', 2),
(2358, 'admin', 3, 4, '列表', '2017-12-13 15:16:40', '127.0.0.1', 2),
(2357, 'admin', 4, 5, '列表', '2017-12-13 15:15:49', '127.0.0.1', 2),
(2356, 'admin', 4, 4, '列表', '2017-12-13 15:15:40', '127.0.0.1', 2),
(2355, 'admin', 4, 5, '列表', '2017-12-13 15:15:26', '127.0.0.1', 2),
(2354, 'admin', 4, 4, 'id:72', '2017-12-13 15:15:25', '127.0.0.1', 8),
(2353, 'admin', 4, 4, 'id:72', '2017-12-13 15:15:20', '127.0.0.1', 4),
(2352, 'admin', 4, 4, '列表', '2017-12-13 15:15:02', '127.0.0.1', 2),
(2351, 'admin', 4, 5, '列表', '2017-12-13 15:14:39', '127.0.0.1', 2),
(2350, 'admin', 0, 0, 'admin登入成功', '2017-12-13 15:14:35', '127.0.0.1', 1),
(2349, 'customer', 4, 4, '列表', '2017-12-13 15:14:28', '127.0.0.1', 2),
(2348, 'customer', 3, 3, '列表', '2017-12-13 15:12:17', '127.0.0.1', 2),
(2347, 'customer', 0, 0, 'customer登入成功', '2017-12-13 15:11:59', '127.0.0.1', 1),
(2346, 'money', 3, 3, '列表', '2017-12-13 15:11:49', '127.0.0.1', 2),
(2345, 'money', 3, 4, '列表', '2017-12-13 15:02:34', '127.0.0.1', 2),
(2344, 'money', 3, 3, '列表', '2017-12-13 14:58:46', '127.0.0.1', 2),
(2343, 'money', 3, 5, '列表', '2017-12-13 14:45:58', '127.0.0.1', 2),
(2342, 'money', 3, 3, '列表', '2017-12-13 14:45:56', '127.0.0.1', 2),
(2341, 'money', 3, 4, '列表', '2017-12-13 14:44:05', '127.0.0.1', 2),
(2340, 'money', 3, 3, '列表', '2017-12-13 14:43:56', '127.0.0.1', 2),
(2339, 'money', 4, 4, '列表', '2017-12-13 14:42:38', '127.0.0.1', 2),
(2338, 'money', 4, 2, '列表', '2017-12-13 14:42:37', '127.0.0.1', 2),
(2337, 'money', 4, 3, '列表', '2017-12-13 14:42:36', '127.0.0.1', 2),
(2336, 'money', 4, 4, '列表', '2017-12-13 14:42:35', '127.0.0.1', 2),
(2335, 'money', 4, 6, '列表', '2017-12-13 14:42:34', '127.0.0.1', 2),
(2334, 'money', 4, 5, '列表', '2017-12-13 14:42:33', '127.0.0.1', 2),
(2333, 'money', 4, 4, '列表', '2017-12-13 14:42:32', '127.0.0.1', 2),
(2332, 'money', 3, 5, '列表', '2017-12-13 14:42:30', '127.0.0.1', 2),
(2331, 'money', 3, 4, '列表', '2017-12-13 14:42:29', '127.0.0.1', 2),
(2330, 'money', 3, 3, '列表', '2017-12-13 14:42:28', '127.0.0.1', 2),
(2329, 'money', 3, 2, '列表', '2017-12-13 14:38:52', '127.0.0.1', 2),
(2328, 'money', 3, 1, '列表', '2017-12-13 14:38:51', '127.0.0.1', 2),
(2327, 'money', 3, 5, '列表', '2017-12-13 14:38:47', '127.0.0.1', 2),
(2326, 'money', 3, 3, '列表', '2017-12-13 14:38:44', '127.0.0.1', 2),
(2325, 'money', 4, 4, '列表', '2017-12-13 14:38:41', '127.0.0.1', 2),
(2324, 'money', 4, 5, '列表', '2017-12-13 14:38:40', '127.0.0.1', 2),
(2323, 'money', 4, 6, '列表', '2017-12-13 14:38:37', '127.0.0.1', 2),
(2322, 'money', 4, 5, 'id:71', '2017-12-13 14:38:35', '127.0.0.1', 8),
(2321, 'money', 4, 5, '列表', '2017-12-13 14:38:22', '127.0.0.1', 2),
(2320, 'money', 4, 4, '列表', '2017-12-13 14:38:21', '127.0.0.1', 2),
(2319, 'money', 4, 3, '列表', '2017-12-13 14:38:19', '127.0.0.1', 2),
(2318, 'money', 3, 4, '列表', '2017-12-13 14:38:17', '127.0.0.1', 2),
(2317, 'money', 3, 5, '列表', '2017-12-13 14:38:16', '127.0.0.1', 2),
(2316, 'money', 3, 4, '列表', '2017-12-13 14:37:35', '127.0.0.1', 2),
(2315, 'money', 3, 5, '列表', '2017-12-13 14:37:33', '127.0.0.1', 2),
(2314, 'money', 3, 4, '列表', '2017-12-13 14:37:31', '127.0.0.1', 2),
(2313, 'money', 3, 5, '列表', '2017-12-13 14:37:26', '127.0.0.1', 2),
(2312, 'money', 3, 4, 'id:24', '2017-12-13 14:37:23', '127.0.0.1', 8),
(2311, 'money', 3, 4, '列表', '2017-12-13 14:34:36', '127.0.0.1', 2),
(2310, 'money', 3, 3, '列表', '2017-12-13 14:34:35', '127.0.0.1', 2),
(2309, 'money', 0, 0, 'money登入成功', '2017-12-13 14:34:31', '127.0.0.1', 1),
(2308, 'customer', 4, 6, '列表', '2017-12-13 14:34:22', '127.0.0.1', 2),
(2307, 'customer', 3, 5, '列表', '2017-12-13 14:34:18', '127.0.0.1', 2),
(2306, 'customer', 3, 3, 'id:25', '2017-12-13 14:34:15', '127.0.0.1', 8),
(2305, 'customer', 3, 3, 'id:25', '2017-12-13 14:34:09', '127.0.0.1', 4),
(2304, 'customer', 3, 3, '列表', '2017-12-13 14:33:40', '127.0.0.1', 2),
(2303, 'customer', 3, 5, '列表', '2017-12-13 14:33:37', '127.0.0.1', 2),
(2302, 'customer', 3, 2, '國泰 id:2', '2017-12-13 14:33:33', '127.0.0.1', 8),
(2301, 'customer', 3, 2, '列表', '2017-12-13 14:33:18', '127.0.0.1', 2),
(2300, 'customer', 3, 1, '列表', '2017-12-13 14:33:17', '127.0.0.1', 2),
(2299, 'customer', 3, 5, '列表', '2017-12-13 14:33:14', '127.0.0.1', 2),
(2298, 'customer', 3, 2, '1筆資料(\'3\')', '2017-12-13 14:33:13', '127.0.0.1', 16),
(2297, 'customer', 3, 2, '列表', '2017-12-13 14:33:07', '127.0.0.1', 2),
(2296, 'customer', 4, 4, 'id:71', '2017-12-13 14:33:01', '127.0.0.1', 4),
(2295, 'customer', 4, 4, '列表', '2017-12-13 14:32:48', '127.0.0.1', 2),
(2294, 'customer', 4, 3, '列表', '2017-12-13 14:32:44', '127.0.0.1', 2),
(2293, 'customer', 3, 3, '列表', '2017-12-13 14:32:42', '127.0.0.1', 2),
(2291, 'customer', 3, 3, 'id:24', '2017-12-13 14:32:36', '127.0.0.1', 4),
(2292, 'customer', 3, 5, '列表', '2017-12-13 14:32:39', '127.0.0.1', 2),
(2826, 'admin', 5, 3, '列表', '2017-12-15 10:57:31', '127.0.0.1', 2),
(2825, 'admin', 5, 2, '列表', '2017-12-15 10:57:11', '127.0.0.1', 2),
(2824, 'admin', 5, 3, '列表', '2017-12-15 10:55:49', '127.0.0.1', 2),
(2823, 'admin', 5, 2, 'id:10', '2017-12-15 10:55:48', '127.0.0.1', 8),
(2822, 'admin', 5, 2, '列表', '2017-12-15 10:55:43', '127.0.0.1', 2),
(2821, 'admin', 5, 3, '列表', '2017-12-15 10:55:22', '127.0.0.1', 2),
(2820, 'admin', 5, 2, '列表', '2017-12-15 10:53:30', '127.0.0.1', 2),
(2819, 'admin', 5, 3, '列表', '2017-12-15 10:52:54', '127.0.0.1', 2),
(2818, 'admin', 5, 2, '列表', '2017-12-15 10:52:47', '127.0.0.1', 2),
(2817, 'admin', 5, 3, '列表', '2017-12-15 10:52:43', '127.0.0.1', 2),
(2816, 'admin', 5, 2, '列表', '2017-12-15 10:52:41', '127.0.0.1', 2),
(2815, 'admin', 5, 3, '列表', '2017-12-15 10:52:26', '127.0.0.1', 2),
(2814, 'admin', 5, 2, 'id:8', '2017-12-15 10:52:24', '127.0.0.1', 8),
(2813, 'admin', 5, 2, '列表', '2017-12-15 10:52:18', '127.0.0.1', 2),
(2812, 'admin', 5, 3, '列表', '2017-12-15 10:48:30', '127.0.0.1', 2),
(2811, 'admin', 5, 2, '列表', '2017-12-15 10:39:17', '127.0.0.1', 2),
(2810, 'admin', 4, 6, '列表', '2017-12-15 10:39:10', '127.0.0.1', 2),
(2809, 'admin', 5, 2, '列表', '2017-12-15 10:37:48', '127.0.0.1', 2),
(2808, 'admin', 5, 1, '列表', '2017-12-15 10:37:47', '127.0.0.1', 2),
(2807, 'admin', 5, 2, '列表', '2017-12-15 10:36:18', '127.0.0.1', 2),
(2806, 'admin', 5, 2, 'id:3', '2017-12-15 10:36:15', '127.0.0.1', 8),
(2805, 'admin', 5, 2, '列表', '2017-12-15 10:32:47', '127.0.0.1', 2),
(2804, 'admin', 5, 2, 'id:3', '2017-12-15 10:31:36', '127.0.0.1', 8),
(2803, 'admin', 5, 2, '列表', '2017-12-15 10:19:50', '127.0.0.1', 2),
(2802, 'admin', 5, 1, '列表', '2017-12-15 10:19:18', '127.0.0.1', 2),
(2801, 'admin', 5, 2, '列表', '2017-12-15 10:17:26', '127.0.0.1', 2),
(2800, 'admin', 4, 4, '列表', '2017-12-15 10:14:40', '127.0.0.1', 2),
(2799, 'admin', 5, 2, '列表', '2017-12-15 09:43:35', '127.0.0.1', 2),
(2798, 'admin', 5, 1, '列表', '2017-12-15 09:43:00', '127.0.0.1', 2),
(2797, 'admin', 5, 2, '列表', '2017-12-15 09:42:56', '127.0.0.1', 2),
(2796, 'admin', 5, 1, '列表', '2017-12-15 09:15:56', '127.0.0.1', 2),
(2795, 'admin', 5, 2, '列表', '2017-12-15 09:14:49', '127.0.0.1', 2),
(2794, 'admin', 0, 0, 'admin登入成功', '2017-12-15 09:12:47', '127.0.0.1', 1),
(2793, 'admin', 5, 2, '列表', '2017-12-14 17:31:22', '127.0.0.1', 2),
(2792, 'admin', 5, 1, 'id:4', '2017-12-14 17:31:20', '127.0.0.1', 8),
(2791, 'admin', 5, 1, '列表', '2017-12-14 17:31:00', '127.0.0.1', 2),
(2790, 'admin', 5, 2, '列表', '2017-12-14 17:17:39', '127.0.0.1', 2),
(2789, 'admin', 5, 1, '列表', '2017-12-14 17:17:10', '127.0.0.1', 2),
(2788, 'admin', 5, 2, '列表', '2017-12-14 17:16:38', '127.0.0.1', 2),
(2787, 'admin', 5, 1, '列表', '2017-12-14 17:16:26', '127.0.0.1', 2),
(2786, 'admin', 5, 2, '列表', '2017-12-14 15:31:35', '127.0.0.1', 2),
(2785, 'admin', 5, 1, '列表', '2017-12-14 15:28:54', '127.0.0.1', 2),
(2784, 'admin', 5, 2, '列表', '2017-12-14 15:28:51', '127.0.0.1', 2),
(2783, 'admin', 5, 1, '3筆資料(\'3\',\'2\',\'1\')', '2017-12-14 15:28:16', '127.0.0.1', 16),
(2782, 'admin', 5, 1, '列表', '2017-12-14 15:27:25', '127.0.0.1', 2),
(2781, 'admin', 5, 1, 'id:4', '2017-12-14 15:27:02', '127.0.0.1', 4),
(2780, 'admin', 5, 1, '列表', '2017-12-14 15:18:42', '127.0.0.1', 2),
(2779, 'admin', 4, 3, '列表', '2017-12-14 15:10:51', '127.0.0.1', 2),
(2778, 'admin', 5, 2, '列表', '2017-12-14 15:10:45', '127.0.0.1', 2),
(2777, 'admin', 4, 3, '列表', '2017-12-14 15:10:06', '127.0.0.1', 2),
(2776, 'admin', 4, 5, '列表', '2017-12-14 15:06:01', '127.0.0.1', 2),
(2775, 'admin', 4, 4, '列表', '2017-12-14 14:54:27', '127.0.0.1', 2),
(2774, 'admin', 0, 0, 'admin登入成功', '2017-12-14 14:52:52', '127.0.0.1', 1),
(2773, 'admin', 2, 1, '列表', '2017-12-14 14:52:41', '127.0.0.1', 2),
(2772, 'admin', 2, 1, '系統管理員 id:2', '2017-12-14 14:52:14', '127.0.0.1', 8),
(2771, 'admin', 2, 1, '列表', '2017-12-14 14:52:06', '127.0.0.1', 2),
(2770, 'admin', 2, 1, '系統管理員 id:2', '2017-12-14 14:52:03', '127.0.0.1', 8),
(2769, 'admin', 2, 1, '列表', '2017-12-14 14:51:58', '127.0.0.1', 2),
(2768, 'admin', 0, 0, 'admin登入成功', '2017-12-14 14:41:46', '127.0.0.1', 1),
(2767, 'customer', 4, 2, '列表', '2017-12-14 13:56:46', '127.0.0.1', 2),
(2766, 'customer', 4, 3, '列表', '2017-12-14 13:56:45', '127.0.0.1', 2),
(2765, 'customer', 4, 4, '列表', '2017-12-14 12:16:49', '127.0.0.1', 2),
(2764, 'customer', 4, 6, '列表', '2017-12-14 12:16:48', '127.0.0.1', 2),
(2763, 'customer', 4, 4, '列表', '2017-12-14 12:16:47', '127.0.0.1', 2),
(2762, 'customer', 4, 3, '列表', '2017-12-14 12:16:46', '127.0.0.1', 2),
(2761, 'customer', 4, 4, '列表', '2017-12-14 12:16:39', '127.0.0.1', 2),
(2760, 'customer', 4, 6, '列表', '2017-12-14 12:16:36', '127.0.0.1', 2),
(2759, 'customer', 4, 4, '列表', '2017-12-14 12:16:08', '127.0.0.1', 2),
(2758, 'customer', 4, 6, '列表', '2017-12-14 12:16:02', '127.0.0.1', 2),
(2757, 'customer', 4, 4, '列表', '2017-12-14 12:15:58', '127.0.0.1', 2),
(2756, 'customer', 4, 3, '列表', '2017-12-14 12:12:50', '127.0.0.1', 2),
(2755, 'customer', 4, 6, '列表', '2017-12-14 12:12:49', '127.0.0.1', 2),
(2754, 'customer', 4, 4, '列表', '2017-12-14 12:12:16', '127.0.0.1', 2),
(2753, 'customer', 4, 6, '列表', '2017-12-14 12:11:58', '127.0.0.1', 2),
(2752, 'customer', 4, 4, '列表', '2017-12-14 12:11:57', '127.0.0.1', 2),
(2751, 'customer', 4, 2, '列表', '2017-12-14 12:11:52', '127.0.0.1', 2),
(2750, 'customer', 4, 3, '列表', '2017-12-14 12:11:34', '127.0.0.1', 2),
(2749, 'customer', 4, 6, '列表', '2017-12-14 12:11:33', '127.0.0.1', 2),
(2748, 'customer', 4, 4, '列表', '2017-12-14 12:07:37', '127.0.0.1', 2),
(2747, 'customer', 4, 6, '列表', '2017-12-14 12:07:34', '127.0.0.1', 2),
(2746, 'customer', 4, 4, 'id:92', '2017-12-14 12:07:27', '127.0.0.1', 8),
(2745, 'money', 4, 5, 'id:92', '2017-12-14 12:07:25', '127.0.0.1', 8),
(2744, 'money', 4, 5, '列表', '2017-12-14 12:07:16', '127.0.0.1', 2),
(2743, 'customer', 4, 4, 'id:92', '2017-12-14 12:07:12', '127.0.0.1', 4),
(2742, 'customer', 4, 4, '列表', '2017-12-14 12:06:41', '127.0.0.1', 2),
(2741, 'money', 3, 5, '列表', '2017-12-14 12:06:15', '127.0.0.1', 2),
(2740, 'money', 3, 4, 'id:31', '2017-12-14 12:06:11', '127.0.0.1', 8),
(2739, 'customer', 3, 3, 'id:31', '2017-12-14 12:06:07', '127.0.0.1', 8),
(2738, 'money', 3, 4, '列表', '2017-12-14 12:06:00', '127.0.0.1', 2),
(2737, 'customer', 3, 3, 'id:31', '2017-12-14 12:05:57', '127.0.0.1', 4),
(2736, 'money', 3, 5, '列表', '2017-12-14 12:05:41', '127.0.0.1', 2),
(2735, 'customer', 3, 3, 'id:30', '2017-12-14 12:05:36', '127.0.0.1', 8),
(2734, 'money', 3, 4, 'id:30', '2017-12-14 12:05:33', '127.0.0.1', 8),
(2733, 'money', 3, 4, '列表', '2017-12-14 12:05:25', '127.0.0.1', 2),
(2732, 'money', 0, 0, 'money登入成功', '2017-12-14 12:05:19', '127.0.0.1', 1),
(2731, 'customer', 3, 3, 'id:30', '2017-12-14 12:05:09', '127.0.0.1', 4),
(2730, 'customer', 3, 3, '列表', '2017-12-14 12:04:52', '127.0.0.1', 2),
(2729, 'customer', 0, 0, 'customer登入成功', '2017-12-14 12:04:46', '127.0.0.1', 1),
(2728, 'admin', 3, 3, '列表', '2017-12-14 12:04:32', '127.0.0.1', 2),
(2827, 'admin', 4, 5, '列表', '2017-12-15 11:05:07', '::1', 2),
(2828, 'admin', 4, 6, '列表', '2017-12-15 11:05:13', '::1', 2),
(2829, 'admin', 4, 4, '列表', '2017-12-15 11:05:15', '::1', 2),
(2830, 'admin', 4, 1, '列表', '2017-12-15 11:05:21', '::1', 2),
(2831, 'admin', 4, 3, '列表', '2017-12-15 11:05:29', '::1', 2),
(2832, 'admin', 2, 1, '列表', '2017-12-15 11:05:53', '::1', 2),
(2833, 'admin', 0, 0, 'admin登入成功', '2017-12-15 11:06:15', '::1', 1),
(2834, 'admin', 5, 1, '列表', '2017-12-15 11:06:19', '::1', 2),
(2835, 'admin', 5, 2, '列表', '2017-12-15 11:06:22', '::1', 2),
(2836, 'admin', 5, 1, '列表', '2017-12-15 11:06:24', '::1', 2),
(2837, 'admin', 5, 2, '列表', '2017-12-15 11:06:31', '::1', 2),
(2838, 'admin', 5, 3, '列表', '2017-12-15 11:06:42', '::1', 2),
(2839, 'admin', 5, 1, '列表', '2017-12-15 11:06:46', '::1', 2),
(2840, 'admin', 5, 2, '列表', '2017-12-15 11:06:48', '::1', 2),
(2841, 'admin', 5, 3, '列表', '2017-12-15 11:06:51', '::1', 2),
(2842, 'admin', 5, 1, '列表', '2017-12-15 11:06:53', '::1', 2),
(2843, 'admin', 5, 3, '列表', '2017-12-15 11:07:00', '::1', 2),
(2844, 'admin', 5, 1, '列表', '2017-12-15 11:07:02', '::1', 2),
(2845, 'admin', 5, 2, '列表', '2017-12-15 11:07:06', '::1', 2),
(2846, 'admin', 5, 3, '列表', '2017-12-15 11:07:11', '::1', 2),
(2847, 'admin', 5, 2, '列表', '2017-12-15 11:07:13', '::1', 2),
(2848, 'admin', 5, 1, '列表', '2017-12-15 11:07:17', '::1', 2),
(2849, 'admin', 5, 3, '列表', '2017-12-15 11:07:40', '::1', 2),
(2850, 'admin', 5, 1, '列表', '2017-12-15 11:07:42', '::1', 2),
(2851, 'admin', 4, 2, '列表', '2017-12-15 11:08:14', '::1', 2),
(2852, 'admin', 4, 1, '列表', '2017-12-15 11:08:15', '::1', 2),
(2853, 'admin', 5, 1, '列表', '2017-12-15 11:08:30', '::1', 2),
(2854, 'admin', 5, 2, '列表', '2017-12-15 11:08:32', '::1', 2),
(2855, 'admin', 5, 3, '列表', '2017-12-15 11:08:54', '::1', 2),
(2856, 'admin', 5, 2, '列表', '2017-12-15 11:08:56', '::1', 2),
(2857, 'admin', 3, 1, '列表', '2017-12-15 13:58:02', '::1', 2),
(2858, 'admin', 3, 2, '列表', '2017-12-15 13:58:07', '::1', 2),
(2859, 'admin', 3, 3, '列表', '2017-12-15 13:58:07', '::1', 2),
(2860, 'admin', 5, 1, '列表', '2017-12-15 13:58:11', '::1', 2),
(2861, 'admin', 5, 1, 'id:4', '2017-12-15 13:58:33', '::1', 8),
(2862, 'admin', 5, 2, '列表', '2017-12-15 13:58:48', '::1', 2),
(2863, 'admin', 5, 1, '列表', '2017-12-15 13:58:49', '::1', 2),
(2864, 'admin', 5, 2, '列表', '2017-12-15 13:58:50', '::1', 2),
(2865, 'admin', 5, 1, '列表', '2017-12-15 13:58:53', '::1', 2),
(2866, 'admin', 5, 2, '列表', '2017-12-15 13:58:56', '::1', 2),
(2867, 'admin', 5, 3, '列表', '2017-12-15 13:59:08', '::1', 2),
(2868, 'admin', 5, 2, '列表', '2017-12-15 13:59:11', '::1', 2),
(2869, 'admin', 5, 1, '列表', '2017-12-15 14:12:23', '::1', 2),
(2870, 'admin', 5, 2, '列表', '2017-12-15 14:12:25', '::1', 2),
(2871, 'admin', 5, 3, '列表', '2017-12-15 14:24:27', '::1', 2),
(2872, 'admin', 5, 1, '列表', '2017-12-15 14:24:28', '::1', 2),
(2873, 'admin', 5, 2, '列表', '2017-12-15 14:24:29', '::1', 2),
(2874, 'admin', 0, 0, 'admin登入成功', '2017-12-15 14:25:52', '127.0.0.1', 1),
(2875, 'admin', 5, 2, '列表', '2017-12-15 14:28:08', '127.0.0.1', 2),
(2876, 'admin', 5, 1, '列表', '2017-12-15 14:30:32', '127.0.0.1', 2),
(2877, 'admin', 5, 2, '列表', '2017-12-15 14:30:35', '127.0.0.1', 2),
(2878, 'admin', 5, 1, '列表', '2017-12-15 14:30:37', '127.0.0.1', 2),
(2879, 'admin', 5, 2, '列表', '2017-12-15 14:30:39', '127.0.0.1', 2),
(2880, 'admin', 5, 3, '列表', '2017-12-15 14:30:48', '127.0.0.1', 2),
(2881, 'admin', 5, 2, '列表', '2017-12-15 14:30:50', '127.0.0.1', 2),
(2882, 'admin', 5, 1, '列表', '2017-12-15 14:31:41', '127.0.0.1', 2),
(2883, 'admin', 5, 2, '列表', '2017-12-15 14:31:43', '127.0.0.1', 2),
(2884, 'admin', 5, 3, '列表', '2017-12-15 14:32:29', '127.0.0.1', 2),
(2885, 'admin', 5, 2, '列表', '2017-12-15 14:32:31', '127.0.0.1', 2),
(2886, 'admin', 5, 2, 'id:3', '2017-12-15 14:34:06', '127.0.0.1', 8),
(2887, 'admin', 5, 2, '列表', '2017-12-15 14:40:20', '127.0.0.1', 2),
(2888, 'admin', 5, 2, 'id:10', '2017-12-15 14:49:40', '127.0.0.1', 8),
(2889, 'admin', 5, 2, '列表', '2017-12-15 14:51:26', '127.0.0.1', 2),
(2890, 'admin', 3, 4, '列表', '2017-12-15 14:53:40', '127.0.0.1', 2),
(2891, 'admin', 3, 3, '列表', '2017-12-15 14:54:43', '127.0.0.1', 2),
(2892, 'admin', 4, 5, '列表', '2017-12-15 14:54:48', '127.0.0.1', 2),
(2893, 'admin', 5, 1, '列表', '2017-12-15 14:54:58', '127.0.0.1', 2),
(2894, 'admin', 5, 2, '列表', '2017-12-15 14:55:07', '127.0.0.1', 2),
(2895, 'admin', 0, 0, 'admin登入成功', '2017-12-15 15:00:06', '127.0.0.1', 1),
(2896, 'admin', 5, 2, '列表', '2017-12-15 15:03:12', '127.0.0.1', 2),
(2897, 'admin', 5, 2, 'id:3', '2017-12-15 15:45:50', '127.0.0.1', 8),
(2898, 'admin', 5, 2, 'id:10', '2017-12-15 16:01:03', '127.0.0.1', 8),
(2899, 'admin', 0, 0, 'admin登入成功', '2017-12-15 16:02:37', '127.0.0.1', 1),
(2900, 'admin', 5, 2, '列表', '2017-12-15 16:02:50', '127.0.0.1', 2),
(2901, 'admin', 5, 2, 'id:3', '2017-12-15 16:15:05', '127.0.0.1', 8),
(2902, 'admin', 5, 2, '列表', '2017-12-15 16:31:16', '127.0.0.1', 2),
(2903, 'admin', 5, 2, 'id:11', '2017-12-15 16:33:12', '127.0.0.1', 8),
(2904, 'admin', 0, 0, 'admin登入成功', '2017-12-15 16:46:43', '127.0.0.1', 1),
(2905, 'admin', 5, 2, '列表', '2017-12-15 16:48:30', '127.0.0.1', 2),
(2906, 'admin', 5, 1, '列表', '2017-12-15 17:12:39', '127.0.0.1', 2),
(2907, 'admin', 5, 2, '列表', '2017-12-15 17:12:41', '127.0.0.1', 2),
(2908, 'admin', 5, 2, 'id:12', '2017-12-15 17:18:05', '127.0.0.1', 8),
(2909, 'admin', 5, 2, '列表', '2017-12-15 17:21:23', '127.0.0.1', 2),
(2910, 'admin', 5, 1, '列表', '2017-12-15 17:23:05', '127.0.0.1', 2),
(2911, 'admin', 5, 2, '列表', '2017-12-15 17:23:12', '127.0.0.1', 2),
(2912, 'admin', 5, 2, 'id:3', '2017-12-15 17:41:54', '127.0.0.1', 8),
(2913, 'admin', 5, 2, '列表', '2017-12-15 17:42:36', '127.0.0.1', 2),
(2914, 'admin', 5, 2, 'id:13', '2017-12-15 17:44:10', '127.0.0.1', 8),
(2915, 'admin', 5, 1, '列表', '2017-12-15 17:44:39', '127.0.0.1', 2),
(2916, 'admin', 5, 3, '列表', '2017-12-15 17:45:46', '127.0.0.1', 2),
(2917, 'admin', 5, 2, '列表', '2017-12-15 17:46:05', '127.0.0.1', 2),
(2918, 'admin', 5, 1, '列表', '2017-12-15 17:46:07', '127.0.0.1', 2),
(2919, 'admin', 5, 3, '列表', '2017-12-15 17:46:09', '127.0.0.1', 2),
(2920, 'admin', 5, 2, '列表', '2017-12-15 17:46:22', '127.0.0.1', 2),
(2921, 'admin', 5, 1, '列表', '2017-12-18 09:36:13', '127.0.0.1', 2),
(2922, 'admin', 5, 2, '列表', '2017-12-18 09:39:17', '127.0.0.1', 2),
(2923, 'admin', 5, 3, '列表', '2017-12-18 14:41:08', '::1', 2),
(2924, 'admin', 5, 2, '列表', '2017-12-18 14:41:10', '::1', 2),
(2925, 'admin', 5, 2, 'id:17', '2017-12-18 14:53:57', '::1', 8),
(2926, 'admin', 5, 2, 'id:17', '2017-12-18 14:54:36', '127.0.0.1', 8),
(2927, 'admin', 5, 2, 'id:16', '2017-12-18 14:54:44', '127.0.0.1', 8),
(2928, 'admin', 5, 2, 'id:15', '2017-12-18 14:54:54', '127.0.0.1', 8),
(2929, 'admin', 5, 2, '列表', '2017-12-18 15:04:09', '127.0.0.1', 2),
(2930, 'admin', 5, 2, 'id:18', '2017-12-18 15:07:14', '127.0.0.1', 8),
(2931, 'admin', 5, 2, '列表', '2017-12-18 15:10:28', '127.0.0.1', 2),
(2932, 'admin', 5, 2, 'id:19', '2017-12-18 15:20:46', '127.0.0.1', 8),
(2933, 'admin', 5, 2, '列表', '2017-12-18 15:22:17', '127.0.0.1', 2),
(2934, 'admin', 5, 2, 'id:20', '2017-12-18 15:23:16', '127.0.0.1', 8),
(2935, 'admin', 5, 2, '列表', '2017-12-18 15:32:14', '127.0.0.1', 2),
(2936, 'admin', 5, 2, 'id:20', '2017-12-18 15:36:59', '127.0.0.1', 8),
(2937, 'admin', 5, 2, '列表', '2017-12-18 15:37:27', '127.0.0.1', 2),
(2938, 'admin', 5, 1, '列表', '2017-12-19 09:53:29', '127.0.0.1', 2),
(2939, 'admin', 5, 2, '列表', '2017-12-19 09:53:30', '127.0.0.1', 2),
(2940, 'admin', 5, 3, '列表', '2017-12-19 09:53:32', '127.0.0.1', 2),
(2941, 'admin', 5, 2, '列表', '2017-12-19 09:53:32', '127.0.0.1', 2),
(2942, 'admin', 5, 3, '列表', '2017-12-19 10:08:36', '127.0.0.1', 2),
(2943, 'admin', 0, 0, 'admin登入成功', '2017-12-19 11:21:56', '::1', 1),
(2944, 'admin', 5, 2, '列表', '2017-12-19 11:22:00', '::1', 2),
(2945, 'admin', 0, 0, 'admin登入成功', '2017-12-19 12:01:47', '127.0.0.1', 1),
(2946, 'admin', 1, 1, '列表', '2017-12-19 12:02:27', '127.0.0.1', 2),
(2947, 'admin', 1, 2, '列表', '2017-12-19 12:02:27', '127.0.0.1', 2),
(2948, 'admin', 2, 1, '列表', '2017-12-19 12:02:33', '127.0.0.1', 2),
(2949, 'admin', 1, 2, '列表', '2017-12-19 12:02:35', '127.0.0.1', 2),
(2950, 'admin', 3, 3, '列表', '2017-12-19 12:02:56', '127.0.0.1', 2),
(2951, 'admin', 3, 4, '列表', '2017-12-19 12:02:57', '127.0.0.1', 2),
(2952, 'admin', 3, 2, '列表', '2017-12-19 12:02:58', '127.0.0.1', 2),
(2953, 'admin', 3, 1, '列表', '2017-12-19 12:02:59', '127.0.0.1', 2),
(2954, 'admin', 3, 3, '列表', '2017-12-19 12:03:00', '127.0.0.1', 2),
(2955, 'admin', 3, 4, '列表', '2017-12-19 12:03:01', '127.0.0.1', 2),
(2956, 'admin', 3, 3, '列表', '2017-12-19 12:03:05', '127.0.0.1', 2),
(2957, 'admin', 3, 2, '列表', '2017-12-19 12:03:49', '127.0.0.1', 2),
(2958, 'admin', 3, 3, '列表', '2017-12-19 12:03:50', '127.0.0.1', 2),
(2959, 'admin', 4, 2, '列表', '2017-12-19 12:03:55', '127.0.0.1', 2),
(2960, 'admin', 4, 1, '列表', '2017-12-19 12:06:35', '127.0.0.1', 2),
(2961, 'admin', 4, 2, '列表', '2017-12-19 12:06:36', '127.0.0.1', 2),
(2962, 'admin', 4, 1, '列表', '2017-12-19 12:21:47', '127.0.0.1', 2),
(2963, 'admin', 4, 2, '列表', '2017-12-19 12:22:53', '127.0.0.1', 2),
(2964, 'admin', 4, 1, '列表', '2017-12-19 12:26:03', '127.0.0.1', 2),
(2965, 'admin', 4, 2, '列表', '2017-12-19 12:27:08', '127.0.0.1', 2),
(2966, 'admin', 4, 2, 'FB id:4', '2017-12-19 12:28:36', '127.0.0.1', 8),
(2967, 'admin', 4, 2, 'Facebook id:4', '2017-12-19 12:28:44', '127.0.0.1', 8),
(2968, 'admin', 4, 1, '列表', '2017-12-19 12:28:46', '127.0.0.1', 2),
(2969, 'admin', 4, 2, '列表', '2017-12-19 12:28:47', '127.0.0.1', 2),
(2970, 'admin', 4, 1, '列表', '2017-12-19 13:48:01', '127.0.0.1', 2),
(2971, 'admin', 4, 2, '列表', '2017-12-19 13:48:01', '127.0.0.1', 2),
(2972, 'admin', 4, 1, '列表', '2017-12-19 13:50:27', '127.0.0.1', 2),
(2973, 'admin', 4, 2, '列表', '2017-12-19 13:50:31', '127.0.0.1', 2),
(2974, 'admin', 4, 4, '列表', '2017-12-19 13:55:14', '127.0.0.1', 2),
(2975, 'admin', 4, 5, '列表', '2017-12-19 13:56:25', '127.0.0.1', 2),
(2976, 'admin', 4, 4, '列表', '2017-12-19 13:56:27', '127.0.0.1', 2),
(2977, 'admin', 4, 5, '列表', '2017-12-19 13:56:29', '127.0.0.1', 2),
(2978, 'admin', 4, 4, '列表', '2017-12-19 13:56:31', '127.0.0.1', 2),
(2979, 'admin', 4, 5, '列表', '2017-12-19 13:56:34', '127.0.0.1', 2),
(2980, 'admin', 4, 6, '列表', '2017-12-19 13:57:20', '127.0.0.1', 2),
(2981, 'admin', 4, 4, '列表', '2017-12-19 13:57:44', '127.0.0.1', 2),
(2982, 'admin', 4, 5, '列表', '2017-12-19 13:57:47', '127.0.0.1', 2),
(2983, 'admin', 4, 6, '列表', '2017-12-19 13:57:48', '127.0.0.1', 2),
(2984, 'admin', 4, 4, '列表', '2017-12-19 14:04:07', '127.0.0.1', 2),
(2985, 'admin', 4, 5, '列表', '2017-12-19 14:04:08', '127.0.0.1', 2),
(2986, 'admin', 4, 4, '列表', '2017-12-19 14:04:09', '127.0.0.1', 2),
(2987, 'admin', 4, 5, '列表', '2017-12-19 14:04:13', '127.0.0.1', 2),
(2988, 'admin', 4, 6, '列表', '2017-12-19 14:04:15', '127.0.0.1', 2),
(2989, 'admin', 4, 2, '列表', '2017-12-19 14:10:35', '127.0.0.1', 2),
(2990, 'admin', 4, 3, '列表', '2017-12-19 14:15:40', '127.0.0.1', 2),
(2991, 'admin', 4, 4, '列表', '2017-12-19 14:23:38', '127.0.0.1', 2),
(2992, 'admin', 4, 5, '列表', '2017-12-19 14:23:40', '127.0.0.1', 2),
(2993, 'admin', 4, 6, '列表', '2017-12-19 14:23:46', '127.0.0.1', 2),
(2994, 'admin', 4, 5, '列表', '2017-12-19 14:23:47', '127.0.0.1', 2),
(2995, 'admin', 4, 3, '列表', '2017-12-19 14:23:50', '127.0.0.1', 2),
(2996, 'admin', 4, 4, '列表', '2017-12-19 14:25:55', '127.0.0.1', 2),
(2997, 'admin', 4, 5, '列表', '2017-12-19 14:25:56', '127.0.0.1', 2),
(2998, 'admin', 4, 4, '列表', '2017-12-19 14:25:57', '127.0.0.1', 2),
(2999, 'admin', 4, 5, '列表', '2017-12-19 14:25:58', '127.0.0.1', 2),
(3000, 'admin', 4, 6, '列表', '2017-12-19 14:25:59', '127.0.0.1', 2),
(3001, 'admin', 4, 5, '列表', '2017-12-19 14:26:00', '127.0.0.1', 2),
(3002, 'admin', 4, 4, '列表', '2017-12-19 14:26:00', '127.0.0.1', 2),
(3003, 'admin', 4, 6, '列表', '2017-12-19 14:26:01', '127.0.0.1', 2),
(3004, 'admin', 4, 5, '列表', '2017-12-19 14:26:03', '127.0.0.1', 2),
(3005, 'admin', 4, 4, '列表', '2017-12-19 14:26:03', '127.0.0.1', 2),
(3006, 'admin', 4, 3, '列表', '2017-12-19 14:26:04', '127.0.0.1', 2),
(3007, 'admin', 4, 4, '列表', '2017-12-19 14:26:05', '127.0.0.1', 2),
(3008, 'admin', 4, 3, '列表', '2017-12-19 14:26:07', '127.0.0.1', 2),
(3009, 'admin', 4, 2, '列表', '2017-12-19 14:26:07', '127.0.0.1', 2),
(3010, 'admin', 4, 3, '列表', '2017-12-19 14:26:08', '127.0.0.1', 2),
(3011, 'admin', 4, 3, 'id:3', '2017-12-19 14:27:50', '127.0.0.1', 8),
(3012, 'admin', 4, 3, '列表', '2017-12-19 14:30:26', '127.0.0.1', 2),
(3013, 'admin', 4, 2, '列表', '2017-12-19 14:35:03', '127.0.0.1', 2),
(3014, 'admin', 4, 3, '列表', '2017-12-19 14:35:05', '127.0.0.1', 2),
(3015, 'admin', 4, 3, 'id:3', '2017-12-19 14:37:42', '127.0.0.1', 8),
(3016, 'admin', 4, 3, '列表', '2017-12-19 14:41:23', '127.0.0.1', 2),
(3017, 'admin', 4, 3, 'id:3', '2017-12-19 14:43:05', '127.0.0.1', 8),
(3018, 'admin', 0, 0, 'admin登入成功', '2017-12-19 14:45:14', '127.0.0.1', 1),
(3019, 'admin', 4, 3, '列表', '2017-12-19 14:46:34', '127.0.0.1', 2),
(3020, 'admin', 5, 1, '列表', '2017-12-19 15:24:15', '127.0.0.1', 2),
(3021, 'admin', 4, 3, '列表', '2017-12-19 15:27:41', '127.0.0.1', 2),
(3022, 'admin', 4, 3, 'id:3', '2017-12-19 15:27:49', '127.0.0.1', 8),
(3023, 'admin', 4, 3, '列表', '2017-12-19 15:29:31', '127.0.0.1', 2),
(3024, 'admin', 4, 3, 'id:3', '2017-12-19 15:33:26', '127.0.0.1', 8),
(3025, 'admin', 4, 3, '列表', '2017-12-19 15:35:44', '127.0.0.1', 2),
(3026, 'admin', 4, 3, 'id:3', '2017-12-19 15:36:01', '127.0.0.1', 8),
(3027, 'admin', 4, 3, '列表', '2017-12-19 15:36:14', '127.0.0.1', 2),
(3028, 'admin', 4, 3, 'id:2', '2017-12-19 15:36:28', '127.0.0.1', 8),
(3029, 'admin', 4, 3, '列表', '2017-12-19 15:37:11', '127.0.0.1', 2),
(3030, 'admin', 4, 3, 'id:1', '2017-12-19 15:37:30', '127.0.0.1', 8),
(3031, 'admin', 4, 3, '列表', '2017-12-19 15:38:08', '127.0.0.1', 2),
(3032, 'admin', 4, 3, 'id:5', '2017-12-19 15:38:30', '127.0.0.1', 8),
(3033, 'admin', 4, 3, '列表', '2017-12-19 15:39:41', '127.0.0.1', 2),
(3034, 'admin', 4, 3, 'id:5', '2017-12-19 15:40:20', '127.0.0.1', 8),
(3035, 'admin', 4, 3, '列表', '2017-12-19 15:45:35', '127.0.0.1', 2);
INSERT INTO `admin_log` (`al_id`, `a_username`, `al_main_key`, `al_fun_key`, `al_descript`, `al_createtime`, `al_ip`, `al_action`) VALUES
(3036, 'admin', 4, 4, '列表', '2017-12-19 15:45:37', '127.0.0.1', 2),
(3037, 'admin', 4, 5, '列表', '2017-12-19 15:45:39', '127.0.0.1', 2),
(3038, 'admin', 4, 4, '列表', '2017-12-19 15:45:40', '127.0.0.1', 2),
(3039, 'admin', 4, 5, '列表', '2017-12-19 15:45:41', '127.0.0.1', 2),
(3040, 'admin', 4, 6, '列表', '2017-12-19 15:45:41', '127.0.0.1', 2),
(3041, 'admin', 4, 4, '列表', '2017-12-19 15:45:49', '127.0.0.1', 2),
(3042, 'admin', 4, 3, '列表', '2017-12-19 15:45:50', '127.0.0.1', 2),
(3043, 'admin', 4, 4, '列表', '2017-12-19 15:45:52', '127.0.0.1', 2),
(3044, 'admin', 4, 5, '列表', '2017-12-19 15:45:53', '127.0.0.1', 2),
(3045, 'admin', 4, 6, '列表', '2017-12-19 15:45:54', '127.0.0.1', 2),
(3046, 'admin', 4, 4, '列表', '2017-12-19 15:45:56', '127.0.0.1', 2),
(3047, 'admin', 4, 5, '列表', '2017-12-19 15:46:04', '127.0.0.1', 2),
(3048, 'admin', 4, 4, '列表', '2017-12-19 15:46:16', '127.0.0.1', 2),
(3049, 'admin', 4, 5, '列表', '2017-12-19 15:46:17', '127.0.0.1', 2),
(3050, 'admin', 4, 4, '列表', '2017-12-19 15:46:18', '127.0.0.1', 2),
(3051, 'admin', 4, 3, '列表', '2017-12-19 15:46:20', '127.0.0.1', 2),
(3052, 'admin', 4, 2, '列表', '2017-12-19 15:46:21', '127.0.0.1', 2),
(3053, 'admin', 4, 3, '列表', '2017-12-19 15:46:23', '127.0.0.1', 2),
(3054, 'admin', 4, 1, '列表', '2017-12-19 15:46:24', '127.0.0.1', 2),
(3055, 'admin', 4, 3, '列表', '2017-12-19 15:46:25', '127.0.0.1', 2),
(3056, 'admin', 4, 4, '列表', '2017-12-19 15:46:26', '127.0.0.1', 2),
(3057, 'admin', 4, 3, '列表', '2017-12-19 15:55:52', '127.0.0.1', 2),
(3058, 'admin', 4, 3, 'id:5', '2017-12-19 15:56:07', '127.0.0.1', 8),
(3059, 'admin', 4, 2, '列表', '2017-12-19 15:56:10', '127.0.0.1', 2),
(3060, 'admin', 4, 3, '列表', '2017-12-19 15:56:13', '127.0.0.1', 2),
(3061, 'admin', 4, 3, 'id:5', '2017-12-19 15:58:07', '127.0.0.1', 8),
(3062, 'admin', 4, 3, '列表', '2017-12-19 16:04:57', '127.0.0.1', 2),
(3063, 'admin', 4, 2, '列表', '2017-12-19 16:32:45', '127.0.0.1', 2),
(3064, 'admin', 4, 1, '列表', '2017-12-19 16:32:46', '127.0.0.1', 2),
(3065, 'admin', 4, 2, '列表', '2017-12-19 16:32:47', '127.0.0.1', 2),
(3066, 'admin', 4, 3, '列表', '2017-12-19 16:32:48', '127.0.0.1', 2),
(3067, 'admin', 4, 4, '列表', '2017-12-19 16:32:49', '127.0.0.1', 2),
(3068, 'admin', 4, 5, '列表', '2017-12-19 16:32:50', '127.0.0.1', 2),
(3069, 'admin', 4, 4, '列表', '2017-12-19 16:32:51', '127.0.0.1', 2),
(3070, 'admin', 4, 5, '列表', '2017-12-19 16:32:51', '127.0.0.1', 2),
(3071, 'admin', 4, 4, '列表', '2017-12-19 16:32:52', '127.0.0.1', 2),
(3072, 'admin', 4, 5, '列表', '2017-12-19 16:32:56', '127.0.0.1', 2),
(3073, 'admin', 4, 4, '列表', '2017-12-19 16:32:56', '127.0.0.1', 2),
(3074, 'admin', 0, 0, 'admin登入成功', '2017-12-19 17:02:19', '127.0.0.1', 1),
(3075, 'admin', 3, 1, '列表', '2017-12-19 17:02:31', '127.0.0.1', 2),
(3076, 'admin', 3, 2, '列表', '2017-12-19 17:03:08', '127.0.0.1', 2),
(3077, 'admin', 0, 0, 'admin登入成功', '2017-12-19 17:04:12', '127.0.0.1', 1),
(3078, 'admin', 2, 1, '列表', '2017-12-19 17:05:58', '127.0.0.1', 2),
(3079, 'admin', 2, 1, '系統管理員 id:2', '2017-12-19 17:06:06', '127.0.0.1', 8),
(3080, 'admin', 2, 1, '列表', '2017-12-19 17:06:08', '127.0.0.1', 2),
(3081, 'admin', 0, 0, 'admin登入成功', '2017-12-19 17:06:16', '127.0.0.1', 1),
(3082, 'admin', 3, 2, '列表', '2017-12-19 17:06:25', '127.0.0.1', 2),
(3083, 'admin', 3, 1, '列表', '2017-12-19 17:06:27', '127.0.0.1', 2),
(3084, 'admin', 3, 2, '列表', '2017-12-19 17:36:39', '127.0.0.1', 2),
(3085, 'admin', 3, 1, '列表', '2017-12-19 17:54:32', '127.0.0.1', 2),
(3086, 'admin', 3, 2, '列表', '2017-12-19 17:54:33', '127.0.0.1', 2),
(3087, 'admin', 2, 1, '列表', '2017-12-19 17:58:00', '127.0.0.1', 2),
(3088, 'admin', 2, 1, '系統管理員 id:2', '2017-12-19 17:58:07', '127.0.0.1', 8),
(3089, 'admin', 2, 1, '列表', '2017-12-19 17:58:10', '127.0.0.1', 2),
(3090, 'admin', 0, 0, 'admin登入成功', '2017-12-20 09:43:27', '::1', 1),
(3091, 'admin', 2, 1, '列表', '2017-12-20 09:43:47', '::1', 2),
(3092, 'admin', 1, 1, '列表', '2017-12-20 09:44:53', '::1', 2),
(3093, 'admin', 3, 1, '列表', '2017-12-20 09:48:19', '::1', 2),
(3094, 'admin', 3, 2, '列表', '2017-12-20 09:48:20', '::1', 2),
(3095, 'admin', 0, 0, 'admin登入成功', '2017-12-20 09:50:04', '127.0.0.1', 1),
(3096, 'admin', 3, 1, '列表', '2017-12-20 10:00:11', '127.0.0.1', 2),
(3097, 'admin', 7, 1, '列表', '2017-12-20 10:03:33', '127.0.0.1', 2),
(3098, 'admin', 3, 1, '列表', '2017-12-20 10:12:47', '127.0.0.1', 2),
(3099, 'admin', 7, 1, '列表', '2017-12-20 10:12:52', '127.0.0.1', 2),
(3100, 'admin', 3, 1, '列表', '2017-12-20 10:13:46', '127.0.0.1', 2),
(3101, 'admin', 7, 1, '列表', '2017-12-20 10:13:50', '127.0.0.1', 2),
(3102, 'admin', 4, 6, '列表', '2017-12-20 10:16:20', '127.0.0.1', 2),
(3103, 'admin', 7, 1, '列表', '2017-12-20 10:17:38', '127.0.0.1', 2),
(3104, 'admin', 4, 6, '列表', '2017-12-20 10:18:59', '127.0.0.1', 2),
(3105, 'admin', 3, 2, '列表', '2017-12-20 10:19:08', '127.0.0.1', 2),
(3106, 'admin', 3, 1, '列表', '2017-12-20 10:19:10', '127.0.0.1', 2),
(3107, 'admin', 7, 1, '列表', '2017-12-20 10:20:14', '127.0.0.1', 2),
(3108, 'admin', 7, 1, '列表', '2017-12-20 10:21:06', '::1', 2),
(3109, 'admin', 7, 1, 'id:4', '2017-12-20 10:30:21', '::1', 8),
(3110, 'admin', 7, 1, '列表', '2017-12-20 10:30:57', '::1', 2),
(3111, 'admin', 7, 1, 'id:5', '2017-12-20 10:58:44', '127.0.0.1', 4),
(3112, 'admin', 7, 1, '1筆資料(\'5\')', '2017-12-20 10:58:59', '127.0.0.1', 16),
(3113, 'admin', 7, 1, '列表', '2017-12-20 10:59:06', '127.0.0.1', 2),
(3114, 'admin', 0, 0, 'admin登入成功', '2017-12-20 11:00:06', '127.0.0.1', 1),
(3115, 'admin', 7, 1, '列表', '2017-12-20 11:00:20', '127.0.0.1', 2),
(3116, 'admin', 7, 1, 'id:6', '2017-12-20 11:02:20', '127.0.0.1', 4),
(3117, 'admin', 7, 1, '1筆資料(\'6\')', '2017-12-20 11:03:11', '127.0.0.1', 16),
(3118, 'admin', 7, 1, 'id:7', '2017-12-20 11:04:21', '127.0.0.1', 4),
(3119, 'admin', 7, 1, '列表', '2017-12-20 11:27:37', '127.0.0.1', 2),
(3120, 'admin', 3, 1, '列表', '2017-12-20 11:28:58', '127.0.0.1', 2),
(3121, 'admin', 7, 1, '列表', '2017-12-20 11:29:05', '127.0.0.1', 2),
(3122, 'admin', 3, 1, '列表', '2017-12-20 12:04:58', '127.0.0.1', 2),
(3123, 'admin', 7, 1, '列表', '2017-12-20 12:04:58', '127.0.0.1', 2),
(3124, 'admin', 0, 0, 'admin登入成功', '2017-12-20 12:05:22', '127.0.0.1', 1),
(3125, 'admin', 2, 1, '列表', '2017-12-20 12:05:29', '127.0.0.1', 2),
(3126, 'admin', 2, 1, '行銷客服 id:5', '2017-12-20 12:05:47', '127.0.0.1', 8),
(3127, 'customer', 0, 0, 'customer登入成功', '2017-12-20 12:05:59', '127.0.0.1', 1),
(3128, 'customer', 7, 1, '列表', '2017-12-20 12:06:05', '127.0.0.1', 2),
(3129, 'admin', 0, 0, 'admin登入成功', '2017-12-20 12:06:38', '127.0.0.1', 1),
(3130, 'admin', 7, 1, '列表', '2017-12-20 12:06:43', '127.0.0.1', 2),
(3131, 'admin', 7, 1, 'id:7', '2017-12-20 12:20:43', '127.0.0.1', 8),
(3132, 'admin', 6, 1, '列表', '2017-12-20 12:26:13', '127.0.0.1', 2),
(3133, 'admin', 6, 2, '列表', '2017-12-20 12:26:15', '127.0.0.1', 2),
(3134, 'admin', 6, 3, '列表', '2017-12-20 12:26:18', '127.0.0.1', 2),
(3135, 'admin', 6, 2, '列表', '2017-12-20 12:26:20', '127.0.0.1', 2),
(3136, 'admin', 6, 3, '列表', '2017-12-20 12:26:22', '127.0.0.1', 2),
(3137, 'admin', 6, 2, '列表', '2017-12-20 12:26:24', '127.0.0.1', 2),
(3138, 'admin', 6, 3, '列表', '2017-12-20 12:26:27', '127.0.0.1', 2),
(3139, 'admin', 6, 2, '列表', '2017-12-20 12:26:36', '127.0.0.1', 2),
(3140, 'admin', 6, 1, '列表', '2017-12-20 12:26:38', '127.0.0.1', 2),
(3141, 'admin', 6, 2, '列表', '2017-12-20 12:26:42', '127.0.0.1', 2),
(3142, 'admin', 6, 3, '列表', '2017-12-20 12:26:45', '127.0.0.1', 2),
(3143, 'admin', 7, 1, '列表', '2017-12-20 12:27:43', '127.0.0.1', 2),
(3144, 'admin', 6, 3, '列表', '2017-12-20 13:35:42', '::1', 2),
(3145, 'admin', 6, 2, '列表', '2017-12-20 13:35:44', '::1', 2),
(3146, 'admin', 6, 3, '列表', '2017-12-20 13:35:45', '::1', 2),
(3147, 'admin', 6, 2, '列表', '2017-12-20 13:35:46', '::1', 2),
(3148, 'admin', 3, 1, '列表', '2017-12-20 13:35:49', '::1', 2),
(3149, 'admin', 3, 2, '列表', '2017-12-20 13:35:50', '::1', 2),
(3150, 'admin', 6, 3, '列表', '2017-12-20 13:35:55', '::1', 2),
(3151, 'admin', 6, 2, '列表', '2017-12-20 13:35:56', '::1', 2),
(3152, 'admin', 6, 3, '列表', '2017-12-20 13:36:31', '::1', 2),
(3153, 'admin', 6, 1, '列表', '2017-12-20 13:36:31', '::1', 2),
(3154, 'admin', 6, 3, '列表', '2017-12-20 13:36:52', '::1', 2),
(3155, 'admin', 6, 1, '列表', '2017-12-20 13:37:40', '::1', 2),
(3156, 'admin', 6, 2, '列表', '2017-12-20 13:37:41', '::1', 2),
(3157, 'admin', 6, 1, '列表', '2017-12-20 13:37:42', '::1', 2),
(3158, 'admin', 6, 1, '列表', '2017-12-20 13:40:09', '127.0.0.1', 2),
(3159, 'admin', 6, 2, '列表', '2017-12-20 13:40:11', '127.0.0.1', 2),
(3160, 'admin', 6, 3, '列表', '2017-12-20 13:40:11', '127.0.0.1', 2),
(3161, 'admin', 7, 1, '列表', '2017-12-20 13:40:13', '127.0.0.1', 2);

-- --------------------------------------------------------

--
-- 資料表結構 `anchor`
--

CREATE TABLE `anchor` (
  `id` int(11) NOT NULL,
  `name` varchar(20) COLLATE utf8_unicode_ci NOT NULL,
  `email` varchar(50) COLLATE utf8_unicode_ci NOT NULL,
  `point` int(11) NOT NULL,
  `created_time` timestamp NOT NULL DEFAULT CURRENT_TIMESTAMP ON UPDATE CURRENT_TIMESTAMP,
  `updatetime` timestamp NULL DEFAULT NULL,
  `last_manager` varchar(20) COLLATE utf8_unicode_ci NOT NULL
) ENGINE=InnoDB DEFAULT CHARSET=utf8 COLLATE=utf8_unicode_ci;

-- --------------------------------------------------------

--
-- 資料表結構 `bank`
--

CREATE TABLE `bank` (
  `id` int(11) NOT NULL,
  `name` varchar(100) COLLATE utf8_unicode_ci NOT NULL COMMENT '銀行名稱',
  `bank_no` char(3) COLLATE utf8_unicode_ci NOT NULL COMMENT '銀行代碼',
  `last_manager` varchar(20) COLLATE utf8_unicode_ci NOT NULL,
  `created_time` datetime NOT NULL
) ENGINE=InnoDB DEFAULT CHARSET=utf8 COLLATE=utf8_unicode_ci;

--
-- 資料表的匯出資料 `bank`
--

INSERT INTO `bank` (`id`, `name`, `bank_no`, `last_manager`, `created_time`) VALUES
(16, '中國信託', '008', 'admin', '2017-12-06 09:49:20'),
(17, '國泰世華', '012', 'admin', '2017-12-06 09:49:33'),
(18, '台新銀行', '087', 'admin', '2017-12-06 09:49:48');

-- --------------------------------------------------------

--
-- 資料表結構 `bank_card`
--

CREATE TABLE `bank_card` (
  `id` int(11) NOT NULL,
  `bank_name` varchar(60) COLLATE utf8_unicode_ci NOT NULL COMMENT '名稱',
  `bank_id` varchar(100) COLLATE utf8_unicode_ci NOT NULL COMMENT '銀行',
  `bank_card_no` varchar(255) COLLATE utf8_unicode_ci DEFAULT NULL COMMENT '卡號',
  `last_manager` varchar(20) COLLATE utf8_unicode_ci NOT NULL,
  `created_time` datetime NOT NULL,
  `updated_time` datetime NOT NULL
) ENGINE=InnoDB DEFAULT CHARSET=utf8 COLLATE=utf8_unicode_ci COMMENT='銀行帳戶';

--
-- 資料表的匯出資料 `bank_card`
--

INSERT INTO `bank_card` (`id`, `bank_name`, `bank_id`, `bank_card_no`, `last_manager`, `created_time`, `updated_time`) VALUES
(1, '工商01', '18', '6548513', 'admin', '2017-12-06 10:08:25', '2017-12-06 10:08:25'),
(2, '國泰', '17', '789456123', 'customer', '2017-12-06 10:08:44', '2017-12-13 14:33:33');

-- --------------------------------------------------------

--
-- 資料表結構 `deposit`
--

CREATE TABLE `deposit` (
  `id` int(11) UNSIGNED NOT NULL COMMENT '交易編號',
  `user_id` int(11) UNSIGNED NOT NULL COMMENT '玩家ID',
  `game_id` int(11) NOT NULL COMMENT '遊戲ID',
  `money` int(20) UNSIGNED NOT NULL COMMENT '金額',
  `deposit_pay_id` int(11) NOT NULL COMMENT '第三方支付ID',
  `pay_code` varchar(255) COLLATE utf8_unicode_ci DEFAULT NULL COMMENT '第三方序號',
  `pay_id` varchar(255) COLLATE utf8_unicode_ci DEFAULT NULL COMMENT '儲值ID(外部提供)',
  `status` tinyint(4) UNSIGNED NOT NULL DEFAULT '0' COMMENT '狀態  [0: 未審核] [1:完成] [2:拒絕][3:捨棄]',
  `contents` varchar(255) COLLATE utf8_unicode_ci DEFAULT NULL COMMENT '備註',
  `created_time` datetime DEFAULT NULL,
  `updated_time` datetime DEFAULT NULL,
  `last_manager` varchar(20) COLLATE utf8_unicode_ci NOT NULL,
  `check_time` datetime NOT NULL COMMENT '審核時間'
) ENGINE=InnoDB DEFAULT CHARSET=utf8 COLLATE=utf8_unicode_ci;

--
-- 資料表的匯出資料 `deposit`
--

INSERT INTO `deposit` (`id`, `user_id`, `game_id`, `money`, `deposit_pay_id`, `pay_code`, `pay_id`, `status`, `contents`, `created_time`, `updated_time`, `last_manager`, `check_time`) VALUES
(90, 1, 5, 800, 1, '145896', NULL, 1, '', '2017-12-14 12:01:06', '2017-12-14 12:01:44', 'admin', '2017-12-14 12:01:41'),
(91, 3, 4, 700, 1, '753698', NULL, 3, '', '2017-12-14 12:02:14', '2017-12-14 12:02:27', 'admin', '2017-12-14 12:02:27'),
(92, 2, 5, 850, 1, '454113', NULL, 1, '', '2017-12-14 12:07:12', '2017-12-14 12:07:27', 'customer', '2017-12-14 12:07:25');

--
-- 觸發器 `deposit`
--
DELIMITER $$
CREATE TRIGGER `deposit_insert_trigger` AFTER INSERT ON `deposit` FOR EACH ROW insert into deposit_log(deposit_id, user_id,game_id,contents, last_manager) values (NEW.id, NEW.user_id, NEW.game_id, "新增", NEW.last_manager)
$$
DELIMITER ;
DELIMITER $$
CREATE TRIGGER `deposit_update_trigger` AFTER UPDATE ON `deposit` FOR EACH ROW IF (NEW.contents != OLD.contents AND NEW.status != OLD.status) 
    THEN
    	INSERT INTO deposit_log(deposit_id, user_id,game_id,status,contents, last_manager) values (OLD.id, OLD.user_id, OLD.game_id, NEW.status, NEW.contents, new.last_manager); 
 ELSEIF (NEW.contents != OLD.contents) 
    THEN
    	INSERT INTO deposit_log(deposit_id, user_id,game_id,contents, last_manager) values (OLD.id, OLD.user_id, OLD.game_id ,NEW.contents, new.last_manager);
    ELSEIF (NEW.status != OLD.status) 
    THEN
    	INSERT INTO deposit_log(deposit_id, user_id,game_id,status, last_manager) values (OLD.id, OLD.user_id, OLD.game_id ,NEW.status, new.last_manager);
END IF
$$
DELIMITER ;

-- --------------------------------------------------------

--
-- 資料表結構 `deposit_log`
--

CREATE TABLE `deposit_log` (
  `id` int(11) NOT NULL,
  `deposit_id` int(11) NOT NULL,
  `user_id` int(11) NOT NULL,
  `game_id` int(11) NOT NULL,
  `status` tinyint(4) DEFAULT NULL COMMENT '狀態  [0: 未審核] [1:完成] [2:拒絕][3:捨棄]',
  `contents` longtext COLLATE utf8_unicode_ci NOT NULL,
  `last_manager` varchar(20) COLLATE utf8_unicode_ci NOT NULL,
  `updated_time` datetime NOT NULL DEFAULT CURRENT_TIMESTAMP
) ENGINE=InnoDB DEFAULT CHARSET=utf8 COLLATE=utf8_unicode_ci;

--
-- 資料表的匯出資料 `deposit_log`
--

INSERT INTO `deposit_log` (`id`, `deposit_id`, `user_id`, `game_id`, `status`, `contents`, `last_manager`, `updated_time`) VALUES
(231, 90, 1, 5, NULL, '新增', 'admin', '2017-12-14 12:01:06'),
(232, 90, 1, 5, 1, '', 'admin', '2017-12-14 12:01:41'),
(233, 91, 3, 4, NULL, '新增', 'admin', '2017-12-14 12:02:14'),
(234, 91, 3, 4, 3, '', 'admin', '2017-12-14 12:02:23'),
(235, 92, 2, 5, NULL, '新增', 'customer', '2017-12-14 12:07:12'),
(236, 92, 2, 5, 1, '', 'money', '2017-12-14 12:07:25');

-- --------------------------------------------------------

--
-- 資料表結構 `deposit_pay`
--

CREATE TABLE `deposit_pay` (
  `id` int(11) NOT NULL,
  `pay_name` varchar(60) COLLATE utf8_unicode_ci NOT NULL COMMENT '第三方支付名稱',
  `last_manager` varchar(20) COLLATE utf8_unicode_ci NOT NULL,
  `created_time` datetime NOT NULL
) ENGINE=InnoDB DEFAULT CHARSET=utf8 COLLATE=utf8_unicode_ci COMMENT='第三方支付列表';

--
-- 資料表的匯出資料 `deposit_pay`
--

INSERT INTO `deposit_pay` (`id`, `pay_name`, `last_manager`, `created_time`) VALUES
(1, 'MyCard', 'admin', '2017-12-06 10:13:52');

-- --------------------------------------------------------

--
-- 資料表結構 `dispensing`
--

CREATE TABLE `dispensing` (
  `id` int(11) NOT NULL,
  `user_id` tinyint(10) DEFAULT NULL COMMENT '玩家id',
  `game_id` tinyint(10) DEFAULT NULL COMMENT '遊戲id',
  `bank_card_id` int(11) NOT NULL COMMENT '我方銀行卡號',
  `bank_id` varchar(100) COLLATE utf8_unicode_ci NOT NULL COMMENT '玩家銀行',
  `num` varchar(50) COLLATE utf8_unicode_ci DEFAULT NULL COMMENT '對方卡號',
  `money` varchar(255) COLLATE utf8_unicode_ci DEFAULT NULL COMMENT '金額',
  `contents` longtext COLLATE utf8_unicode_ci COMMENT '意見',
  `last_manager` varchar(20) COLLATE utf8_unicode_ci NOT NULL,
  `created_time` datetime NOT NULL COMMENT '申請時間',
  `updated_time` datetime NOT NULL COMMENT '審核時間',
  `is_pay` tinyint(4) NOT NULL COMMENT '交易狀態',
  `check_time` datetime NOT NULL DEFAULT '0000-00-00 00:00:00' ON UPDATE CURRENT_TIMESTAMP
) ENGINE=InnoDB DEFAULT CHARSET=utf8 COLLATE=utf8_unicode_ci COMMENT='出款';

--
-- 資料表的匯出資料 `dispensing`
--

INSERT INTO `dispensing` (`id`, `user_id`, `game_id`, `bank_card_id`, `bank_id`, `num`, `money`, `contents`, `last_manager`, `created_time`, `updated_time`, `is_pay`, `check_time`) VALUES
(28, 1, 5, 2, '17', '785436', '790', '', 'admin', '2017-12-14 12:03:03', '2017-12-14 12:03:33', 2, '2017-12-14 12:03:33'),
(29, 2, 5, 1, '16', '45461', '800', '', 'admin', '2017-12-14 12:03:59', '2017-12-14 12:04:16', 3, '2017-12-14 12:04:16'),
(30, 2, 5, 2, '17', '589612', '700', '', 'customer', '2017-12-14 12:05:09', '2017-12-14 12:05:36', 2, '2017-12-14 12:05:36'),
(31, 3, 4, 1, '16', '4125', '5889', '', 'money', '2017-12-14 12:05:57', '2017-12-14 12:06:11', 3, '2017-12-14 12:06:11');

--
-- 觸發器 `dispensing`
--
DELIMITER $$
CREATE TRIGGER `dispensing_check_updated_trigger` AFTER UPDATE ON `dispensing` FOR EACH ROW IF (NEW.contents != OLD.contents AND NEW.is_pay != OLD.is_pay) 
    THEN
    	INSERT INTO dispensing_log(dispensing_id, user_id,game_id,is_pay,contents, last_manager) values (OLD.id, OLD.user_id, OLD.game_id, NEW.is_pay, NEW.contents, new.last_manager); 
 ELSEIF (NEW.contents != OLD.contents) 
    THEN
    	INSERT INTO dispensing_log(dispensing_id, user_id,game_id,contents, last_manager) values (OLD.id, OLD.user_id, OLD.game_id ,NEW.contents, new.last_manager);
    ELSEIF (NEW.is_pay != OLD.is_pay) 
    THEN
    	INSERT INTO dispensing_log(dispensing_id, user_id,game_id,is_pay, last_manager) values (OLD.id, OLD.user_id, OLD.game_id ,NEW.is_pay, new.last_manager);
END IF
$$
DELIMITER ;
DELIMITER $$
CREATE TRIGGER `dispensing_insert_trigger` AFTER INSERT ON `dispensing` FOR EACH ROW insert into dispensing_log(dispensing_id, user_id,game_id,contents, last_manager) values (NEW.id, NEW.user_id, NEW.game_id, "新增", NEW.last_manager)
$$
DELIMITER ;

-- --------------------------------------------------------

--
-- 資料表結構 `dispensing_log`
--

CREATE TABLE `dispensing_log` (
  `id` int(11) NOT NULL,
  `dispensing_id` int(11) NOT NULL COMMENT '出款項目的ID',
  `user_id` int(11) NOT NULL,
  `game_id` int(11) NOT NULL,
  `is_pay` tinyint(4) DEFAULT NULL COMMENT '狀態  [0: 未審核] [1:完成] [2:拒絕][3:捨棄]',
  `contents` longtext COLLATE utf8_unicode_ci NOT NULL COMMENT '備註',
  `last_manager` varchar(20) COLLATE utf8_unicode_ci NOT NULL,
  `updated_time` datetime NOT NULL DEFAULT CURRENT_TIMESTAMP
) ENGINE=InnoDB DEFAULT CHARSET=utf8 COLLATE=utf8_unicode_ci;

--
-- 資料表的匯出資料 `dispensing_log`
--

INSERT INTO `dispensing_log` (`id`, `dispensing_id`, `user_id`, `game_id`, `is_pay`, `contents`, `last_manager`, `updated_time`) VALUES
(54, 28, 1, 5, NULL, '新增', 'admin', '2017-12-14 12:03:03'),
(55, 28, 1, 5, 2, '', 'admin', '2017-12-14 12:03:30'),
(56, 29, 2, 5, NULL, '新增', 'admin', '2017-12-14 12:03:59'),
(57, 29, 2, 5, 3, '', 'admin', '2017-12-14 12:04:11'),
(58, 30, 2, 5, NULL, '新增', 'customer', '2017-12-14 12:05:09'),
(59, 30, 2, 5, 2, '', 'money', '2017-12-14 12:05:33'),
(60, 31, 3, 4, NULL, '新增', 'customer', '2017-12-14 12:05:57'),
(61, 31, 3, 4, 3, '', 'customer', '2017-12-14 12:06:07');

-- --------------------------------------------------------

--
-- 資料表結構 `member`
--

CREATE TABLE `member` (
  `id` int(11) NOT NULL COMMENT '使用者編號',
  `member_id` varchar(25) COLLATE utf8_unicode_ci NOT NULL COMMENT '會員ID',
  `member_name` varchar(40) COLLATE utf8_unicode_ci NOT NULL COMMENT '暱稱',
  `platform_id` int(11) NOT NULL,
  `email` varchar(60) COLLATE utf8_unicode_ci NOT NULL,
  `point` int(11) NOT NULL,
  `created_time` timestamp NOT NULL DEFAULT CURRENT_TIMESTAMP ON UPDATE CURRENT_TIMESTAMP,
  `updated_time` timestamp NULL DEFAULT NULL,
  `last_manager` varchar(20) COLLATE utf8_unicode_ci NOT NULL
) ENGINE=InnoDB DEFAULT CHARSET=utf8 COLLATE=utf8_unicode_ci;

--
-- 資料表的匯出資料 `member`
--

INSERT INTO `member` (`id`, `member_id`, `member_name`, `platform_id`, `email`, `point`, `created_time`, `updated_time`, `last_manager`) VALUES
(3, 'a571615', '煞氣a小夫', 4, '', 0, '2017-12-19 08:26:13', '2017-12-19 07:36:01', 'admin'),
(4, 'CMPunk33', '王曉明', 4, '', 0, '2017-12-19 08:26:17', '2017-12-19 07:37:30', 'admin'),
(5, 'GGQbbb123', '李小小', 4, '', 0, '2017-12-19 07:58:19', '2017-12-19 07:58:19', 'admin');

-- --------------------------------------------------------

--
-- 資料表結構 `mycard`
--

CREATE TABLE `mycard` (
  `id` int(11) NOT NULL,
  `FacTradeSeq` varchar(256) COLLATE utf8_unicode_ci NOT NULL,
  `ServerId` int(11) DEFAULT NULL,
  `member_id` varchar(25) COLLATE utf8_unicode_ci NOT NULL,
  `PaymentType` int(11) DEFAULT NULL,
  `ItemCode` int(11) DEFAULT NULL,
  `product_id` varchar(50) COLLATE utf8_unicode_ci NOT NULL,
  `Amount` int(11) NOT NULL,
  `Currency` char(3) COLLATE utf8_unicode_ci NOT NULL,
  `Created_date` datetime NOT NULL DEFAULT CURRENT_TIMESTAMP,
  `Pay_time` datetime DEFAULT NULL COMMENT '付款時間',
  `Check_time` datetime DEFAULT NULL COMMENT '請款時間',
  `AuthCode` varchar(256) COLLATE utf8_unicode_ci NOT NULL,
  `ReturnCode` int(11) NOT NULL,
  `PayResult` int(11) DEFAULT '0',
  `last_manager` varchar(255) COLLATE utf8_unicode_ci DEFAULT NULL COMMENT '最後管理者'
) ENGINE=InnoDB DEFAULT CHARSET=utf8 COLLATE=utf8_unicode_ci;

--
-- 資料表的匯出資料 `mycard`
--

INSERT INTO `mycard` (`id`, `FacTradeSeq`, `ServerId`, `member_id`, `PaymentType`, `ItemCode`, `product_id`, `Amount`, `Currency`, `Created_date`, `Pay_time`, `Check_time`, `AuthCode`, `ReturnCode`, `PayResult`, `last_manager`) VALUES
(3, '780582', NULL, 'i12483254', NULL, NULL, 'gs714851', 1390, 'TWD', '2017-12-12 17:12:43', '2017-12-14 10:16:32', '2017-12-15 17:41:54', '2D778DD7201E2CDD0B5BBFCD5A66D22AA69D7697DD8D786C4A40C055A83CB6B4706FB0B52DA93E900A673CF3CCF94770', 1, 0, 'admin'),
(7, '789541', NULL, 'iswaj5124', NULL, NULL, 'gs714851', 875, 'TWD', '2017-12-12 17:12:43', '2017-12-14 10:16:32', NULL, '2D778DD7201E2CDDE3AF771F3DDB31CDAB82F7A95A0217591363659765BF6A20F4A74B58B835B5DF0A673CF3CCF94770', 1, 0, 'admin'),
(10, '789541', NULL, 'iswaj5124', NULL, NULL, 'gs714851', 875, 'TWD', '2017-12-12 17:12:43', '2017-12-14 10:16:32', '2017-12-15 16:01:03', '2D778DD7201E2CDDE3AF771F3DDB31CDAB82F7A95A0217591363659765BF6A20F4A74B58B835B5DF0A673CF3CCF94770', 1, 0, 'admin'),
(11, 'MC5a3387edd8887', NULL, 'johncena', NULL, NULL, 'Money', 150, 'TWD', '2017-12-15 16:29:33', NULL, '2017-12-15 16:32:56', '2D778DD7201E2CDD1F9037A49B71291A8C660DC77241C7045EEB6168224AD6B70EDE2E2395EEFAB2C1337B3CF03CC854EE6D92EE108D9981', 1, 1, 'admin'),
(12, 'MC5a33923d6ea29', NULL, 'CMPunk', NULL, NULL, 'Money', 150, 'TWD', '2017-12-15 17:13:33', NULL, '2017-12-15 17:18:05', '2D778DD7201E2CDD5EE1AED64948B860BBD89272FD7E7C8CB7803CE1716B6090C4B94AF89D098A22ABE1EAF54D3A2191EE6D92EE108D9981', 1, 1, 'admin'),
(13, 'MC5a339904a22f7', NULL, 'GGQbbb123', NULL, NULL, 'Money', 150, 'TWD', '2017-12-15 17:42:28', NULL, '2017-12-15 17:44:10', '2D778DD7201E2CDD2EF0ECFC193F052DBBD89272FD7E7C8C213E62CF0FA94148FB9E0A3D16648F8C94920EB575E59E5FEE6D92EE108D9981', 0, 1, 'admin'),
(14, 'MC5a373ebe90a55', NULL, 'BBJJD', NULL, NULL, 'Money', 150, 'TWD', '2017-12-18 12:06:22', NULL, NULL, '2D778DD7201E2CDDA7409134FA138836DFD1C9C29E6638E1B4CBBBCA0FD6E17388D42F61AAFFF083B560E12C09E4590DEE6D92EE108D9981', 0, 0, NULL),
(15, 'MC5a373f416d234', NULL, 'GG854', NULL, NULL, 'Money', 150, 'TWD', '2017-12-18 12:08:33', NULL, '2017-12-18 14:54:54', '2D778DD7201E2CDDD350516FD1DCFC6ADFD1C9C29E6638E1958C0B2472AD8D2F97D27B4903F00EE34511B90B9C9A299EEE6D92EE108D9981', 1, 0, 'admin'),
(16, 'MC5a3741a0b4026', NULL, 'GGQaaa123', NULL, NULL, 'Money', 150, 'TWD', '2017-12-18 12:18:40', NULL, '2017-12-18 14:54:44', '2D778DD7201E2CDDECD875D95D208DF163ADED062C67A354DFFE8872054D20C497D27B4903F00EE30C534A0C2615B9F0EE6D92EE108D9981', 1, 0, 'admin'),
(17, 'MC5a37422eb3a33', NULL, 'GGQbbb456', NULL, NULL, 'Money', 150, 'TWD', '2017-12-18 12:21:02', NULL, '2017-12-18 14:54:36', '2D778DD7201E2CDDC43F5D5354E483B163ADED062C67A35427AAC16B32DB5B0D97D27B4903F00EE335B70C29819CB385EE6D92EE108D9981', 1, 0, 'admin'),
(18, 'MC5a37684452423', NULL, 'GGQCC46', NULL, NULL, 'Money', 150, 'TWD', '2017-12-18 15:03:32', NULL, '2017-12-18 15:07:14', '2D778DD7201E2CDD9C1C29A138AA6DDF65FF25F620C634A698EF9CA9208DFE55936DF7E33514F75223DD98B93CADC1C0EE6D92EE108D9981', 0, 1, 'admin'),
(19, 'MC5a37693ddea23', NULL, 'GGQCC95', NULL, NULL, 'Money', 150, 'TWD', '2017-12-18 15:07:41', NULL, '2017-12-18 15:20:46', '2D778DD7201E2CDDD1304C0FB2C7372F65FF25F620C634A6D820109BA21F925A936DF7E33514F75235B70C29819CB385EE6D92EE108D9981', 0, 1, 'admin'),
(20, 'MC5a376c84b9095', NULL, 'WAdfuju', NULL, NULL, 'Money', 150, 'TWD', '2017-12-18 15:21:40', '2017-12-18 15:36:11', '2017-12-18 15:36:59', '2D778DD7201E2CDD51DA3CCB2CBDFD5A65FF25F620C634A65365AA7EAAFAD891E8B549DD910F6F5A65EDDCF3E72F97C0EE6D92EE108D9981', 1, 1, 'admin');

--
-- 觸發器 `mycard`
--
DELIMITER $$
CREATE TRIGGER `mycard_update_trigger` AFTER UPDATE ON `mycard` FOR EACH ROW IF (NEW.PayResult != OLD.PayResult) 
THEN
INSERT INTO mycard_log(deposit_id,user_id,FacTradeSeq,PayResult, last_manager) values (OLD.id, OLD.CustomerId,OLD.FacTradeSeq,NEW.PayResult, new.last_manager);
END IF
$$
DELIMITER ;

-- --------------------------------------------------------

--
-- 資料表結構 `mycard_log`
--

CREATE TABLE `mycard_log` (
  `id` int(11) NOT NULL,
  `deposit_id` int(11) NOT NULL,
  `user_id` varchar(100) COLLATE utf8_unicode_ci DEFAULT NULL COMMENT '玩家id',
  `FacTradeSeq` varchar(255) COLLATE utf8_unicode_ci DEFAULT NULL,
  `PayResult` tinyint(4) DEFAULT NULL COMMENT '狀態  [0: 未審核] [1:完成] [2:拒絕][3:捨棄]',
  `last_manager` varchar(20) COLLATE utf8_unicode_ci NOT NULL,
  `updated_time` datetime NOT NULL DEFAULT CURRENT_TIMESTAMP
) ENGINE=InnoDB DEFAULT CHARSET=utf8 COLLATE=utf8_unicode_ci;

--
-- 資料表的匯出資料 `mycard_log`
--

INSERT INTO `mycard_log` (`id`, `deposit_id`, `user_id`, `FacTradeSeq`, `PayResult`, `last_manager`, `updated_time`) VALUES
(238, 10, 'iswaj5124', '789541', 3, 'admin', '2017-12-15 10:55:48'),
(239, 3, 'i12483254', '780582', 3, 'admin', '2017-12-15 14:34:06'),
(240, 10, 'iswaj5124', '789541', 3, 'admin', '2017-12-15 14:49:21'),
(241, 10, 'iswaj5124', '789541', 0, 'admin', '2017-12-15 14:59:36'),
(242, 3, 'i12483254', '780582', 0, 'admin', '2017-12-15 14:59:40'),
(243, 3, 'i12483254', '780582', 3, 'admin', '2017-12-15 15:45:40'),
(244, 10, 'iswaj5124', '789541', 3, 'admin', '2017-12-15 16:01:03'),
(245, 10, 'iswaj5124', '789541', 0, 'admin', '2017-12-15 16:01:53'),
(246, 3, 'i12483254', '780582', 0, 'admin', '2017-12-15 16:01:56'),
(247, 11, 'johncena', 'MC5a3387edd8887', 1, 'admin', '2017-12-15 16:33:10'),
(248, 12, 'CMPunk', 'MC5a33923d6ea29', 1, 'admin', '2017-12-15 17:18:05'),
(249, 13, 'GGQbbb123', 'MC5a339904a22f7', 1, 'admin', '2017-12-15 17:44:10'),
(250, 18, 'GGQCC46', 'MC5a37684452423', 1, 'admin', '2017-12-18 15:07:14'),
(251, 19, 'GGQCC95', 'MC5a37693ddea23', 1, 'admin', '2017-12-18 15:20:46'),
(252, 20, 'WAdfuju', 'MC5a376c84b9095', 1, 'admin', '2017-12-18 15:36:59');

-- --------------------------------------------------------

--
-- 資料表結構 `platform`
--

CREATE TABLE `platform` (
  `id` int(11) NOT NULL COMMENT 'ID',
  `platform_name` varchar(60) COLLATE utf8_unicode_ci NOT NULL,
  `last_manager` varchar(20) COLLATE utf8_unicode_ci NOT NULL,
  `created_time` datetime NOT NULL,
  `updated_time` datetime NOT NULL
) ENGINE=InnoDB DEFAULT CHARSET=utf8 COLLATE=utf8_unicode_ci COMMENT='玩家群組';

--
-- 資料表的匯出資料 `platform`
--

INSERT INTO `platform` (`id`, `platform_name`, `last_manager`, `created_time`, `updated_time`) VALUES
(4, 'Facebook', 'admin', '2017-12-06 10:27:48', '2017-12-19 12:28:44'),
(5, '微博', 'admin', '2017-12-06 10:31:41', '2017-12-06 10:31:41');

-- --------------------------------------------------------

--
-- 資料表結構 `product`
--

CREATE TABLE `product` (
  `id` int(11) NOT NULL,
  `product_id` varchar(50) COLLATE utf8_unicode_ci NOT NULL COMMENT '產品ID',
  `name` varchar(40) COLLATE utf8_unicode_ci NOT NULL COMMENT '名稱',
  `amount` int(11) NOT NULL,
  `point` int(11) NOT NULL COMMENT '點數',
  `ratio` float NOT NULL COMMENT '比值',
  `bonus` int(11) NOT NULL COMMENT '紅利',
  `status` tinyint(4) UNSIGNED NOT NULL DEFAULT '0' COMMENT '狀態  [0: 未審核] [1:完成] [2:拒絕][3:捨棄]',
  `created_time` timestamp NOT NULL DEFAULT CURRENT_TIMESTAMP ON UPDATE CURRENT_TIMESTAMP,
  `updated_time` timestamp NULL DEFAULT NULL,
  `last_manager` varchar(20) COLLATE utf8_unicode_ci NOT NULL
) ENGINE=InnoDB DEFAULT CHARSET=utf8 COLLATE=utf8_unicode_ci;

--
-- 資料表的匯出資料 `product`
--

INSERT INTO `product` (`id`, `product_id`, `name`, `amount`, `point`, `ratio`, `bonus`, `status`, `created_time`, `updated_time`, `last_manager`) VALUES
(4, 'GW8102774', '1500點', 150, 1500, 10, 150, 0, '2017-12-20 02:30:37', '2017-12-20 02:30:37', 'admin'),
(7, 'GS5a39d331a100f', '10000點', 1000, 10000, 10, 300, 0, '2017-12-20 04:20:53', '2017-12-20 04:20:53', 'admin');

-- --------------------------------------------------------

--
-- 資料表結構 `rules`
--

CREATE TABLE `rules` (
  `r_id` int(11) NOT NULL,
  `r_name` varchar(80) COLLATE utf8_unicode_ci NOT NULL,
  `r_depiction` text COLLATE utf8_unicode_ci NOT NULL,
  `r_agents` int(11) NOT NULL COMMENT '[0]公司[1]改代理人',
  `r_service` int(11) NOT NULL,
  `r_superadmin` tinyint(4) NOT NULL DEFAULT '0',
  `r_system` varchar(255) COLLATE utf8_unicode_ci NOT NULL,
  `r_admin` varchar(20) COLLATE utf8_unicode_ci NOT NULL,
  `r_updatetime` datetime NOT NULL,
  `r_createtime` datetime NOT NULL
) ENGINE=InnoDB DEFAULT CHARSET=utf8 COLLATE=utf8_unicode_ci ROW_FORMAT=COMPACT;

--
-- 資料表的匯出資料 `rules`
--

INSERT INTO `rules` (`r_id`, `r_name`, `r_depiction`, `r_agents`, `r_service`, `r_superadmin`, `r_system`, `r_admin`, `r_updatetime`, `r_createtime`) VALUES
(2, '系統管理員', '最高權限管理組', 0, 0, 0, '', 'admin', '2017-12-19 17:58:06', '2016-02-02 18:36:21'),
(3, '總代理人', '這個是總代理人帳號權限\r\n不可改', 0, 0, 0, '', 'admin', '2017-12-08 10:00:07', '2017-07-15 12:21:16'),
(4, '財務', '調閱玩家資料與上下分操作', 1, 0, 0, '', 'admin', '2017-12-11 14:19:30', '2017-07-16 10:43:18'),
(5, '行銷客服', '觀看基本資訊與出入款申請', 0, 1, 0, '', 'admin', '2017-12-20 12:05:46', '2017-07-20 13:03:09');

-- --------------------------------------------------------

--
-- 資料表結構 `rules_auth`
--

CREATE TABLE `rules_auth` (
  `ra_id` int(11) NOT NULL,
  `r_id` int(11) NOT NULL,
  `ra_main_key` int(11) NOT NULL,
  `ra_fun_key` int(11) NOT NULL,
  `ra_auth` int(11) NOT NULL,
  `ra_admin` varchar(20) COLLATE utf8_unicode_ci NOT NULL,
  `ra_updatetime` datetime NOT NULL,
  `ra_createtime` datetime NOT NULL
) ENGINE=InnoDB DEFAULT CHARSET=utf8 COLLATE=utf8_unicode_ci;

--
-- 資料表的匯出資料 `rules_auth`
--

INSERT INTO `rules_auth` (`ra_id`, `r_id`, `ra_main_key`, `ra_fun_key`, `ra_auth`, `ra_admin`, `ra_updatetime`, `ra_createtime`) VALUES
(1, 14, 10, 3, 10, 'admin', '2017-07-26 09:03:42', '2017-07-26 09:03:42'),
(2, 15, 10, 2, 14, 'admin', '2017-07-26 09:03:59', '2017-07-26 09:03:59'),
(3, 16, 10, 3, 10, 'admin', '2017-07-26 09:04:16', '2017-07-26 09:04:16'),
(4, 16, 10, 4, 10, 'admin', '2017-07-26 09:04:16', '2017-07-26 09:04:16'),
(5, 17, 7, 1, 10, 'admin', '2017-08-11 18:47:34', '2017-08-11 18:47:34'),
(6, 17, 7, 2, 10, 'admin', '2017-08-11 18:47:34', '2017-08-11 18:47:34'),
(7, 17, 7, 3, 10, 'admin', '2017-08-11 18:47:34', '2017-08-11 18:47:34'),
(8, 17, 7, 4, 10, 'admin', '2017-08-11 18:47:34', '2017-08-11 18:47:34'),
(9, 6, 10, 1, 14, 'admin', '2017-10-16 11:20:04', '2017-10-16 11:20:04'),
(10, 7, 10, 2, 14, 'admin', '2017-10-16 11:21:16', '2017-10-16 11:21:16'),
(11, 8, 10, 1, 14, 'admin', '2017-10-16 11:21:58', '2017-10-16 11:21:58'),
(12, 8, 10, 2, 14, 'admin', '2017-10-16 11:21:58', '2017-10-16 11:21:58'),
(13, 9, 10, 3, 10, 'admin', '2017-10-16 11:23:22', '2017-10-16 11:23:22'),
(14, 13, 10, 1, 14, 'admin', '2017-10-16 11:24:36', '2017-10-16 11:24:36'),
(15, 13, 10, 2, 14, 'admin', '2017-10-16 11:24:36', '2017-10-16 11:24:36'),
(16, 10, 10, 4, 10, 'admin', '2017-10-16 11:25:24', '2017-10-16 11:25:24'),
(17, 11, 10, 3, 10, 'admin', '2017-10-16 11:25:56', '2017-10-16 11:25:56'),
(18, 11, 10, 4, 10, 'admin', '2017-10-16 11:25:56', '2017-10-16 11:25:56'),
(140, 3, 1, 1, 30, 'admin', '2017-12-08 10:00:07', '2017-12-08 10:00:07'),
(141, 3, 1, 2, 2, 'admin', '2017-12-08 10:00:07', '2017-12-08 10:00:07'),
(142, 3, 2, 1, 30, 'admin', '2017-12-08 10:00:07', '2017-12-08 10:00:07'),
(143, 3, 3, 1, 30, 'admin', '2017-12-08 10:00:07', '2017-12-08 10:00:07'),
(144, 3, 3, 2, 30, 'admin', '2017-12-08 10:00:07', '2017-12-08 10:00:07'),
(145, 3, 3, 3, 30, 'admin', '2017-12-08 10:00:07', '2017-12-08 10:00:07'),
(146, 3, 3, 4, 30, 'admin', '2017-12-08 10:00:07', '2017-12-08 10:00:07'),
(147, 3, 3, 5, 30, 'admin', '2017-12-08 10:00:07', '2017-12-08 10:00:07'),
(148, 3, 4, 1, 30, 'admin', '2017-12-08 10:00:07', '2017-12-08 10:00:07'),
(149, 3, 4, 2, 30, 'admin', '2017-12-08 10:00:07', '2017-12-08 10:00:07'),
(150, 3, 4, 3, 30, 'admin', '2017-12-08 10:00:07', '2017-12-08 10:00:07'),
(151, 3, 4, 4, 30, 'admin', '2017-12-08 10:00:07', '2017-12-08 10:00:07'),
(152, 3, 4, 5, 30, 'admin', '2017-12-08 10:00:07', '2017-12-08 10:00:07'),
(153, 3, 4, 6, 30, 'admin', '2017-12-08 10:00:07', '2017-12-08 10:00:07'),
(168, 4, 1, 1, 30, 'admin', '2017-12-11 14:19:30', '2017-12-11 14:19:30'),
(169, 4, 1, 2, 2, 'admin', '2017-12-11 14:19:30', '2017-12-11 14:19:30'),
(170, 4, 2, 1, 30, 'admin', '2017-12-11 14:19:30', '2017-12-11 14:19:30'),
(171, 4, 3, 1, 30, 'admin', '2017-12-11 14:19:30', '2017-12-11 14:19:30'),
(172, 4, 3, 2, 30, 'admin', '2017-12-11 14:19:30', '2017-12-11 14:19:30'),
(173, 4, 3, 3, 30, 'admin', '2017-12-11 14:19:30', '2017-12-11 14:19:30'),
(174, 4, 3, 4, 30, 'admin', '2017-12-11 14:19:30', '2017-12-11 14:19:30'),
(175, 4, 3, 5, 30, 'admin', '2017-12-11 14:19:30', '2017-12-11 14:19:30'),
(176, 4, 4, 1, 30, 'admin', '2017-12-11 14:19:30', '2017-12-11 14:19:30'),
(177, 4, 4, 2, 30, 'admin', '2017-12-11 14:19:30', '2017-12-11 14:19:30'),
(178, 4, 4, 3, 30, 'admin', '2017-12-11 14:19:30', '2017-12-11 14:19:30'),
(179, 4, 4, 4, 30, 'admin', '2017-12-11 14:19:30', '2017-12-11 14:19:30'),
(180, 4, 4, 5, 30, 'admin', '2017-12-11 14:19:30', '2017-12-11 14:19:30'),
(181, 4, 4, 6, 30, 'admin', '2017-12-11 14:19:30', '2017-12-11 14:19:30'),
(232, 2, 1, 1, 30, 'admin', '2017-12-19 17:58:07', '2017-12-19 17:58:07'),
(233, 2, 1, 2, 2, 'admin', '2017-12-19 17:58:07', '2017-12-19 17:58:07'),
(234, 2, 2, 1, 30, 'admin', '2017-12-19 17:58:07', '2017-12-19 17:58:07'),
(235, 2, 6, 1, 30, 'admin', '2017-12-19 17:58:07', '2017-12-19 17:58:07'),
(236, 2, 6, 2, 30, 'admin', '2017-12-19 17:58:07', '2017-12-19 17:58:07'),
(237, 2, 6, 3, 30, 'admin', '2017-12-19 17:58:07', '2017-12-19 17:58:07'),
(238, 2, 3, 1, 30, 'admin', '2017-12-19 17:58:07', '2017-12-19 17:58:07'),
(239, 2, 3, 2, 30, 'admin', '2017-12-19 17:58:07', '2017-12-19 17:58:07'),
(240, 2, 3, 3, 30, 'admin', '2017-12-19 17:58:07', '2017-12-19 17:58:07'),
(241, 2, 3, 4, 30, 'admin', '2017-12-19 17:58:07', '2017-12-19 17:58:07'),
(242, 2, 3, 5, 30, 'admin', '2017-12-19 17:58:07', '2017-12-19 17:58:07'),
(243, 2, 4, 4, 30, 'admin', '2017-12-19 17:58:07', '2017-12-19 17:58:07'),
(244, 2, 4, 5, 30, 'admin', '2017-12-19 17:58:07', '2017-12-19 17:58:07'),
(245, 2, 4, 6, 30, 'admin', '2017-12-19 17:58:07', '2017-12-19 17:58:07'),
(246, 2, 7, 1, 30, 'admin', '2017-12-19 17:58:07', '2017-12-19 17:58:07'),
(247, 2, 5, 2, 30, 'admin', '2017-12-19 17:58:07', '2017-12-19 17:58:07'),
(248, 5, 3, 1, 30, 'admin', '2017-12-20 12:05:46', '2017-12-20 12:05:46'),
(249, 5, 3, 2, 30, 'admin', '2017-12-20 12:05:46', '2017-12-20 12:05:46'),
(250, 5, 3, 3, 30, 'admin', '2017-12-20 12:05:46', '2017-12-20 12:05:46'),
(251, 5, 3, 5, 30, 'admin', '2017-12-20 12:05:46', '2017-12-20 12:05:46'),
(252, 5, 4, 4, 30, 'admin', '2017-12-20 12:05:46', '2017-12-20 12:05:46'),
(253, 5, 4, 6, 30, 'admin', '2017-12-20 12:05:46', '2017-12-20 12:05:46'),
(254, 5, 7, 1, 2, 'admin', '2017-12-20 12:05:46', '2017-12-20 12:05:46');

--
-- 已匯出資料表的索引
--

--
-- 資料表索引 `admin`
--
ALTER TABLE `admin`
  ADD PRIMARY KEY (`a_id`);

--
-- 資料表索引 `admin_log`
--
ALTER TABLE `admin_log`
  ADD PRIMARY KEY (`al_id`);

--
-- 資料表索引 `anchor`
--
ALTER TABLE `anchor`
  ADD PRIMARY KEY (`id`);

--
-- 資料表索引 `bank`
--
ALTER TABLE `bank`
  ADD PRIMARY KEY (`id`);

--
-- 資料表索引 `bank_card`
--
ALTER TABLE `bank_card`
  ADD PRIMARY KEY (`id`);

--
-- 資料表索引 `deposit`
--
ALTER TABLE `deposit`
  ADD PRIMARY KEY (`id`);

--
-- 資料表索引 `deposit_log`
--
ALTER TABLE `deposit_log`
  ADD PRIMARY KEY (`id`);

--
-- 資料表索引 `deposit_pay`
--
ALTER TABLE `deposit_pay`
  ADD PRIMARY KEY (`id`);

--
-- 資料表索引 `dispensing`
--
ALTER TABLE `dispensing`
  ADD PRIMARY KEY (`id`);

--
-- 資料表索引 `dispensing_log`
--
ALTER TABLE `dispensing_log`
  ADD PRIMARY KEY (`id`);

--
-- 資料表索引 `member`
--
ALTER TABLE `member`
  ADD PRIMARY KEY (`id`);

--
-- 資料表索引 `mycard`
--
ALTER TABLE `mycard`
  ADD PRIMARY KEY (`id`);

--
-- 資料表索引 `mycard_log`
--
ALTER TABLE `mycard_log`
  ADD PRIMARY KEY (`id`);

--
-- 資料表索引 `platform`
--
ALTER TABLE `platform`
  ADD PRIMARY KEY (`id`);

--
-- 資料表索引 `product`
--
ALTER TABLE `product`
  ADD PRIMARY KEY (`id`);

--
-- 資料表索引 `rules`
--
ALTER TABLE `rules`
  ADD PRIMARY KEY (`r_id`);

--
-- 資料表索引 `rules_auth`
--
ALTER TABLE `rules_auth`
  ADD PRIMARY KEY (`ra_id`);

--
-- 在匯出的資料表使用 AUTO_INCREMENT
--

--
-- 使用資料表 AUTO_INCREMENT `admin`
--
ALTER TABLE `admin`
  MODIFY `a_id` int(11) NOT NULL AUTO_INCREMENT, AUTO_INCREMENT=19;

--
-- 使用資料表 AUTO_INCREMENT `admin_log`
--
ALTER TABLE `admin_log`
  MODIFY `al_id` int(11) NOT NULL AUTO_INCREMENT, AUTO_INCREMENT=3162;

--
-- 使用資料表 AUTO_INCREMENT `anchor`
--
ALTER TABLE `anchor`
  MODIFY `id` int(11) NOT NULL AUTO_INCREMENT;

--
-- 使用資料表 AUTO_INCREMENT `bank`
--
ALTER TABLE `bank`
  MODIFY `id` int(11) NOT NULL AUTO_INCREMENT, AUTO_INCREMENT=19;

--
-- 使用資料表 AUTO_INCREMENT `bank_card`
--
ALTER TABLE `bank_card`
  MODIFY `id` int(11) NOT NULL AUTO_INCREMENT, AUTO_INCREMENT=3;

--
-- 使用資料表 AUTO_INCREMENT `deposit`
--
ALTER TABLE `deposit`
  MODIFY `id` int(11) UNSIGNED NOT NULL AUTO_INCREMENT COMMENT '交易編號', AUTO_INCREMENT=93;

--
-- 使用資料表 AUTO_INCREMENT `deposit_log`
--
ALTER TABLE `deposit_log`
  MODIFY `id` int(11) NOT NULL AUTO_INCREMENT, AUTO_INCREMENT=237;

--
-- 使用資料表 AUTO_INCREMENT `deposit_pay`
--
ALTER TABLE `deposit_pay`
  MODIFY `id` int(11) NOT NULL AUTO_INCREMENT, AUTO_INCREMENT=2;

--
-- 使用資料表 AUTO_INCREMENT `dispensing`
--
ALTER TABLE `dispensing`
  MODIFY `id` int(11) NOT NULL AUTO_INCREMENT, AUTO_INCREMENT=32;

--
-- 使用資料表 AUTO_INCREMENT `dispensing_log`
--
ALTER TABLE `dispensing_log`
  MODIFY `id` int(11) NOT NULL AUTO_INCREMENT, AUTO_INCREMENT=62;

--
-- 使用資料表 AUTO_INCREMENT `member`
--
ALTER TABLE `member`
  MODIFY `id` int(11) NOT NULL AUTO_INCREMENT COMMENT '使用者編號', AUTO_INCREMENT=6;

--
-- 使用資料表 AUTO_INCREMENT `mycard`
--
ALTER TABLE `mycard`
  MODIFY `id` int(11) NOT NULL AUTO_INCREMENT, AUTO_INCREMENT=21;

--
-- 使用資料表 AUTO_INCREMENT `mycard_log`
--
ALTER TABLE `mycard_log`
  MODIFY `id` int(11) NOT NULL AUTO_INCREMENT, AUTO_INCREMENT=253;

--
-- 使用資料表 AUTO_INCREMENT `platform`
--
ALTER TABLE `platform`
  MODIFY `id` int(11) NOT NULL AUTO_INCREMENT COMMENT 'ID', AUTO_INCREMENT=6;

--
-- 使用資料表 AUTO_INCREMENT `product`
--
ALTER TABLE `product`
  MODIFY `id` int(11) NOT NULL AUTO_INCREMENT, AUTO_INCREMENT=8;

--
-- 使用資料表 AUTO_INCREMENT `rules_auth`
--
ALTER TABLE `rules_auth`
  MODIFY `ra_id` int(11) NOT NULL AUTO_INCREMENT, AUTO_INCREMENT=255;
COMMIT;

/*!40101 SET CHARACTER_SET_CLIENT=@OLD_CHARACTER_SET_CLIENT */;
/*!40101 SET CHARACTER_SET_RESULTS=@OLD_CHARACTER_SET_RESULTS */;
/*!40101 SET COLLATION_CONNECTION=@OLD_COLLATION_CONNECTION */;
