-- phpMyAdmin SQL Dump
-- version 4.7.4
-- https://www.phpmyadmin.net/
--
-- 主機: 127.0.0.1
-- 產生時間： 2018-01-02 12:01:31
-- 伺服器版本: 10.1.28-MariaDB
-- PHP 版本： 7.1.11

SET SQL_MODE = "NO_AUTO_VALUE_ON_ZERO";
SET AUTOCOMMIT = 0;
START TRANSACTION;
SET time_zone = "+00:00";


/*!40101 SET @OLD_CHARACTER_SET_CLIENT=@@CHARACTER_SET_CLIENT */;
/*!40101 SET @OLD_CHARACTER_SET_RESULTS=@@CHARACTER_SET_RESULTS */;
/*!40101 SET @OLD_COLLATION_CONNECTION=@@COLLATION_CONNECTION */;
/*!40101 SET NAMES utf8mb4 */;

--
-- 資料庫： `manage`
--

-- --------------------------------------------------------

--
-- 資料表結構 `admin`
--

CREATE TABLE `admin` (
  `a_id` int(11) NOT NULL,
  `a_games_id` varchar(150) NOT NULL COMMENT '可玩遊戲ID(,分開)',
  `a_all_upid` varchar(255) NOT NULL COMMENT '方便移除 遊戲ID 可以搜尋到相關階層帳號',
  `a_add_adminid` int(11) NOT NULL COMMENT '紀錄被哪支帳號新增',
  `a_first_upid` int(11) NOT NULL COMMENT '第一個總代ID',
  `a_level` int(11) NOT NULL COMMENT '身份[1]公司[2]總代[3]代理人[4]客服',
  `a_service` int(11) NOT NULL COMMENT '代理人ID(客服使用)',
  `a_mid` varchar(100) NOT NULL,
  `a_username` varchar(20) CHARACTER SET utf8 COLLATE utf8_unicode_ci NOT NULL,
  `a_password` varchar(255) CHARACTER SET utf8 COLLATE utf8_unicode_ci NOT NULL,
  `a_name` varchar(20) NOT NULL,
  `a_email` varchar(50) CHARACTER SET utf8 COLLATE utf8_unicode_ci NOT NULL,
  `a_pic` varchar(80) CHARACTER SET utf8 COLLATE utf8_unicode_ci NOT NULL,
  `r_id` int(11) NOT NULL,
  `a_forgetcode` varchar(100) CHARACTER SET utf8 COLLATE utf8_unicode_ci DEFAULT NULL,
  `a_forgetcode_time` datetime NOT NULL,
  `a_ip` varchar(15) CHARACTER SET utf8 COLLATE utf8_unicode_ci NOT NULL,
  `a_logintime` datetime NOT NULL,
  `a_ispublic` tinyint(4) NOT NULL,
  `a_admin` varchar(20) CHARACTER SET utf8 COLLATE utf8_unicode_ci NOT NULL,
  `a_createtime` datetime NOT NULL,
  `a_updatetime` datetime NOT NULL
) ENGINE=InnoDB DEFAULT CHARSET=utf8 ROW_FORMAT=COMPACT;

--
-- 資料表的匯出資料 `admin`
--

INSERT INTO `admin` (`a_id`, `a_games_id`, `a_all_upid`, `a_add_adminid`, `a_first_upid`, `a_level`, `a_service`, `a_mid`, `a_username`, `a_password`, `a_name`, `a_email`, `a_pic`, `r_id`, `a_forgetcode`, `a_forgetcode_time`, `a_ip`, `a_logintime`, `a_ispublic`, `a_admin`, `a_createtime`, `a_updatetime`) VALUES
(1, '', '', 1, 0, 1, 0, '4b7915b2c0cf8443c7d7b11cea118c151514277881177432r8ni95hrk9mrvhefl6jqfms6p', 'admin', 'ba3253876aed6bc22d4a6ff53d8406c6ad864195ed144ab5c87621b6c233b548baeae6956df346ec8c17f5ea10f35ee3cbc514797ed7ddd3145464e2a0bab413', '系統管理員', 'admin@gmail.com', '', 2, NULL, '0000-00-00 00:00:00', '127.0.0.1', '2017-12-26 16:44:41', 1, 'admin', '2017-10-17 13:43:34', '2017-10-17 13:43:34'),
(17, '', '', 1, 0, 1, 0, '1048851cd37e6659eed5e669579eab921513742759975002r8ni95hrk9mrvhefl6jqfms6p', 'customer', 'ba3253876aed6bc22d4a6ff53d8406c6ad864195ed144ab5c87621b6c233b548baeae6956df346ec8c17f5ea10f35ee3cbc514797ed7ddd3145464e2a0bab413', '客服', 'aaa@vvv.com', '', 5, NULL, '0000-00-00 00:00:00', '127.0.0.1', '2017-12-20 12:05:59', 1, 'admin', '2017-12-06 16:50:57', '2017-12-08 09:58:18'),
(18, '', '', 1, 0, 1, 0, 'db7b229025b7bf9e5c8bb2e1ea49518615132243199432qll4bu2p5e7v5vcr66igsi4kkd', 'money', 'ba3253876aed6bc22d4a6ff53d8406c6ad864195ed144ab5c87621b6c233b548baeae6956df346ec8c17f5ea10f35ee3cbc514797ed7ddd3145464e2a0bab413', '財務', 'bbb@ccc.ddd', '', 4, NULL, '0000-00-00 00:00:00', '127.0.0.1', '2017-12-14 12:05:19', 1, 'admin', '2017-12-08 09:58:44', '2017-12-08 09:58:44');

-- --------------------------------------------------------

--
-- 資料表結構 `admin_log`
--

CREATE TABLE `admin_log` (
  `al_id` int(11) NOT NULL,
  `a_username` varchar(20) NOT NULL,
  `al_main_key` int(11) NOT NULL,
  `al_fun_key` int(11) NOT NULL,
  `al_descript` varchar(100) NOT NULL,
  `al_createtime` datetime NOT NULL,
  `al_ip` char(15) NOT NULL,
  `al_action` int(11) NOT NULL
) ENGINE=MyISAM DEFAULT CHARSET=utf8;

--
-- 資料表的匯出資料 `admin_log`
--

INSERT INTO `admin_log` (`al_id`, `a_username`, `al_main_key`, `al_fun_key`, `al_descript`, `al_createtime`, `al_ip`, `al_action`) VALUES
(2726, 'admin', 3, 5, '列表', '2017-12-14 12:04:26', '127.0.0.1', 2),
(2727, 'admin', 3, 5, '列表', '2017-12-14 12:04:30', '127.0.0.1', 2),
(2725, 'admin', 3, 3, '列表', '2017-12-14 12:04:23', '127.0.0.1', 2),
(2724, 'admin', 3, 4, 'id:29', '2017-12-14 12:04:16', '127.0.0.1', 8),
(2723, 'admin', 3, 3, 'id:29', '2017-12-14 12:04:11', '127.0.0.1', 8),
(2722, 'admin', 3, 4, '列表', '2017-12-14 12:04:03', '127.0.0.1', 2),
(2721, 'admin', 3, 3, 'id:29', '2017-12-14 12:03:59', '127.0.0.1', 4),
(2720, 'admin', 3, 3, '列表', '2017-12-14 12:03:45', '127.0.0.1', 2),
(2719, 'admin', 3, 5, '列表', '2017-12-14 12:03:41', '127.0.0.1', 2),
(2718, 'admin', 3, 3, 'id:28', '2017-12-14 12:03:33', '127.0.0.1', 8),
(2717, 'admin', 3, 4, 'id:28', '2017-12-14 12:03:30', '127.0.0.1', 8),
(2716, 'admin', 3, 4, '列表', '2017-12-14 12:03:25', '127.0.0.1', 2),
(2715, 'admin', 3, 3, '列表', '2017-12-14 12:03:20', '127.0.0.1', 2),
(2714, 'admin', 3, 3, 'id:28', '2017-12-14 12:03:03', '127.0.0.1', 4),
(2713, 'admin', 3, 3, '列表', '2017-12-14 12:02:45', '127.0.0.1', 2),
(2712, 'admin', 4, 6, '列表', '2017-12-14 12:02:38', '127.0.0.1', 2),
(2711, 'admin', 4, 5, 'id:91', '2017-12-14 12:02:27', '127.0.0.1', 8),
(2710, 'admin', 4, 4, 'id:91', '2017-12-14 12:02:23', '127.0.0.1', 8),
(2709, 'admin', 4, 5, '列表', '2017-12-14 12:02:16', '127.0.0.1', 2),
(2708, 'admin', 4, 4, 'id:91', '2017-12-14 12:02:14', '127.0.0.1', 4),
(2707, 'admin', 4, 4, '列表', '2017-12-14 12:01:58', '127.0.0.1', 2),
(2706, 'admin', 4, 6, '列表', '2017-12-14 12:01:55', '127.0.0.1', 2),
(2705, 'admin', 4, 4, 'id:90', '2017-12-14 12:01:44', '127.0.0.1', 8),
(2704, 'admin', 4, 5, 'id:90', '2017-12-14 12:01:41', '127.0.0.1', 8),
(2703, 'admin', 4, 5, '列表', '2017-12-14 12:01:22', '127.0.0.1', 2),
(2702, 'admin', 4, 4, '列表', '2017-12-14 12:01:21', '127.0.0.1', 2),
(2701, 'admin', 4, 4, '列表', '2017-12-14 12:01:11', '127.0.0.1', 2),
(2700, 'admin', 4, 6, '列表', '2017-12-14 12:01:08', '127.0.0.1', 2),
(2699, 'admin', 4, 4, 'id:90', '2017-12-14 12:01:06', '127.0.0.1', 4),
(2698, 'admin', 4, 4, '列表', '2017-12-14 12:00:51', '127.0.0.1', 2),
(2697, 'admin', 3, 3, '列表', '2017-12-14 12:00:48', '127.0.0.1', 2),
(2696, 'admin', 4, 4, '列表', '2017-12-14 12:00:45', '127.0.0.1', 2),
(2695, 'admin', 4, 4, 'id:89', '2017-12-14 11:58:47', '127.0.0.1', 8),
(2694, 'admin', 4, 5, 'id:89', '2017-12-14 11:58:45', '127.0.0.1', 8),
(2693, 'admin', 4, 5, '列表', '2017-12-14 11:58:37', '127.0.0.1', 2),
(2692, 'admin', 4, 4, '列表', '2017-12-14 11:58:34', '127.0.0.1', 2),
(2691, 'admin', 4, 4, 'id:89', '2017-12-14 11:58:30', '127.0.0.1', 4),
(2690, 'admin', 4, 4, '列表', '2017-12-14 11:58:19', '127.0.0.1', 2),
(2689, 'admin', 3, 3, 'id:27', '2017-12-14 11:58:02', '127.0.0.1', 8),
(2688, 'admin', 3, 4, 'id:27', '2017-12-14 11:58:00', '127.0.0.1', 8),
(2687, 'admin', 3, 3, '列表', '2017-12-14 11:57:51', '127.0.0.1', 2),
(2686, 'admin', 3, 4, '列表', '2017-12-14 11:55:45', '127.0.0.1', 2),
(2685, 'admin', 3, 3, 'id:27', '2017-12-14 11:55:30', '127.0.0.1', 8),
(2684, 'admin', 3, 4, 'id:27', '2017-12-14 11:55:28', '127.0.0.1', 8),
(2683, 'admin', 3, 4, '列表', '2017-12-14 11:55:20', '127.0.0.1', 2),
(2682, 'admin', 3, 3, 'id:27', '2017-12-14 11:55:16', '127.0.0.1', 4),
(2681, 'admin', 3, 3, 'id:24', '2017-12-14 11:53:50', '127.0.0.1', 8),
(2680, 'admin', 3, 3, '列表', '2017-12-14 11:53:42', '127.0.0.1', 2),
(2679, 'admin', 3, 4, 'id:24', '2017-12-14 11:53:41', '127.0.0.1', 8),
(2678, 'admin', 3, 4, '列表', '2017-12-14 11:52:22', '127.0.0.1', 2),
(2677, 'admin', 3, 4, 'id:26', '2017-12-14 11:51:36', '127.0.0.1', 8),
(2676, 'admin', 3, 4, '列表', '2017-12-14 11:51:29', '127.0.0.1', 2),
(2675, 'admin', 3, 3, 'id:26', '2017-12-14 11:50:43', '127.0.0.1', 8),
(2674, 'admin', 3, 4, 'id:26', '2017-12-14 11:50:34', '127.0.0.1', 8),
(2673, 'admin', 3, 4, '列表', '2017-12-14 11:50:30', '127.0.0.1', 2),
(2672, 'admin', 3, 3, '列表', '2017-12-14 11:50:20', '127.0.0.1', 2),
(2671, 'admin', 3, 3, '列表', '2017-12-14 11:50:15', '127.0.0.1', 2),
(2670, 'admin', 4, 4, '列表', '2017-12-14 11:48:19', '127.0.0.1', 2),
(2669, 'admin', 4, 6, '列表', '2017-12-14 11:48:12', '127.0.0.1', 2),
(2668, 'admin', 4, 4, '列表', '2017-12-14 11:47:08', '127.0.0.1', 2),
(2667, 'admin', 4, 4, 'id:88', '2017-12-14 11:46:57', '127.0.0.1', 8),
(2666, 'admin', 4, 5, 'id:88', '2017-12-14 11:46:49', '127.0.0.1', 8),
(2665, 'admin', 4, 5, '列表', '2017-12-14 11:46:45', '127.0.0.1', 2),
(2664, 'admin', 4, 5, 'id:88', '2017-12-14 11:46:38', '127.0.0.1', 8),
(2663, 'admin', 4, 5, '列表', '2017-12-14 11:46:29', '127.0.0.1', 2),
(2662, 'admin', 4, 4, '列表', '2017-12-14 11:46:28', '127.0.0.1', 2),
(2661, 'admin', 4, 4, 'id:88', '2017-12-14 11:46:26', '127.0.0.1', 4),
(2660, 'admin', 4, 5, 'id:87', '2017-12-14 11:46:06', '127.0.0.1', 8),
(2659, 'admin', 4, 4, 'id:87', '2017-12-14 11:46:02', '127.0.0.1', 8),
(2658, 'admin', 4, 5, '列表', '2017-12-14 11:45:57', '127.0.0.1', 2),
(2657, 'admin', 4, 4, '列表', '2017-12-14 11:45:53', '127.0.0.1', 2),
(2656, 'admin', 4, 4, 'id:87', '2017-12-14 11:45:22', '127.0.0.1', 8),
(2655, 'admin', 4, 5, 'id:87', '2017-12-14 11:45:15', '127.0.0.1', 8),
(2654, 'admin', 4, 5, '列表', '2017-12-14 11:45:11', '127.0.0.1', 2),
(2653, 'admin', 4, 4, '列表', '2017-12-14 11:44:22', '127.0.0.1', 2),
(2652, 'admin', 4, 4, 'id:87', '2017-12-14 11:43:27', '127.0.0.1', 8),
(2651, 'admin', 4, 4, '列表', '2017-12-14 11:43:10', '127.0.0.1', 2),
(2650, 'admin', 4, 4, 'id:87', '2017-12-14 11:42:08', '127.0.0.1', 8),
(2649, 'admin', 4, 4, '列表', '2017-12-14 11:40:52', '127.0.0.1', 2),
(2648, 'admin', 4, 5, 'id:87', '2017-12-14 11:40:49', '127.0.0.1', 8),
(2647, 'admin', 4, 4, 'id:87', '2017-12-14 11:40:46', '127.0.0.1', 8),
(2646, 'admin', 4, 4, 'id:87', '2017-12-14 11:40:37', '127.0.0.1', 4),
(2645, 'admin', 4, 4, '列表', '2017-12-14 11:38:15', '127.0.0.1', 2),
(2644, 'admin', 4, 6, '列表', '2017-12-14 11:38:08', '127.0.0.1', 2),
(2643, 'admin', 4, 5, '列表', '2017-12-14 11:38:05', '127.0.0.1', 2),
(2642, 'admin', 4, 4, 'id:86', '2017-12-14 11:38:03', '127.0.0.1', 8),
(2641, 'admin', 4, 4, '列表', '2017-12-14 11:38:00', '127.0.0.1', 2),
(2640, 'admin', 4, 4, 'id:86', '2017-12-14 11:37:35', '127.0.0.1', 8),
(2639, 'admin', 4, 4, '列表', '2017-12-14 11:37:11', '127.0.0.1', 2),
(2638, 'admin', 4, 4, 'id:86', '2017-12-14 11:36:49', '127.0.0.1', 8),
(2637, 'admin', 4, 4, '列表', '2017-12-14 11:36:34', '127.0.0.1', 2),
(2636, 'admin', 4, 4, 'id:86', '2017-12-14 11:36:02', '127.0.0.1', 8),
(2635, 'admin', 4, 4, '列表', '2017-12-14 11:35:45', '127.0.0.1', 2),
(2634, 'admin', 4, 4, 'id:86', '2017-12-14 11:34:21', '127.0.0.1', 8),
(2633, 'admin', 4, 4, '列表', '2017-12-14 11:34:05', '127.0.0.1', 2),
(2632, 'admin', 4, 4, 'id:86', '2017-12-14 11:33:35', '127.0.0.1', 8),
(2631, 'admin', 4, 4, '列表', '2017-12-14 11:33:13', '127.0.0.1', 2),
(2630, 'admin', 4, 4, 'id:86', '2017-12-14 11:31:48', '127.0.0.1', 8),
(2629, 'admin', 4, 4, '列表', '2017-12-14 11:31:28', '127.0.0.1', 2),
(2628, 'admin', 4, 4, 'id:86', '2017-12-14 11:31:05', '127.0.0.1', 8),
(2627, 'admin', 4, 4, '列表', '2017-12-14 11:30:48', '127.0.0.1', 2),
(2626, 'admin', 4, 4, 'id:86', '2017-12-14 11:29:01', '127.0.0.1', 8),
(2625, 'admin', 4, 4, '列表', '2017-12-14 11:28:44', '127.0.0.1', 2),
(2624, 'admin', 4, 4, 'id:86', '2017-12-14 11:27:24', '127.0.0.1', 8),
(2623, 'admin', 4, 4, '列表', '2017-12-14 11:27:09', '127.0.0.1', 2),
(2622, 'admin', 4, 4, 'id:86', '2017-12-14 11:24:29', '127.0.0.1', 8),
(2621, 'admin', 4, 4, '列表', '2017-12-14 11:24:10', '127.0.0.1', 2),
(2620, 'admin', 4, 4, 'id:86', '2017-12-14 11:19:37', '127.0.0.1', 8),
(2619, 'admin', 4, 4, '列表', '2017-12-14 11:19:25', '127.0.0.1', 2),
(2618, 'admin', 4, 5, 'id:86', '2017-12-14 11:19:08', '127.0.0.1', 8),
(2617, 'admin', 4, 5, '列表', '2017-12-14 11:19:03', '127.0.0.1', 2),
(2616, 'admin', 4, 4, 'id:86', '2017-12-14 11:18:58', '127.0.0.1', 8),
(2615, 'admin', 4, 4, '列表', '2017-12-14 11:18:45', '127.0.0.1', 2),
(2614, 'admin', 4, 4, 'id:86', '2017-12-14 11:18:08', '127.0.0.1', 8),
(2613, 'admin', 4, 4, '列表', '2017-12-14 11:17:38', '127.0.0.1', 2),
(2612, 'admin', 4, 4, 'id:86', '2017-12-14 11:17:07', '127.0.0.1', 8),
(2611, 'admin', 4, 4, '列表', '2017-12-14 11:16:50', '127.0.0.1', 2),
(2610, 'admin', 4, 4, 'id:86', '2017-12-14 11:16:08', '127.0.0.1', 8),
(2609, 'admin', 4, 4, '列表', '2017-12-14 11:15:43', '127.0.0.1', 2),
(2608, 'admin', 4, 4, 'id:86', '2017-12-14 11:15:08', '127.0.0.1', 8),
(2607, 'admin', 4, 4, '列表', '2017-12-14 11:14:48', '127.0.0.1', 2),
(2606, 'admin', 4, 4, 'id:86', '2017-12-14 11:14:19', '127.0.0.1', 8),
(2605, 'admin', 4, 4, '列表', '2017-12-14 11:14:02', '127.0.0.1', 2),
(2604, 'admin', 4, 4, 'id:86', '2017-12-14 11:11:34', '127.0.0.1', 8),
(2603, 'admin', 4, 4, '列表', '2017-12-14 11:09:08', '127.0.0.1', 2),
(2602, 'admin', 4, 4, 'id:86', '2017-12-14 11:08:54', '127.0.0.1', 8),
(2601, 'admin', 4, 4, '列表', '2017-12-14 11:08:44', '127.0.0.1', 2),
(2600, 'admin', 4, 5, 'id:86', '2017-12-14 11:08:43', '127.0.0.1', 8),
(2599, 'admin', 4, 5, '列表', '2017-12-14 11:08:38', '127.0.0.1', 2),
(2598, 'admin', 4, 4, 'id:86', '2017-12-14 11:07:56', '127.0.0.1', 8),
(2597, 'admin', 4, 5, 'id:86', '2017-12-14 11:07:51', '127.0.0.1', 8),
(2596, 'admin', 4, 5, '列表', '2017-12-14 11:07:45', '127.0.0.1', 2),
(2595, 'admin', 4, 4, '列表', '2017-12-14 11:05:39', '127.0.0.1', 2),
(2594, 'admin', 4, 4, 'id:86', '2017-12-14 11:05:28', '127.0.0.1', 8),
(2593, 'admin', 4, 5, 'id:86', '2017-12-14 11:05:23', '127.0.0.1', 8),
(2592, 'admin', 4, 5, '列表', '2017-12-14 11:05:18', '127.0.0.1', 2),
(2591, 'admin', 4, 4, 'id:86', '2017-12-14 11:05:13', '127.0.0.1', 4),
(2590, 'admin', 4, 4, '列表', '2017-12-14 11:05:00', '127.0.0.1', 2),
(2589, 'admin', 4, 5, '列表', '2017-12-14 11:04:40', '127.0.0.1', 2),
(2588, 'admin', 4, 4, 'id:85', '2017-12-14 11:04:38', '127.0.0.1', 8),
(2587, 'admin', 4, 4, 'id:85', '2017-12-14 11:04:32', '127.0.0.1', 4),
(2586, 'admin', 4, 4, '列表', '2017-12-14 11:03:43', '127.0.0.1', 2),
(2585, 'admin', 4, 4, 'id:84', '2017-12-14 11:02:36', '127.0.0.1', 8),
(2584, 'admin', 4, 5, 'id:84', '2017-12-14 11:02:32', '127.0.0.1', 8),
(2583, 'admin', 4, 5, '列表', '2017-12-14 11:02:27', '127.0.0.1', 2),
(2582, 'admin', 4, 4, 'id:84', '2017-12-14 11:02:22', '127.0.0.1', 4),
(2581, 'admin', 4, 4, 'id:83', '2017-12-14 11:00:32', '127.0.0.1', 8),
(2580, 'admin', 4, 5, 'id:83', '2017-12-14 11:00:28', '127.0.0.1', 8),
(2579, 'admin', 4, 5, '列表', '2017-12-14 11:00:21', '127.0.0.1', 2),
(2578, 'admin', 4, 4, 'id:83', '2017-12-14 11:00:17', '127.0.0.1', 4),
(2577, 'admin', 4, 4, 'id:82', '2017-12-14 10:44:52', '127.0.0.1', 8),
(2576, 'admin', 4, 5, 'id:82', '2017-12-14 10:44:45', '127.0.0.1', 8),
(2575, 'admin', 4, 5, '列表', '2017-12-14 10:44:38', '127.0.0.1', 2),
(2574, 'admin', 4, 4, 'id:82', '2017-12-14 10:44:35', '127.0.0.1', 4),
(2573, 'admin', 4, 4, '列表', '2017-12-14 10:44:21', '127.0.0.1', 2),
(2572, 'admin', 4, 4, 'id:81', '2017-12-14 10:43:44', '127.0.0.1', 8),
(2571, 'admin', 4, 4, '列表', '2017-12-14 10:43:41', '127.0.0.1', 2),
(2570, 'admin', 4, 4, 'id:81', '2017-12-14 10:43:11', '127.0.0.1', 8),
(2569, 'admin', 4, 4, '列表', '2017-12-14 10:42:51', '127.0.0.1', 2),
(2568, 'admin', 4, 4, 'id:81', '2017-12-14 10:42:45', '127.0.0.1', 8),
(2567, 'admin', 4, 4, '列表', '2017-12-14 10:42:41', '127.0.0.1', 2),
(2566, 'admin', 4, 4, 'id:81', '2017-12-14 10:42:16', '127.0.0.1', 8),
(2565, 'admin', 4, 4, '列表', '2017-12-14 10:42:12', '127.0.0.1', 2),
(2564, 'admin', 4, 4, 'id:81', '2017-12-14 10:40:57', '127.0.0.1', 8),
(2563, 'admin', 4, 5, 'id:81', '2017-12-14 10:39:29', '127.0.0.1', 8),
(2562, 'admin', 4, 5, '列表', '2017-12-14 10:39:24', '127.0.0.1', 2),
(2561, 'admin', 4, 4, '列表', '2017-12-14 10:39:21', '127.0.0.1', 2),
(2560, 'admin', 4, 4, 'id:81', '2017-12-14 10:38:01', '127.0.0.1', 8),
(2559, 'admin', 4, 4, '列表', '2017-12-14 10:37:56', '127.0.0.1', 2),
(2558, 'admin', 4, 5, 'id:81', '2017-12-14 10:34:24', '127.0.0.1', 8),
(2557, 'admin', 4, 4, 'id:81', '2017-12-14 10:34:11', '127.0.0.1', 8),
(2556, 'admin', 4, 4, '列表', '2017-12-14 10:33:50', '127.0.0.1', 2),
(2555, 'admin', 4, 4, 'id:81', '2017-12-14 10:32:17', '127.0.0.1', 8),
(2554, 'admin', 4, 4, '列表', '2017-12-14 10:32:13', '127.0.0.1', 2),
(2553, 'admin', 4, 4, 'id:81', '2017-12-14 10:31:46', '127.0.0.1', 8),
(2552, 'admin', 4, 4, '列表', '2017-12-14 10:31:43', '127.0.0.1', 2),
(2551, 'admin', 4, 4, 'id:81', '2017-12-14 10:29:59', '127.0.0.1', 8),
(2550, 'admin', 4, 4, '列表', '2017-12-14 10:29:17', '127.0.0.1', 2),
(2549, 'admin', 4, 4, 'id:81', '2017-12-14 10:28:15', '127.0.0.1', 8),
(2548, 'admin', 4, 4, '列表', '2017-12-14 10:28:11', '127.0.0.1', 2),
(2547, 'admin', 4, 4, 'id:81', '2017-12-14 10:25:38', '127.0.0.1', 8),
(2546, 'admin', 4, 4, '列表', '2017-12-14 10:25:34', '127.0.0.1', 2),
(2545, 'admin', 4, 5, '列表', '2017-12-14 10:25:32', '127.0.0.1', 2),
(2544, 'admin', 4, 4, 'id:81', '2017-12-14 10:25:21', '127.0.0.1', 8),
(2543, 'admin', 4, 5, 'id:81', '2017-12-14 10:25:18', '127.0.0.1', 8),
(2542, 'admin', 4, 5, '列表', '2017-12-14 10:25:11', '127.0.0.1', 2),
(2541, 'admin', 4, 4, 'id:81', '2017-12-14 10:25:08', '127.0.0.1', 4),
(2540, 'admin', 4, 4, '列表', '2017-12-14 10:24:53', '127.0.0.1', 2),
(2539, 'admin', 4, 4, 'id:80', '2017-12-14 10:24:29', '127.0.0.1', 8),
(2538, 'admin', 4, 5, 'id:80', '2017-12-14 10:24:26', '127.0.0.1', 8),
(2537, 'admin', 4, 5, '列表', '2017-12-14 10:24:20', '127.0.0.1', 2),
(2536, 'admin', 4, 4, '列表', '2017-12-14 10:24:18', '127.0.0.1', 2),
(2535, 'admin', 4, 4, 'id:80', '2017-12-14 10:24:16', '127.0.0.1', 4),
(2534, 'admin', 4, 4, 'id:78', '2017-12-14 10:24:01', '127.0.0.1', 8),
(2533, 'admin', 4, 5, 'id:78', '2017-12-14 10:23:56', '127.0.0.1', 8),
(2532, 'admin', 4, 4, '列表', '2017-12-14 10:23:49', '127.0.0.1', 2),
(2531, 'admin', 4, 4, 'id:79', '2017-12-14 10:22:34', '127.0.0.1', 8),
(2530, 'admin', 4, 4, '列表', '2017-12-14 10:22:11', '127.0.0.1', 2),
(2529, 'admin', 4, 4, 'id:79', '2017-12-14 10:21:25', '127.0.0.1', 8),
(2528, 'admin', 4, 4, '列表', '2017-12-14 10:21:22', '127.0.0.1', 2),
(2527, 'admin', 4, 4, 'id:79', '2017-12-14 10:19:35', '127.0.0.1', 8),
(2526, 'admin', 4, 4, '列表', '2017-12-14 10:18:51', '127.0.0.1', 2),
(2525, 'admin', 4, 4, 'id:79', '2017-12-14 10:17:46', '127.0.0.1', 8),
(2524, 'admin', 4, 4, '列表', '2017-12-14 10:17:32', '127.0.0.1', 2),
(2523, 'admin', 4, 4, 'id:79', '2017-12-14 10:16:58', '127.0.0.1', 8),
(2522, 'admin', 4, 4, '列表', '2017-12-14 10:16:43', '127.0.0.1', 2),
(2521, 'admin', 4, 4, 'id:79', '2017-12-14 10:16:10', '127.0.0.1', 8),
(2520, 'admin', 4, 4, '列表', '2017-12-14 10:15:54', '127.0.0.1', 2),
(2519, 'admin', 4, 4, 'id:79', '2017-12-14 10:15:06', '127.0.0.1', 8),
(2518, 'admin', 4, 4, '列表', '2017-12-14 10:14:58', '127.0.0.1', 2),
(2517, 'admin', 4, 4, 'id:79', '2017-12-14 10:14:44', '127.0.0.1', 8),
(2516, 'admin', 4, 5, 'id:79', '2017-12-14 10:14:42', '127.0.0.1', 8),
(2515, 'admin', 4, 5, '列表', '2017-12-14 10:14:34', '127.0.0.1', 2),
(2514, 'admin', 4, 4, 'id:79', '2017-12-14 10:14:30', '127.0.0.1', 4),
(2513, 'admin', 4, 4, '列表', '2017-12-14 10:04:24', '127.0.0.1', 2),
(2512, 'admin', 4, 5, 'id:78', '2017-12-14 10:03:57', '127.0.0.1', 8),
(2511, 'admin', 4, 5, '列表', '2017-12-14 10:03:53', '127.0.0.1', 2),
(2510, 'admin', 4, 4, '列表', '2017-12-14 10:03:46', '127.0.0.1', 2),
(2509, 'admin', 4, 4, 'id:78', '2017-12-14 10:03:33', '127.0.0.1', 4),
(2508, 'admin', 4, 4, '列表', '2017-12-14 09:55:16', '127.0.0.1', 2),
(2507, 'admin', 4, 5, '列表', '2017-12-14 09:55:15', '127.0.0.1', 2),
(2506, 'admin', 4, 4, '列表', '2017-12-14 09:48:57', '127.0.0.1', 2),
(2505, 'admin', 4, 6, '列表', '2017-12-14 09:48:48', '127.0.0.1', 2),
(2504, 'admin', 4, 4, '列表', '2017-12-14 09:48:46', '127.0.0.1', 2),
(2503, 'admin', 4, 4, 'id:77', '2017-12-14 09:48:28', '127.0.0.1', 8),
(2502, 'admin', 4, 4, 'id:77', '2017-12-14 09:43:43', '127.0.0.1', 4),
(2501, 'admin', 4, 4, '列表', '2017-12-14 09:42:56', '127.0.0.1', 2),
(2500, 'admin', 0, 0, 'admin登入成功', '2017-12-14 09:42:47', '127.0.0.1', 1),
(2499, 'admin', 3, 3, '列表', '2017-12-14 09:41:02', '127.0.0.1', 2),
(2498, 'admin', 3, 5, '列表', '2017-12-14 09:41:01', '127.0.0.1', 2),
(2497, 'admin', 3, 4, '列表', '2017-12-14 09:40:45', '127.0.0.1', 2),
(2496, 'admin', 3, 3, '列表', '2017-12-14 09:40:44', '127.0.0.1', 2),
(2495, 'admin', 3, 5, '列表', '2017-12-14 09:39:54', '127.0.0.1', 2),
(2494, 'admin', 3, 4, '列表', '2017-12-14 09:39:53', '127.0.0.1', 2),
(2493, 'admin', 3, 3, '列表', '2017-12-14 09:38:35', '127.0.0.1', 2),
(2492, 'admin', 3, 5, '列表', '2017-12-14 09:38:34', '127.0.0.1', 2),
(2491, 'admin', 3, 4, '列表', '2017-12-14 09:38:33', '127.0.0.1', 2),
(2490, 'admin', 3, 3, '列表', '2017-12-14 09:38:31', '127.0.0.1', 2),
(2489, 'admin', 3, 2, '列表', '2017-12-14 09:27:29', '127.0.0.1', 2),
(2488, 'admin', 3, 5, '列表', '2017-12-14 09:27:27', '127.0.0.1', 2),
(2487, 'admin', 3, 4, '列表', '2017-12-14 09:27:25', '127.0.0.1', 2),
(2486, 'admin', 3, 3, '列表', '2017-12-14 09:08:26', '127.0.0.1', 2),
(2485, 'admin', 0, 0, 'admin登入成功', '2017-12-14 09:08:18', '127.0.0.1', 1),
(2484, 'admin', 4, 4, '列表', '2017-12-13 17:40:14', '127.0.0.1', 2),
(2483, 'admin', 4, 4, 'id:71', '2017-12-13 17:29:54', '127.0.0.1', 8),
(2482, 'admin', 4, 4, '列表', '2017-12-13 16:39:56', '127.0.0.1', 2),
(2481, 'money', 4, 5, 'id:71', '2017-12-13 16:39:55', '127.0.0.1', 8),
(2480, 'money', 4, 5, '列表', '2017-12-13 16:37:43', '127.0.0.1', 2),
(2479, 'admin', 4, 4, 'id:76', '2017-12-13 16:37:41', '127.0.0.1', 8),
(2478, 'money', 4, 5, 'id:76', '2017-12-13 16:37:30', '127.0.0.1', 8),
(2477, 'money', 4, 5, '列表', '2017-12-13 16:37:24', '127.0.0.1', 2),
(2476, 'money', 4, 5, 'id:76', '2017-12-13 16:35:56', '127.0.0.1', 8),
(2475, 'money', 4, 5, '列表', '2017-12-13 16:35:47', '127.0.0.1', 2),
(2474, 'money', 4, 5, 'id:76', '2017-12-13 16:31:49', '127.0.0.1', 8),
(2473, 'money', 4, 5, '列表', '2017-12-13 16:31:39', '127.0.0.1', 2),
(2472, 'admin', 4, 4, '列表', '2017-12-13 16:31:08', '127.0.0.1', 2),
(2471, 'money', 4, 5, 'id:76', '2017-12-13 16:29:57', '127.0.0.1', 8),
(2470, 'money', 4, 5, '列表', '2017-12-13 16:29:51', '127.0.0.1', 2),
(2469, 'money', 0, 0, 'money登入成功', '2017-12-13 16:29:40', '127.0.0.1', 1),
(2468, 'admin', 4, 4, 'id:76', '2017-12-13 16:29:19', '127.0.0.1', 4),
(2467, 'admin', 4, 4, '列表', '2017-12-13 16:23:56', '127.0.0.1', 2),
(2466, 'admin', 4, 5, '列表', '2017-12-13 16:21:27', '127.0.0.1', 2),
(2465, 'admin', 4, 6, '列表', '2017-12-13 16:21:15', '127.0.0.1', 2),
(2464, 'admin', 4, 4, '列表', '2017-12-13 16:21:13', '127.0.0.1', 2),
(2463, 'admin', 4, 5, '列表', '2017-12-13 16:21:11', '127.0.0.1', 2),
(2462, 'admin', 4, 6, '列表', '2017-12-13 16:21:10', '127.0.0.1', 2),
(2461, 'admin', 4, 4, '列表', '2017-12-13 16:19:44', '127.0.0.1', 2),
(2460, 'admin', 3, 2, '列表', '2017-12-13 16:19:38', '127.0.0.1', 2),
(2459, 'admin', 4, 5, '列表', '2017-12-13 16:19:29', '127.0.0.1', 2),
(2458, 'admin', 3, 3, '列表', '2017-12-13 16:19:19', '127.0.0.1', 2),
(2457, 'admin', 4, 4, '列表', '2017-12-13 16:18:03', '127.0.0.1', 2),
(2456, 'admin', 4, 6, '列表', '2017-12-13 16:09:03', '127.0.0.1', 2),
(2455, 'admin', 1, 1, '列表', '2017-12-13 16:04:14', '127.0.0.1', 2),
(2454, 'admin', 2, 1, '列表', '2017-12-13 16:04:10', '127.0.0.1', 2),
(2453, 'admin', 0, 0, 'admin登入成功', '2017-12-13 16:03:58', '127.0.0.1', 1),
(2452, 'customer', 3, 3, '列表', '2017-12-13 15:55:37', '127.0.0.1', 2),
(2451, 'money', 3, 5, '列表', '2017-12-13 15:52:37', '127.0.0.1', 2),
(2450, 'money', 3, 1, '列表', '2017-12-13 15:52:30', '127.0.0.1', 2),
(2449, 'money', 3, 3, '列表', '2017-12-13 15:52:29', '127.0.0.1', 2),
(2448, 'money', 3, 4, '列表', '2017-12-13 15:52:29', '127.0.0.1', 2),
(2447, 'money', 3, 5, '列表', '2017-12-13 15:52:28', '127.0.0.1', 2),
(2446, 'customer', 3, 5, '列表', '2017-12-13 15:51:58', '127.0.0.1', 2),
(2445, 'money', 3, 4, 'id:26', '2017-12-13 15:51:53', '127.0.0.1', 8),
(2444, 'money', 3, 4, '列表', '2017-12-13 15:51:42', '127.0.0.1', 2),
(2443, 'money', 3, 5, '列表', '2017-12-13 15:51:34', '127.0.0.1', 2),
(2442, 'customer', 3, 3, 'id:26', '2017-12-13 15:51:32', '127.0.0.1', 4),
(2441, 'money', 3, 3, '列表', '2017-12-13 15:50:26', '127.0.0.1', 2),
(2440, 'money', 3, 5, '列表', '2017-12-13 15:50:24', '127.0.0.1', 2),
(2439, 'money', 3, 3, '列表', '2017-12-13 15:50:15', '127.0.0.1', 2),
(2438, 'customer', 3, 3, '列表', '2017-12-13 15:50:11', '127.0.0.1', 2),
(2437, 'customer', 4, 6, '列表', '2017-12-13 15:47:17', '127.0.0.1', 2),
(2436, 'money', 4, 5, 'id:71', '2017-12-13 15:47:16', '127.0.0.1', 8),
(2435, 'money', 4, 5, '列表', '2017-12-13 15:46:25', '127.0.0.1', 2),
(2434, 'customer', 4, 4, '列表', '2017-12-13 15:46:15', '127.0.0.1', 2),
(2433, 'customer', 4, 6, '列表', '2017-12-13 15:46:05', '127.0.0.1', 2),
(2432, 'customer', 4, 4, 'id:75', '2017-12-13 15:44:21', '127.0.0.1', 8),
(2431, 'customer', 4, 4, 'id:75', '2017-12-13 15:41:21', '127.0.0.1', 4),
(2430, 'customer', 4, 4, 'id:74', '2017-12-13 15:39:37', '127.0.0.1', 8),
(2429, 'customer', 4, 4, '列表', '2017-12-13 15:39:31', '127.0.0.1', 2),
(2428, 'customer', 4, 6, '列表', '2017-12-13 15:38:58', '127.0.0.1', 2),
(2427, 'customer', 4, 4, 'id:74', '2017-12-13 15:34:50', '127.0.0.1', 8),
(2426, 'customer', 4, 4, 'id:74', '2017-12-13 15:34:34', '127.0.0.1', 4),
(2425, 'customer', 4, 4, 'id:73', '2017-12-13 15:33:16', '127.0.0.1', 8),
(2424, 'money', 4, 5, 'id:73', '2017-12-13 15:33:11', '127.0.0.1', 8),
(2423, 'money', 4, 5, '列表', '2017-12-13 15:33:03', '127.0.0.1', 2),
(2422, 'money', 0, 0, 'money登入成功', '2017-12-13 15:32:58', '127.0.0.1', 1),
(2421, 'customer', 4, 4, 'id:73', '2017-12-13 15:31:19', '127.0.0.1', 4),
(2420, 'customer', 4, 4, '列表', '2017-12-13 15:31:04', '127.0.0.1', 2),
(2419, 'customer', 0, 0, 'customer登入成功', '2017-12-13 15:30:59', '127.0.0.1', 1),
(2418, 'admin', 4, 4, '列表', '2017-12-13 15:30:48', '127.0.0.1', 2),
(2417, 'admin', 3, 4, '列表', '2017-12-13 15:29:41', '127.0.0.1', 2),
(2416, 'admin', 1, 1, '列表', '2017-12-13 15:28:43', '127.0.0.1', 2),
(2415, 'admin', 4, 4, '列表', '2017-12-13 15:28:37', '127.0.0.1', 2),
(2414, 'admin', 3, 4, '列表', '2017-12-13 15:28:35', '127.0.0.1', 2),
(2413, 'admin', 1, 1, '列表', '2017-12-13 15:28:20', '127.0.0.1', 2),
(2412, 'admin', 4, 4, '列表', '2017-12-13 15:28:03', '127.0.0.1', 2),
(2411, 'admin', 1, 1, '列表', '2017-12-13 15:27:47', '127.0.0.1', 2),
(2410, 'admin', 4, 5, '列表', '2017-12-13 15:27:43', '127.0.0.1', 2),
(2409, 'admin', 4, 3, '列表', '2017-12-13 15:27:42', '127.0.0.1', 2),
(2408, 'admin', 4, 4, '列表', '2017-12-13 15:27:34', '127.0.0.1', 2),
(2407, 'admin', 3, 3, '列表', '2017-12-13 15:27:32', '127.0.0.1', 2),
(2406, 'admin', 3, 5, '列表', '2017-12-13 15:27:31', '127.0.0.1', 2),
(2405, 'admin', 3, 4, '列表', '2017-12-13 15:26:58', '127.0.0.1', 2),
(2404, 'admin', 3, 3, '列表', '2017-12-13 15:25:40', '127.0.0.1', 2),
(2403, 'admin', 4, 4, '列表', '2017-12-13 15:25:12', '127.0.0.1', 2),
(2402, 'admin', 3, 3, '列表', '2017-12-13 15:25:10', '127.0.0.1', 2),
(2401, 'admin', 3, 4, '列表', '2017-12-13 15:24:30', '127.0.0.1', 2),
(2400, 'admin', 3, 5, '列表', '2017-12-13 15:24:28', '127.0.0.1', 2),
(2399, 'admin', 3, 4, '列表', '2017-12-13 15:24:23', '127.0.0.1', 2),
(2398, 'admin', 3, 3, '列表', '2017-12-13 15:24:22', '127.0.0.1', 2),
(2397, 'admin', 3, 4, '列表', '2017-12-13 15:24:19', '127.0.0.1', 2),
(2396, 'admin', 3, 3, '列表', '2017-12-13 15:23:32', '127.0.0.1', 2),
(2395, 'admin', 3, 5, '列表', '2017-12-13 15:23:11', '127.0.0.1', 2),
(2394, 'admin', 3, 3, '列表', '2017-12-13 15:21:54', '127.0.0.1', 2),
(2393, 'admin', 4, 4, '列表', '2017-12-13 15:21:50', '127.0.0.1', 2),
(2392, 'admin', 4, 6, '列表', '2017-12-13 15:21:46', '127.0.0.1', 2),
(2391, 'admin', 4, 5, '列表', '2017-12-13 15:21:45', '127.0.0.1', 2),
(2390, 'admin', 4, 4, '列表', '2017-12-13 15:21:43', '127.0.0.1', 2),
(2389, 'admin', 3, 5, '列表', '2017-12-13 15:21:41', '127.0.0.1', 2),
(2388, 'admin', 3, 4, '列表', '2017-12-13 15:21:12', '127.0.0.1', 2),
(2387, 'admin', 3, 5, '列表', '2017-12-13 15:21:10', '127.0.0.1', 2),
(2386, 'admin', 3, 3, '列表', '2017-12-13 15:20:38', '127.0.0.1', 2),
(2385, 'admin', 3, 4, '列表', '2017-12-13 15:20:37', '127.0.0.1', 2),
(2384, 'admin', 3, 5, '列表', '2017-12-13 15:20:23', '127.0.0.1', 2),
(2383, 'admin', 3, 4, '列表', '2017-12-13 15:19:54', '127.0.0.1', 2),
(2382, 'admin', 3, 3, '列表', '2017-12-13 15:19:51', '127.0.0.1', 2),
(2381, 'admin', 3, 4, '列表', '2017-12-13 15:19:49', '127.0.0.1', 2),
(2380, 'admin', 3, 5, '列表', '2017-12-13 15:19:47', '127.0.0.1', 2),
(2379, 'admin', 3, 4, '列表', '2017-12-13 15:19:39', '127.0.0.1', 2),
(2378, 'admin', 4, 6, '列表', '2017-12-13 15:19:37', '127.0.0.1', 2),
(2377, 'admin', 4, 5, '列表', '2017-12-13 15:19:36', '127.0.0.1', 2),
(2376, 'admin', 4, 4, '列表', '2017-12-13 15:19:31', '127.0.0.1', 2),
(2375, 'admin', 4, 3, '列表', '2017-12-13 15:19:28', '127.0.0.1', 2),
(2374, 'admin', 3, 5, '列表', '2017-12-13 15:19:25', '127.0.0.1', 2),
(2373, 'admin', 3, 4, '列表', '2017-12-13 15:19:24', '127.0.0.1', 2),
(2372, 'admin', 3, 3, '列表', '2017-12-13 15:19:13', '127.0.0.1', 2),
(2371, 'admin', 4, 2, '列表', '2017-12-13 15:18:52', '127.0.0.1', 2),
(2370, 'admin', 4, 6, '列表', '2017-12-13 15:18:30', '127.0.0.1', 2),
(2369, 'admin', 4, 5, '列表', '2017-12-13 15:18:29', '127.0.0.1', 2),
(2368, 'admin', 4, 4, '列表', '2017-12-13 15:18:28', '127.0.0.1', 2),
(2367, 'admin', 4, 3, '1筆資料(\'4\')', '2017-12-13 15:18:26', '127.0.0.1', 16),
(2366, 'admin', 4, 3, '列表', '2017-12-13 15:18:21', '127.0.0.1', 2),
(2365, 'admin', 4, 4, '列表', '2017-12-13 15:18:18', '127.0.0.1', 2),
(2364, 'admin', 4, 3, '列表', '2017-12-13 15:18:14', '127.0.0.1', 2),
(2363, 'admin', 4, 6, '列表', '2017-12-13 15:18:10', '127.0.0.1', 2),
(2362, 'admin', 4, 5, '列表', '2017-12-13 15:17:51', '127.0.0.1', 2),
(2361, 'admin', 3, 4, '列表', '2017-12-13 15:16:57', '127.0.0.1', 2),
(2360, 'admin', 3, 3, 'id:25', '2017-12-13 15:16:55', '127.0.0.1', 8),
(2359, 'admin', 3, 3, '列表', '2017-12-13 15:16:47', '127.0.0.1', 2),
(2358, 'admin', 3, 4, '列表', '2017-12-13 15:16:40', '127.0.0.1', 2),
(2357, 'admin', 4, 5, '列表', '2017-12-13 15:15:49', '127.0.0.1', 2),
(2356, 'admin', 4, 4, '列表', '2017-12-13 15:15:40', '127.0.0.1', 2),
(2355, 'admin', 4, 5, '列表', '2017-12-13 15:15:26', '127.0.0.1', 2),
(2354, 'admin', 4, 4, 'id:72', '2017-12-13 15:15:25', '127.0.0.1', 8),
(2353, 'admin', 4, 4, 'id:72', '2017-12-13 15:15:20', '127.0.0.1', 4),
(2352, 'admin', 4, 4, '列表', '2017-12-13 15:15:02', '127.0.0.1', 2),
(2351, 'admin', 4, 5, '列表', '2017-12-13 15:14:39', '127.0.0.1', 2),
(2350, 'admin', 0, 0, 'admin登入成功', '2017-12-13 15:14:35', '127.0.0.1', 1),
(2349, 'customer', 4, 4, '列表', '2017-12-13 15:14:28', '127.0.0.1', 2),
(2348, 'customer', 3, 3, '列表', '2017-12-13 15:12:17', '127.0.0.1', 2),
(2347, 'customer', 0, 0, 'customer登入成功', '2017-12-13 15:11:59', '127.0.0.1', 1),
(2346, 'money', 3, 3, '列表', '2017-12-13 15:11:49', '127.0.0.1', 2),
(2345, 'money', 3, 4, '列表', '2017-12-13 15:02:34', '127.0.0.1', 2),
(2344, 'money', 3, 3, '列表', '2017-12-13 14:58:46', '127.0.0.1', 2),
(2343, 'money', 3, 5, '列表', '2017-12-13 14:45:58', '127.0.0.1', 2),
(2342, 'money', 3, 3, '列表', '2017-12-13 14:45:56', '127.0.0.1', 2),
(2341, 'money', 3, 4, '列表', '2017-12-13 14:44:05', '127.0.0.1', 2),
(2340, 'money', 3, 3, '列表', '2017-12-13 14:43:56', '127.0.0.1', 2),
(2339, 'money', 4, 4, '列表', '2017-12-13 14:42:38', '127.0.0.1', 2),
(2338, 'money', 4, 2, '列表', '2017-12-13 14:42:37', '127.0.0.1', 2),
(2337, 'money', 4, 3, '列表', '2017-12-13 14:42:36', '127.0.0.1', 2),
(2336, 'money', 4, 4, '列表', '2017-12-13 14:42:35', '127.0.0.1', 2),
(2335, 'money', 4, 6, '列表', '2017-12-13 14:42:34', '127.0.0.1', 2),
(2334, 'money', 4, 5, '列表', '2017-12-13 14:42:33', '127.0.0.1', 2),
(2333, 'money', 4, 4, '列表', '2017-12-13 14:42:32', '127.0.0.1', 2),
(2332, 'money', 3, 5, '列表', '2017-12-13 14:42:30', '127.0.0.1', 2),
(2331, 'money', 3, 4, '列表', '2017-12-13 14:42:29', '127.0.0.1', 2),
(2330, 'money', 3, 3, '列表', '2017-12-13 14:42:28', '127.0.0.1', 2),
(2329, 'money', 3, 2, '列表', '2017-12-13 14:38:52', '127.0.0.1', 2),
(2328, 'money', 3, 1, '列表', '2017-12-13 14:38:51', '127.0.0.1', 2),
(2327, 'money', 3, 5, '列表', '2017-12-13 14:38:47', '127.0.0.1', 2),
(2326, 'money', 3, 3, '列表', '2017-12-13 14:38:44', '127.0.0.1', 2),
(2325, 'money', 4, 4, '列表', '2017-12-13 14:38:41', '127.0.0.1', 2),
(2324, 'money', 4, 5, '列表', '2017-12-13 14:38:40', '127.0.0.1', 2),
(2323, 'money', 4, 6, '列表', '2017-12-13 14:38:37', '127.0.0.1', 2),
(2322, 'money', 4, 5, 'id:71', '2017-12-13 14:38:35', '127.0.0.1', 8),
(2321, 'money', 4, 5, '列表', '2017-12-13 14:38:22', '127.0.0.1', 2),
(2320, 'money', 4, 4, '列表', '2017-12-13 14:38:21', '127.0.0.1', 2),
(2319, 'money', 4, 3, '列表', '2017-12-13 14:38:19', '127.0.0.1', 2),
(2318, 'money', 3, 4, '列表', '2017-12-13 14:38:17', '127.0.0.1', 2),
(2317, 'money', 3, 5, '列表', '2017-12-13 14:38:16', '127.0.0.1', 2),
(2316, 'money', 3, 4, '列表', '2017-12-13 14:37:35', '127.0.0.1', 2),
(2315, 'money', 3, 5, '列表', '2017-12-13 14:37:33', '127.0.0.1', 2),
(2314, 'money', 3, 4, '列表', '2017-12-13 14:37:31', '127.0.0.1', 2),
(2313, 'money', 3, 5, '列表', '2017-12-13 14:37:26', '127.0.0.1', 2),
(2312, 'money', 3, 4, 'id:24', '2017-12-13 14:37:23', '127.0.0.1', 8),
(2311, 'money', 3, 4, '列表', '2017-12-13 14:34:36', '127.0.0.1', 2),
(2310, 'money', 3, 3, '列表', '2017-12-13 14:34:35', '127.0.0.1', 2),
(2309, 'money', 0, 0, 'money登入成功', '2017-12-13 14:34:31', '127.0.0.1', 1),
(2308, 'customer', 4, 6, '列表', '2017-12-13 14:34:22', '127.0.0.1', 2),
(2307, 'customer', 3, 5, '列表', '2017-12-13 14:34:18', '127.0.0.1', 2),
(2306, 'customer', 3, 3, 'id:25', '2017-12-13 14:34:15', '127.0.0.1', 8),
(2305, 'customer', 3, 3, 'id:25', '2017-12-13 14:34:09', '127.0.0.1', 4),
(2304, 'customer', 3, 3, '列表', '2017-12-13 14:33:40', '127.0.0.1', 2),
(2303, 'customer', 3, 5, '列表', '2017-12-13 14:33:37', '127.0.0.1', 2),
(2302, 'customer', 3, 2, '國泰 id:2', '2017-12-13 14:33:33', '127.0.0.1', 8),
(2301, 'customer', 3, 2, '列表', '2017-12-13 14:33:18', '127.0.0.1', 2),
(2300, 'customer', 3, 1, '列表', '2017-12-13 14:33:17', '127.0.0.1', 2),
(2299, 'customer', 3, 5, '列表', '2017-12-13 14:33:14', '127.0.0.1', 2),
(2298, 'customer', 3, 2, '1筆資料(\'3\')', '2017-12-13 14:33:13', '127.0.0.1', 16),
(2297, 'customer', 3, 2, '列表', '2017-12-13 14:33:07', '127.0.0.1', 2),
(2296, 'customer', 4, 4, 'id:71', '2017-12-13 14:33:01', '127.0.0.1', 4),
(2295, 'customer', 4, 4, '列表', '2017-12-13 14:32:48', '127.0.0.1', 2),
(2294, 'customer', 4, 3, '列表', '2017-12-13 14:32:44', '127.0.0.1', 2),
(2293, 'customer', 3, 3, '列表', '2017-12-13 14:32:42', '127.0.0.1', 2),
(2291, 'customer', 3, 3, 'id:24', '2017-12-13 14:32:36', '127.0.0.1', 4),
(2292, 'customer', 3, 5, '列表', '2017-12-13 14:32:39', '127.0.0.1', 2),
(2826, 'admin', 5, 3, '列表', '2017-12-15 10:57:31', '127.0.0.1', 2),
(2825, 'admin', 5, 2, '列表', '2017-12-15 10:57:11', '127.0.0.1', 2),
(2824, 'admin', 5, 3, '列表', '2017-12-15 10:55:49', '127.0.0.1', 2),
(2823, 'admin', 5, 2, 'id:10', '2017-12-15 10:55:48', '127.0.0.1', 8),
(2822, 'admin', 5, 2, '列表', '2017-12-15 10:55:43', '127.0.0.1', 2),
(2821, 'admin', 5, 3, '列表', '2017-12-15 10:55:22', '127.0.0.1', 2),
(2820, 'admin', 5, 2, '列表', '2017-12-15 10:53:30', '127.0.0.1', 2),
(2819, 'admin', 5, 3, '列表', '2017-12-15 10:52:54', '127.0.0.1', 2),
(2818, 'admin', 5, 2, '列表', '2017-12-15 10:52:47', '127.0.0.1', 2),
(2817, 'admin', 5, 3, '列表', '2017-12-15 10:52:43', '127.0.0.1', 2),
(2816, 'admin', 5, 2, '列表', '2017-12-15 10:52:41', '127.0.0.1', 2),
(2815, 'admin', 5, 3, '列表', '2017-12-15 10:52:26', '127.0.0.1', 2),
(2814, 'admin', 5, 2, 'id:8', '2017-12-15 10:52:24', '127.0.0.1', 8),
(2813, 'admin', 5, 2, '列表', '2017-12-15 10:52:18', '127.0.0.1', 2),
(2812, 'admin', 5, 3, '列表', '2017-12-15 10:48:30', '127.0.0.1', 2),
(2811, 'admin', 5, 2, '列表', '2017-12-15 10:39:17', '127.0.0.1', 2),
(2810, 'admin', 4, 6, '列表', '2017-12-15 10:39:10', '127.0.0.1', 2),
(2809, 'admin', 5, 2, '列表', '2017-12-15 10:37:48', '127.0.0.1', 2),
(2808, 'admin', 5, 1, '列表', '2017-12-15 10:37:47', '127.0.0.1', 2),
(2807, 'admin', 5, 2, '列表', '2017-12-15 10:36:18', '127.0.0.1', 2),
(2806, 'admin', 5, 2, 'id:3', '2017-12-15 10:36:15', '127.0.0.1', 8),
(2805, 'admin', 5, 2, '列表', '2017-12-15 10:32:47', '127.0.0.1', 2),
(2804, 'admin', 5, 2, 'id:3', '2017-12-15 10:31:36', '127.0.0.1', 8),
(2803, 'admin', 5, 2, '列表', '2017-12-15 10:19:50', '127.0.0.1', 2),
(2802, 'admin', 5, 1, '列表', '2017-12-15 10:19:18', '127.0.0.1', 2),
(2801, 'admin', 5, 2, '列表', '2017-12-15 10:17:26', '127.0.0.1', 2),
(2800, 'admin', 4, 4, '列表', '2017-12-15 10:14:40', '127.0.0.1', 2),
(2799, 'admin', 5, 2, '列表', '2017-12-15 09:43:35', '127.0.0.1', 2),
(2798, 'admin', 5, 1, '列表', '2017-12-15 09:43:00', '127.0.0.1', 2),
(2797, 'admin', 5, 2, '列表', '2017-12-15 09:42:56', '127.0.0.1', 2),
(2796, 'admin', 5, 1, '列表', '2017-12-15 09:15:56', '127.0.0.1', 2),
(2795, 'admin', 5, 2, '列表', '2017-12-15 09:14:49', '127.0.0.1', 2),
(2794, 'admin', 0, 0, 'admin登入成功', '2017-12-15 09:12:47', '127.0.0.1', 1),
(2793, 'admin', 5, 2, '列表', '2017-12-14 17:31:22', '127.0.0.1', 2),
(2792, 'admin', 5, 1, 'id:4', '2017-12-14 17:31:20', '127.0.0.1', 8),
(2791, 'admin', 5, 1, '列表', '2017-12-14 17:31:00', '127.0.0.1', 2),
(2790, 'admin', 5, 2, '列表', '2017-12-14 17:17:39', '127.0.0.1', 2),
(2789, 'admin', 5, 1, '列表', '2017-12-14 17:17:10', '127.0.0.1', 2),
(2788, 'admin', 5, 2, '列表', '2017-12-14 17:16:38', '127.0.0.1', 2),
(2787, 'admin', 5, 1, '列表', '2017-12-14 17:16:26', '127.0.0.1', 2),
(2786, 'admin', 5, 2, '列表', '2017-12-14 15:31:35', '127.0.0.1', 2),
(2785, 'admin', 5, 1, '列表', '2017-12-14 15:28:54', '127.0.0.1', 2),
(2784, 'admin', 5, 2, '列表', '2017-12-14 15:28:51', '127.0.0.1', 2),
(2783, 'admin', 5, 1, '3筆資料(\'3\',\'2\',\'1\')', '2017-12-14 15:28:16', '127.0.0.1', 16),
(2782, 'admin', 5, 1, '列表', '2017-12-14 15:27:25', '127.0.0.1', 2),
(2781, 'admin', 5, 1, 'id:4', '2017-12-14 15:27:02', '127.0.0.1', 4),
(2780, 'admin', 5, 1, '列表', '2017-12-14 15:18:42', '127.0.0.1', 2),
(2779, 'admin', 4, 3, '列表', '2017-12-14 15:10:51', '127.0.0.1', 2),
(2778, 'admin', 5, 2, '列表', '2017-12-14 15:10:45', '127.0.0.1', 2),
(2777, 'admin', 4, 3, '列表', '2017-12-14 15:10:06', '127.0.0.1', 2),
(2776, 'admin', 4, 5, '列表', '2017-12-14 15:06:01', '127.0.0.1', 2),
(2775, 'admin', 4, 4, '列表', '2017-12-14 14:54:27', '127.0.0.1', 2),
(2774, 'admin', 0, 0, 'admin登入成功', '2017-12-14 14:52:52', '127.0.0.1', 1),
(2773, 'admin', 2, 1, '列表', '2017-12-14 14:52:41', '127.0.0.1', 2),
(2772, 'admin', 2, 1, '系統管理員 id:2', '2017-12-14 14:52:14', '127.0.0.1', 8),
(2771, 'admin', 2, 1, '列表', '2017-12-14 14:52:06', '127.0.0.1', 2),
(2770, 'admin', 2, 1, '系統管理員 id:2', '2017-12-14 14:52:03', '127.0.0.1', 8),
(2769, 'admin', 2, 1, '列表', '2017-12-14 14:51:58', '127.0.0.1', 2),
(2768, 'admin', 0, 0, 'admin登入成功', '2017-12-14 14:41:46', '127.0.0.1', 1),
(2767, 'customer', 4, 2, '列表', '2017-12-14 13:56:46', '127.0.0.1', 2),
(2766, 'customer', 4, 3, '列表', '2017-12-14 13:56:45', '127.0.0.1', 2),
(2765, 'customer', 4, 4, '列表', '2017-12-14 12:16:49', '127.0.0.1', 2),
(2764, 'customer', 4, 6, '列表', '2017-12-14 12:16:48', '127.0.0.1', 2),
(2763, 'customer', 4, 4, '列表', '2017-12-14 12:16:47', '127.0.0.1', 2),
(2762, 'customer', 4, 3, '列表', '2017-12-14 12:16:46', '127.0.0.1', 2),
(2761, 'customer', 4, 4, '列表', '2017-12-14 12:16:39', '127.0.0.1', 2),
(2760, 'customer', 4, 6, '列表', '2017-12-14 12:16:36', '127.0.0.1', 2),
(2759, 'customer', 4, 4, '列表', '2017-12-14 12:16:08', '127.0.0.1', 2),
(2758, 'customer', 4, 6, '列表', '2017-12-14 12:16:02', '127.0.0.1', 2),
(2757, 'customer', 4, 4, '列表', '2017-12-14 12:15:58', '127.0.0.1', 2),
(2756, 'customer', 4, 3, '列表', '2017-12-14 12:12:50', '127.0.0.1', 2),
(2755, 'customer', 4, 6, '列表', '2017-12-14 12:12:49', '127.0.0.1', 2),
(2754, 'customer', 4, 4, '列表', '2017-12-14 12:12:16', '127.0.0.1', 2),
(2753, 'customer', 4, 6, '列表', '2017-12-14 12:11:58', '127.0.0.1', 2),
(2752, 'customer', 4, 4, '列表', '2017-12-14 12:11:57', '127.0.0.1', 2),
(2751, 'customer', 4, 2, '列表', '2017-12-14 12:11:52', '127.0.0.1', 2),
(2750, 'customer', 4, 3, '列表', '2017-12-14 12:11:34', '127.0.0.1', 2),
(2749, 'customer', 4, 6, '列表', '2017-12-14 12:11:33', '127.0.0.1', 2),
(2748, 'customer', 4, 4, '列表', '2017-12-14 12:07:37', '127.0.0.1', 2),
(2747, 'customer', 4, 6, '列表', '2017-12-14 12:07:34', '127.0.0.1', 2),
(2746, 'customer', 4, 4, 'id:92', '2017-12-14 12:07:27', '127.0.0.1', 8),
(2745, 'money', 4, 5, 'id:92', '2017-12-14 12:07:25', '127.0.0.1', 8),
(2744, 'money', 4, 5, '列表', '2017-12-14 12:07:16', '127.0.0.1', 2),
(2743, 'customer', 4, 4, 'id:92', '2017-12-14 12:07:12', '127.0.0.1', 4),
(2742, 'customer', 4, 4, '列表', '2017-12-14 12:06:41', '127.0.0.1', 2),
(2741, 'money', 3, 5, '列表', '2017-12-14 12:06:15', '127.0.0.1', 2),
(2740, 'money', 3, 4, 'id:31', '2017-12-14 12:06:11', '127.0.0.1', 8),
(2739, 'customer', 3, 3, 'id:31', '2017-12-14 12:06:07', '127.0.0.1', 8),
(2738, 'money', 3, 4, '列表', '2017-12-14 12:06:00', '127.0.0.1', 2),
(2737, 'customer', 3, 3, 'id:31', '2017-12-14 12:05:57', '127.0.0.1', 4),
(2736, 'money', 3, 5, '列表', '2017-12-14 12:05:41', '127.0.0.1', 2),
(2735, 'customer', 3, 3, 'id:30', '2017-12-14 12:05:36', '127.0.0.1', 8),
(2734, 'money', 3, 4, 'id:30', '2017-12-14 12:05:33', '127.0.0.1', 8),
(2733, 'money', 3, 4, '列表', '2017-12-14 12:05:25', '127.0.0.1', 2),
(2732, 'money', 0, 0, 'money登入成功', '2017-12-14 12:05:19', '127.0.0.1', 1),
(2731, 'customer', 3, 3, 'id:30', '2017-12-14 12:05:09', '127.0.0.1', 4),
(2730, 'customer', 3, 3, '列表', '2017-12-14 12:04:52', '127.0.0.1', 2),
(2729, 'customer', 0, 0, 'customer登入成功', '2017-12-14 12:04:46', '127.0.0.1', 1),
(2728, 'admin', 3, 3, '列表', '2017-12-14 12:04:32', '127.0.0.1', 2),
(2827, 'admin', 5, 2, '列表', '2017-12-19 14:31:46', '127.0.0.1', 2),
(2828, 'admin', 4, 4, '列表', '2017-12-19 14:31:49', '127.0.0.1', 2),
(2829, 'admin', 4, 5, '列表', '2017-12-19 14:31:51', '127.0.0.1', 2),
(2830, 'admin', 4, 4, '列表', '2017-12-19 14:32:08', '127.0.0.1', 2),
(2831, 'admin', 4, 5, '列表', '2017-12-19 14:32:09', '127.0.0.1', 2),
(2832, 'admin', 4, 6, '列表', '2017-12-19 14:32:10', '127.0.0.1', 2),
(2833, 'admin', 4, 5, '列表', '2017-12-19 14:32:12', '127.0.0.1', 2),
(2834, 'admin', 4, 4, '列表', '2017-12-19 14:32:13', '127.0.0.1', 2),
(2835, 'admin', 3, 3, '列表', '2017-12-19 14:32:15', '127.0.0.1', 2),
(2836, 'admin', 3, 4, '列表', '2017-12-19 14:33:10', '127.0.0.1', 2),
(2837, 'admin', 3, 3, '列表', '2017-12-19 14:33:15', '127.0.0.1', 2),
(2838, 'admin', 3, 4, '列表', '2017-12-19 14:33:19', '127.0.0.1', 2),
(2839, 'admin', 3, 3, '列表', '2017-12-19 14:33:32', '127.0.0.1', 2),
(2840, 'admin', 5, 2, '列表', '2017-12-19 14:33:35', '127.0.0.1', 2),
(2841, 'admin', 4, 4, '列表', '2017-12-19 14:33:38', '127.0.0.1', 2),
(2842, 'admin', 4, 5, '列表', '2017-12-19 14:33:40', '127.0.0.1', 2),
(2843, 'admin', 3, 3, '列表', '2017-12-19 14:33:48', '127.0.0.1', 2),
(2844, 'admin', 3, 4, '列表', '2017-12-19 14:33:58', '127.0.0.1', 2),
(2845, 'admin', 3, 2, '列表', '2017-12-19 14:43:45', '127.0.0.1', 2),
(2846, 'admin', 3, 3, '列表', '2017-12-19 14:43:46', '127.0.0.1', 2),
(2847, 'admin', 3, 1, '列表', '2017-12-19 14:56:35', '127.0.0.1', 2),
(2848, 'admin', 4, 1, '列表', '2017-12-19 14:59:16', '127.0.0.1', 2),
(2849, 'admin', 4, 4, '列表', '2017-12-19 14:59:18', '127.0.0.1', 2),
(2850, 'admin', 4, 1, '列表', '2017-12-19 14:59:20', '127.0.0.1', 2),
(2851, 'admin', 3, 1, '列表', '2017-12-19 15:07:12', '127.0.0.1', 2),
(2852, 'admin', 3, 2, '列表', '2017-12-19 15:07:13', '127.0.0.1', 2),
(2853, 'admin', 2, 1, '列表', '2017-12-19 15:14:53', '127.0.0.1', 2),
(2854, 'admin', 2, 1, '系統管理員 id:2', '2017-12-19 15:15:01', '127.0.0.1', 8),
(2855, 'admin', 2, 1, '列表', '2017-12-19 15:15:26', '127.0.0.1', 2),
(2856, 'admin', 2, 1, '系統管理員 id:2', '2017-12-19 15:15:31', '127.0.0.1', 8),
(2857, 'admin', 2, 1, '列表', '2017-12-19 15:15:33', '127.0.0.1', 2),
(2858, 'admin', 2, 1, '系統管理員 id:2', '2017-12-19 15:15:45', '127.0.0.1', 8),
(2859, 'admin', 0, 0, 'admin登入成功', '2017-12-19 15:15:56', '127.0.0.1', 1),
(2860, 'admin', 2, 1, '列表', '2017-12-19 15:32:10', '127.0.0.1', 2),
(2861, 'admin', 2, 1, '系統管理員 id:2', '2017-12-19 15:32:14', '127.0.0.1', 8),
(2862, 'admin', 0, 0, 'admin登入成功', '2017-12-19 15:32:27', '127.0.0.1', 1),
(2863, 'admin', 6, 1, '列表', '2017-12-19 16:08:20', '127.0.0.1', 2),
(2864, 'admin', 6, 1, 'Facebookaddd id:4', '2017-12-19 16:09:53', '127.0.0.1', 8),
(2865, 'admin', 6, 1, 'Facebook id:4', '2017-12-19 16:10:04', '127.0.0.1', 8),
(2866, 'admin', 6, 1, 'tres id:0', '2017-12-19 16:10:08', '127.0.0.1', 4),
(2867, 'admin', 6, 1, '1筆資料(\'0\')', '2017-12-19 16:10:11', '127.0.0.1', 16),
(2868, 'admin', 6, 1, '列表', '2017-12-19 16:10:17', '127.0.0.1', 2),
(2869, 'admin', 6, 2, '列表', '2017-12-19 16:12:08', '127.0.0.1', 2),
(2870, 'admin', 6, 2, 'id:3', '2017-12-19 16:16:37', '127.0.0.1', 8),
(2871, 'admin', 6, 2, 'id:0', '2017-12-19 16:16:45', '127.0.0.1', 4),
(2872, 'admin', 6, 2, '列表', '2017-12-19 16:27:17', '127.0.0.1', 2),
(2873, 'admin', 6, 1, '列表', '2017-12-19 16:35:25', '127.0.0.1', 2),
(2874, 'admin', 6, 2, '列表', '2017-12-19 16:36:45', '127.0.0.1', 2),
(2875, 'admin', 6, 1, '列表', '2017-12-19 16:39:01', '127.0.0.1', 2),
(2876, 'admin', 6, 2, '列表', '2017-12-19 16:39:03', '127.0.0.1', 2),
(2877, 'admin', 6, 1, '列表', '2017-12-19 16:41:37', '127.0.0.1', 2),
(2878, 'admin', 6, 2, '列表', '2017-12-19 16:48:56', '127.0.0.1', 2),
(2879, 'admin', 6, 2, '1筆資料(\'0\')', '2017-12-19 16:50:50', '127.0.0.1', 16),
(2880, 'admin', 6, 2, '列表', '2017-12-19 16:51:27', '127.0.0.1', 2),
(2881, 'admin', 6, 1, '列表', '2017-12-19 16:56:14', '127.0.0.1', 2),
(2882, 'admin', 6, 2, '列表', '2017-12-19 16:56:39', '127.0.0.1', 2),
(2883, 'admin', 1, 1, '列表', '2017-12-19 16:58:54', '127.0.0.1', 2),
(2884, 'admin', 6, 1, '列表', '2017-12-19 16:58:59', '127.0.0.1', 2),
(2885, 'admin', 6, 2, '列表', '2017-12-19 16:59:00', '127.0.0.1', 2),
(2886, 'admin', 6, 2, '2筆資料(\'1\',\'2\')', '2017-12-19 17:15:15', '127.0.0.1', 16),
(2887, 'admin', 6, 2, '列表', '2017-12-19 17:20:47', '127.0.0.1', 2),
(2888, 'admin', 6, 1, '列表', '2017-12-19 17:26:01', '127.0.0.1', 2),
(2889, 'admin', 6, 2, '列表', '2017-12-19 17:26:02', '127.0.0.1', 2),
(2890, 'admin', 6, 1, '列表', '2017-12-19 17:35:57', '127.0.0.1', 2),
(2891, 'admin', 6, 2, '列表', '2017-12-19 17:36:03', '127.0.0.1', 2),
(2892, 'admin', 6, 1, '列表', '2017-12-19 17:36:07', '127.0.0.1', 2),
(2893, 'admin', 6, 2, '列表', '2017-12-19 17:36:08', '127.0.0.1', 2),
(2894, 'admin', 6, 1, '列表', '2017-12-19 17:41:42', '127.0.0.1', 2),
(2895, 'admin', 6, 2, '列表', '2017-12-19 17:41:43', '127.0.0.1', 2),
(2896, 'admin', 6, 1, '列表', '2017-12-19 17:41:44', '127.0.0.1', 2),
(2897, 'admin', 6, 2, '列表', '2017-12-19 17:41:46', '127.0.0.1', 2),
(2898, 'admin', 6, 1, '列表', '2017-12-19 17:42:43', '127.0.0.1', 2),
(2899, 'admin', 6, 2, '列表', '2017-12-19 17:42:44', '127.0.0.1', 2),
(2900, 'admin', 0, 0, 'admin登入成功', '2017-12-20 09:19:27', '127.0.0.1', 1),
(2901, 'admin', 6, 2, '列表', '2017-12-20 09:19:35', '127.0.0.1', 2),
(2902, 'admin', 6, 1, '列表', '2017-12-20 09:44:26', '127.0.0.1', 2),
(2903, 'admin', 6, 2, '列表', '2017-12-20 09:44:28', '127.0.0.1', 2),
(2904, 'admin', 6, 1, '列表', '2017-12-20 09:51:20', '127.0.0.1', 2),
(2905, 'admin', 6, 2, '列表', '2017-12-20 09:51:21', '127.0.0.1', 2),
(2906, 'admin', 6, 1, '列表', '2017-12-20 10:01:42', '127.0.0.1', 2),
(2907, 'admin', 6, 2, '列表', '2017-12-20 10:01:47', '127.0.0.1', 2),
(2908, 'admin', 6, 3, '列表', '2017-12-20 10:10:58', '127.0.0.1', 2),
(2909, 'admin', 6, 3, 'id:0', '2017-12-20 10:19:49', '127.0.0.1', 4),
(2910, 'admin', 6, 3, '1筆資料(\'0\')', '2017-12-20 10:20:01', '127.0.0.1', 16),
(2911, 'admin', 6, 3, 'id:0', '2017-12-20 10:20:56', '127.0.0.1', 4),
(2912, 'admin', 6, 3, '列表', '2017-12-20 10:21:57', '127.0.0.1', 2),
(2913, 'admin', 6, 2, '列表', '2017-12-20 10:22:01', '127.0.0.1', 2),
(2914, 'admin', 6, 1, '列表', '2017-12-20 10:22:03', '127.0.0.1', 2),
(2915, 'admin', 6, 3, '列表', '2017-12-20 10:22:04', '127.0.0.1', 2),
(2916, 'admin', 6, 1, '列表', '2017-12-20 10:23:02', '127.0.0.1', 2),
(2917, 'admin', 6, 2, '列表', '2017-12-20 10:23:04', '127.0.0.1', 2),
(2918, 'admin', 6, 3, '列表', '2017-12-20 10:23:06', '127.0.0.1', 2),
(2919, 'admin', 3, 1, '列表', '2017-12-20 10:23:15', '127.0.0.1', 2),
(2920, 'admin', 3, 2, '列表', '2017-12-20 10:23:21', '127.0.0.1', 2),
(2921, 'admin', 6, 3, '列表', '2017-12-20 10:23:36', '127.0.0.1', 2),
(2922, 'admin', 6, 3, 'id:2', '2017-12-20 10:29:45', '127.0.0.1', 4),
(2923, 'admin', 6, 1, '列表', '2017-12-20 10:30:24', '127.0.0.1', 2),
(2924, 'admin', 6, 2, '列表', '2017-12-20 10:30:26', '127.0.0.1', 2),
(2925, 'admin', 6, 3, '列表', '2017-12-20 10:30:29', '127.0.0.1', 2),
(2926, 'admin', 6, 3, 'id:1', '2017-12-20 10:36:39', '127.0.0.1', 8),
(2927, 'admin', 6, 2, '列表', '2017-12-20 10:37:07', '127.0.0.1', 2),
(2928, 'admin', 6, 1, '列表', '2017-12-20 10:37:08', '127.0.0.1', 2),
(2929, 'admin', 6, 3, '列表', '2017-12-20 10:39:10', '127.0.0.1', 2),
(2930, 'admin', 6, 1, '列表', '2017-12-20 10:39:21', '127.0.0.1', 2),
(2931, 'admin', 6, 2, '列表', '2017-12-20 10:39:24', '127.0.0.1', 2),
(2932, 'admin', 6, 3, '列表', '2017-12-20 10:39:28', '127.0.0.1', 2),
(2933, 'admin', 6, 2, '列表', '2017-12-20 10:41:33', '127.0.0.1', 2),
(2934, 'admin', 6, 1, '列表', '2017-12-20 10:41:34', '127.0.0.1', 2),
(2935, 'admin', 6, 3, '列表', '2017-12-20 10:41:35', '127.0.0.1', 2),
(2936, 'admin', 6, 1, '列表', '2017-12-20 10:49:08', '127.0.0.1', 2),
(2937, 'admin', 6, 3, '列表', '2017-12-20 10:49:38', '127.0.0.1', 2),
(2938, 'admin', 6, 1, '列表', '2017-12-20 10:49:44', '127.0.0.1', 2),
(2939, 'admin', 6, 3, '列表', '2017-12-20 10:50:07', '127.0.0.1', 2),
(2940, 'admin', 3, 2, '列表', '2017-12-20 10:53:37', '127.0.0.1', 2),
(2941, 'admin', 3, 3, '列表', '2017-12-20 10:54:28', '127.0.0.1', 2),
(2942, 'admin', 6, 2, '列表', '2017-12-20 10:56:50', '127.0.0.1', 2),
(2943, 'admin', 3, 3, '列表', '2017-12-20 10:57:00', '127.0.0.1', 2),
(2944, 'admin', 3, 3, 'id:44', '2017-12-20 12:05:37', '127.0.0.1', 4),
(2945, 'admin', 3, 3, '列表', '2017-12-20 12:07:08', '127.0.0.1', 2),
(2946, 'admin', 3, 3, 'id:45', '2017-12-20 12:11:51', '127.0.0.1', 4),
(2947, 'admin', 3, 3, '列表', '2017-12-20 12:12:06', '127.0.0.1', 2),
(2948, 'admin', 3, 3, 'id:45', '2017-12-20 13:33:51', '127.0.0.1', 8),
(2949, 'admin', 3, 3, '列表', '2017-12-20 13:35:34', '127.0.0.1', 2),
(2950, 'admin', 3, 3, 'id:45', '2017-12-20 13:35:38', '127.0.0.1', 8),
(2951, 'admin', 3, 3, '列表', '2017-12-20 13:36:22', '127.0.0.1', 2),
(2952, 'admin', 3, 3, 'id:45', '2017-12-20 13:38:40', '127.0.0.1', 8),
(2953, 'admin', 3, 3, '列表', '2017-12-20 13:43:07', '127.0.0.1', 2),
(2954, 'admin', 3, 3, 'id:45', '2017-12-20 13:43:10', '127.0.0.1', 8),
(2955, 'admin', 3, 3, 'id:46', '2017-12-20 13:43:26', '127.0.0.1', 4),
(2956, 'admin', 0, 0, 'admin登入成功', '2017-12-20 13:43:44', '127.0.0.1', 1),
(2957, 'admin', 3, 4, '列表', '2017-12-20 13:44:52', '127.0.0.1', 2),
(2958, 'admin', 3, 3, '列表', '2017-12-20 13:47:50', '127.0.0.1', 2),
(2959, 'admin', 3, 4, '列表', '2017-12-20 13:47:56', '127.0.0.1', 2),
(2960, 'admin', 3, 4, 'id:46', '2017-12-20 13:48:56', '127.0.0.1', 8),
(2961, 'money', 0, 0, 'money登入成功', '2017-12-20 13:49:26', '127.0.0.1', 1),
(2962, 'money', 3, 4, '列表', '2017-12-20 13:49:30', '127.0.0.1', 2),
(2963, 'money', 3, 4, 'id:46', '2017-12-20 13:49:35', '127.0.0.1', 8),
(2964, 'admin', 3, 4, '列表', '2017-12-20 13:49:35', '127.0.0.1', 2),
(2965, 'admin', 3, 3, '列表', '2017-12-20 13:49:37', '127.0.0.1', 2),
(2966, 'admin', 3, 3, 'id:46', '2017-12-20 13:49:46', '127.0.0.1', 8),
(2967, 'admin', 3, 3, '列表', '2017-12-20 13:52:11', '127.0.0.1', 2),
(2968, 'admin', 3, 3, 'id:46', '2017-12-20 13:52:32', '127.0.0.1', 8),
(2969, 'admin', 3, 3, '列表', '2017-12-20 13:52:52', '127.0.0.1', 2),
(2970, 'admin', 3, 3, 'id:46', '2017-12-20 13:55:37', '127.0.0.1', 8),
(2971, 'admin', 3, 3, '列表', '2017-12-20 13:57:04', '127.0.0.1', 2),
(2972, 'admin', 3, 3, 'id:46', '2017-12-20 13:57:18', '127.0.0.1', 8),
(2973, 'admin', 3, 3, 'id:47', '2017-12-20 13:57:24', '127.0.0.1', 4),
(2974, 'admin', 3, 3, 'id:48', '2017-12-20 13:57:31', '127.0.0.1', 4),
(2975, 'admin', 3, 3, '列表', '2017-12-20 13:59:25', '127.0.0.1', 2),
(2976, 'money', 3, 4, '列表', '2017-12-20 13:59:59', '127.0.0.1', 2),
(2977, 'money', 3, 4, 'id:46', '2017-12-20 14:00:04', '127.0.0.1', 8),
(2978, 'admin', 3, 3, 'id:46', '2017-12-20 14:00:08', '127.0.0.1', 8),
(2979, 'admin', 3, 3, '列表', '2017-12-20 14:02:53', '127.0.0.1', 2),
(2980, 'admin', 3, 3, 'id:45', '2017-12-20 14:03:01', '127.0.0.1', 8),
(2981, 'admin', 3, 3, '列表', '2017-12-20 14:04:35', '127.0.0.1', 2),
(2982, 'admin', 3, 3, 'id:45', '2017-12-20 14:05:08', '127.0.0.1', 8),
(2983, 'admin', 3, 3, '列表', '2017-12-20 14:07:27', '127.0.0.1', 2),
(2984, 'admin', 3, 3, 'id:45', '2017-12-20 14:07:31', '127.0.0.1', 8),
(2985, 'admin', 3, 3, '列表', '2017-12-20 14:12:08', '127.0.0.1', 2),
(2986, 'admin', 3, 3, 'id:45', '2017-12-20 14:13:24', '127.0.0.1', 8),
(2987, 'admin', 3, 3, '列表', '2017-12-20 14:16:14', '127.0.0.1', 2),
(2988, 'admin', 3, 3, 'id:45', '2017-12-20 14:16:21', '127.0.0.1', 8),
(2989, 'admin', 3, 3, '列表', '2017-12-20 14:17:41', '127.0.0.1', 2),
(2990, 'admin', 3, 3, 'id:45', '2017-12-20 14:17:47', '127.0.0.1', 8),
(2991, 'admin', 3, 3, '列表', '2017-12-20 14:18:19', '127.0.0.1', 2),
(2992, 'admin', 3, 3, 'id:45', '2017-12-20 14:18:22', '127.0.0.1', 8),
(2993, 'admin', 3, 3, '列表', '2017-12-20 14:18:43', '127.0.0.1', 2),
(2994, 'admin', 3, 3, 'id:45', '2017-12-20 14:18:47', '127.0.0.1', 8),
(2995, 'admin', 3, 3, 'id:46', '2017-12-20 14:18:58', '127.0.0.1', 8),
(2996, 'admin', 3, 3, '列表', '2017-12-20 14:19:32', '127.0.0.1', 2),
(2997, 'admin', 3, 3, 'id:46', '2017-12-20 14:19:35', '127.0.0.1', 8),
(2998, 'admin', 3, 3, 'id:45', '2017-12-20 14:19:40', '127.0.0.1', 8),
(2999, 'admin', 3, 3, '列表', '2017-12-20 14:19:52', '127.0.0.1', 2),
(3000, 'admin', 3, 3, 'id:46', '2017-12-20 14:20:00', '127.0.0.1', 8),
(3001, 'admin', 3, 3, '列表', '2017-12-20 14:22:30', '127.0.0.1', 2),
(3002, 'admin', 3, 3, 'id:49', '2017-12-20 14:25:00', '127.0.0.1', 4),
(3003, 'money', 3, 4, '列表', '2017-12-20 14:25:03', '127.0.0.1', 2),
(3004, 'money', 3, 4, 'id:49', '2017-12-20 14:25:15', '127.0.0.1', 8),
(3005, 'admin', 3, 3, 'id:49', '2017-12-20 14:25:18', '127.0.0.1', 8),
(3006, 'admin', 3, 3, '列表', '2017-12-20 14:28:33', '127.0.0.1', 2),
(3007, 'admin', 3, 3, 'id:45', '2017-12-20 15:31:43', '127.0.0.1', 8),
(3008, 'admin', 3, 4, '列表', '2017-12-20 15:32:55', '127.0.0.1', 2),
(3009, 'admin', 3, 5, '列表', '2017-12-20 15:33:20', '127.0.0.1', 2),
(3010, 'admin', 3, 4, '列表', '2017-12-20 15:36:04', '127.0.0.1', 2),
(3011, 'admin', 3, 3, '列表', '2017-12-20 15:36:05', '127.0.0.1', 2),
(3012, 'admin', 3, 5, '列表', '2017-12-20 15:36:06', '127.0.0.1', 2),
(3013, 'admin', 3, 4, '列表', '2017-12-20 15:36:45', '127.0.0.1', 2),
(3014, 'admin', 3, 3, '列表', '2017-12-20 15:36:46', '127.0.0.1', 2),
(3015, 'admin', 3, 5, '列表', '2017-12-20 15:36:47', '127.0.0.1', 2),
(3016, 'admin', 3, 4, '列表', '2017-12-20 15:51:33', '127.0.0.1', 2),
(3017, 'admin', 3, 3, '列表', '2017-12-20 15:51:34', '127.0.0.1', 2),
(3018, 'admin', 4, 4, '列表', '2017-12-20 15:52:27', '127.0.0.1', 2),
(3019, 'admin', 4, 4, 'id:95', '2017-12-20 16:09:01', '127.0.0.1', 4),
(3020, 'admin', 4, 4, '列表', '2017-12-20 16:09:24', '127.0.0.1', 2),
(3021, 'admin', 4, 4, 'id:95', '2017-12-20 16:15:09', '127.0.0.1', 8),
(3022, 'admin', 4, 4, '列表', '2017-12-20 16:18:03', '127.0.0.1', 2),
(3023, 'admin', 4, 5, '列表', '2017-12-20 16:18:19', '127.0.0.1', 2),
(3024, 'admin', 4, 4, '列表', '2017-12-20 16:29:32', '127.0.0.1', 2),
(3025, 'admin', 4, 4, 'id:96', '2017-12-20 16:29:42', '127.0.0.1', 4),
(3026, 'admin', 4, 5, '列表', '2017-12-20 16:29:44', '127.0.0.1', 2),
(3027, 'admin', 4, 4, '列表', '2017-12-20 16:29:53', '127.0.0.1', 2),
(3028, 'admin', 4, 5, '列表', '2017-12-20 16:30:01', '127.0.0.1', 2);
INSERT INTO `admin_log` (`al_id`, `a_username`, `al_main_key`, `al_fun_key`, `al_descript`, `al_createtime`, `al_ip`, `al_action`) VALUES
(3036, 'admin', 4, 4, '列表', '2017-12-19 15:45:37', '127.0.0.1', 2),
(3037, 'admin', 4, 5, '列表', '2017-12-19 15:45:39', '127.0.0.1', 2),
(3038, 'admin', 4, 4, '列表', '2017-12-19 15:45:40', '127.0.0.1', 2),
(3039, 'admin', 4, 5, '列表', '2017-12-19 15:45:41', '127.0.0.1', 2),
(3040, 'admin', 4, 6, '列表', '2017-12-19 15:45:41', '127.0.0.1', 2),
(3041, 'admin', 4, 4, '列表', '2017-12-19 15:45:49', '127.0.0.1', 2),
(3042, 'admin', 4, 3, '列表', '2017-12-19 15:45:50', '127.0.0.1', 2),
(3043, 'admin', 4, 4, '列表', '2017-12-19 15:45:52', '127.0.0.1', 2),
(3044, 'admin', 4, 5, '列表', '2017-12-19 15:45:53', '127.0.0.1', 2),
(3045, 'admin', 4, 6, '列表', '2017-12-19 15:45:54', '127.0.0.1', 2),
(3046, 'admin', 4, 4, '列表', '2017-12-19 15:45:56', '127.0.0.1', 2),
(3047, 'admin', 4, 5, '列表', '2017-12-19 15:46:04', '127.0.0.1', 2),
(3048, 'admin', 4, 4, '列表', '2017-12-19 15:46:16', '127.0.0.1', 2),
(3049, 'admin', 4, 5, '列表', '2017-12-19 15:46:17', '127.0.0.1', 2),
(3050, 'admin', 4, 4, '列表', '2017-12-19 15:46:18', '127.0.0.1', 2),
(3051, 'admin', 4, 3, '列表', '2017-12-19 15:46:20', '127.0.0.1', 2),
(3052, 'admin', 4, 2, '列表', '2017-12-19 15:46:21', '127.0.0.1', 2),
(3053, 'admin', 4, 3, '列表', '2017-12-19 15:46:23', '127.0.0.1', 2),
(3054, 'admin', 4, 1, '列表', '2017-12-19 15:46:24', '127.0.0.1', 2),
(3055, 'admin', 4, 3, '列表', '2017-12-19 15:46:25', '127.0.0.1', 2),
(3056, 'admin', 4, 4, '列表', '2017-12-19 15:46:26', '127.0.0.1', 2),
(3057, 'admin', 4, 3, '列表', '2017-12-19 15:55:52', '127.0.0.1', 2),
(3058, 'admin', 4, 3, 'id:5', '2017-12-19 15:56:07', '127.0.0.1', 8),
(3059, 'admin', 4, 2, '列表', '2017-12-19 15:56:10', '127.0.0.1', 2),
(3060, 'admin', 4, 3, '列表', '2017-12-19 15:56:13', '127.0.0.1', 2),
(3061, 'admin', 4, 3, 'id:5', '2017-12-19 15:58:07', '127.0.0.1', 8),
(3062, 'admin', 4, 3, '列表', '2017-12-19 16:04:57', '127.0.0.1', 2),
(3063, 'admin', 4, 2, '列表', '2017-12-19 16:32:45', '127.0.0.1', 2),
(3064, 'admin', 4, 1, '列表', '2017-12-19 16:32:46', '127.0.0.1', 2),
(3065, 'admin', 4, 2, '列表', '2017-12-19 16:32:47', '127.0.0.1', 2),
(3066, 'admin', 4, 3, '列表', '2017-12-19 16:32:48', '127.0.0.1', 2),
(3067, 'admin', 4, 4, '列表', '2017-12-19 16:32:49', '127.0.0.1', 2),
(3068, 'admin', 4, 5, '列表', '2017-12-19 16:32:50', '127.0.0.1', 2),
(3069, 'admin', 4, 4, '列表', '2017-12-19 16:32:51', '127.0.0.1', 2),
(3070, 'admin', 4, 5, '列表', '2017-12-19 16:32:51', '127.0.0.1', 2),
(3071, 'admin', 4, 4, '列表', '2017-12-19 16:32:52', '127.0.0.1', 2),
(3072, 'admin', 4, 5, '列表', '2017-12-19 16:32:56', '127.0.0.1', 2),
(3073, 'admin', 4, 4, '列表', '2017-12-19 16:32:56', '127.0.0.1', 2),
(3074, 'admin', 0, 0, 'admin登入成功', '2017-12-19 17:02:19', '127.0.0.1', 1),
(3075, 'admin', 3, 1, '列表', '2017-12-19 17:02:31', '127.0.0.1', 2),
(3076, 'admin', 3, 2, '列表', '2017-12-19 17:03:08', '127.0.0.1', 2),
(3077, 'admin', 0, 0, 'admin登入成功', '2017-12-19 17:04:12', '127.0.0.1', 1),
(3078, 'admin', 2, 1, '列表', '2017-12-19 17:05:58', '127.0.0.1', 2),
(3079, 'admin', 2, 1, '系統管理員 id:2', '2017-12-19 17:06:06', '127.0.0.1', 8),
(3080, 'admin', 2, 1, '列表', '2017-12-19 17:06:08', '127.0.0.1', 2),
(3081, 'admin', 0, 0, 'admin登入成功', '2017-12-19 17:06:16', '127.0.0.1', 1),
(3082, 'admin', 3, 2, '列表', '2017-12-19 17:06:25', '127.0.0.1', 2),
(3083, 'admin', 3, 1, '列表', '2017-12-19 17:06:27', '127.0.0.1', 2),
(3084, 'admin', 3, 2, '列表', '2017-12-19 17:36:39', '127.0.0.1', 2),
(3085, 'admin', 3, 1, '列表', '2017-12-19 17:54:32', '127.0.0.1', 2),
(3086, 'admin', 3, 2, '列表', '2017-12-19 17:54:33', '127.0.0.1', 2),
(3087, 'admin', 2, 1, '列表', '2017-12-19 17:58:00', '127.0.0.1', 2),
(3088, 'admin', 2, 1, '系統管理員 id:2', '2017-12-19 17:58:07', '127.0.0.1', 8),
(3089, 'admin', 2, 1, '列表', '2017-12-19 17:58:10', '127.0.0.1', 2),
(3090, 'admin', 0, 0, 'admin登入成功', '2017-12-20 09:43:27', '::1', 1),
(3091, 'admin', 2, 1, '列表', '2017-12-20 09:43:47', '::1', 2),
(3092, 'admin', 1, 1, '列表', '2017-12-20 09:44:53', '::1', 2),
(3093, 'admin', 3, 1, '列表', '2017-12-20 09:48:19', '::1', 2),
(3094, 'admin', 3, 2, '列表', '2017-12-20 09:48:20', '::1', 2),
(3095, 'admin', 0, 0, 'admin登入成功', '2017-12-20 09:50:04', '127.0.0.1', 1),
(3096, 'admin', 3, 1, '列表', '2017-12-20 10:00:11', '127.0.0.1', 2),
(3097, 'admin', 7, 1, '列表', '2017-12-20 10:03:33', '127.0.0.1', 2),
(3098, 'admin', 3, 1, '列表', '2017-12-20 10:12:47', '127.0.0.1', 2),
(3099, 'admin', 7, 1, '列表', '2017-12-20 10:12:52', '127.0.0.1', 2),
(3100, 'admin', 3, 1, '列表', '2017-12-20 10:13:46', '127.0.0.1', 2),
(3101, 'admin', 7, 1, '列表', '2017-12-20 10:13:50', '127.0.0.1', 2),
(3102, 'admin', 4, 6, '列表', '2017-12-20 10:16:20', '127.0.0.1', 2),
(3103, 'admin', 7, 1, '列表', '2017-12-20 10:17:38', '127.0.0.1', 2),
(3104, 'admin', 4, 6, '列表', '2017-12-20 10:18:59', '127.0.0.1', 2),
(3105, 'admin', 3, 2, '列表', '2017-12-20 10:19:08', '127.0.0.1', 2),
(3106, 'admin', 3, 1, '列表', '2017-12-20 10:19:10', '127.0.0.1', 2),
(3107, 'admin', 7, 1, '列表', '2017-12-20 10:20:14', '127.0.0.1', 2),
(3108, 'admin', 7, 1, '列表', '2017-12-20 10:21:06', '::1', 2),
(3109, 'admin', 7, 1, 'id:4', '2017-12-20 10:30:21', '::1', 8),
(3110, 'admin', 7, 1, '列表', '2017-12-20 10:30:57', '::1', 2),
(3111, 'admin', 7, 1, 'id:5', '2017-12-20 10:58:44', '127.0.0.1', 4),
(3112, 'admin', 7, 1, '1筆資料(\'5\')', '2017-12-20 10:58:59', '127.0.0.1', 16),
(3113, 'admin', 7, 1, '列表', '2017-12-20 10:59:06', '127.0.0.1', 2),
(3114, 'admin', 0, 0, 'admin登入成功', '2017-12-20 11:00:06', '127.0.0.1', 1),
(3115, 'admin', 7, 1, '列表', '2017-12-20 11:00:20', '127.0.0.1', 2),
(3116, 'admin', 7, 1, 'id:6', '2017-12-20 11:02:20', '127.0.0.1', 4),
(3117, 'admin', 7, 1, '1筆資料(\'6\')', '2017-12-20 11:03:11', '127.0.0.1', 16),
(3118, 'admin', 7, 1, 'id:7', '2017-12-20 11:04:21', '127.0.0.1', 4),
(3119, 'admin', 7, 1, '列表', '2017-12-20 11:27:37', '127.0.0.1', 2),
(3120, 'admin', 3, 1, '列表', '2017-12-20 11:28:58', '127.0.0.1', 2),
(3121, 'admin', 7, 1, '列表', '2017-12-20 11:29:05', '127.0.0.1', 2),
(3122, 'admin', 3, 1, '列表', '2017-12-20 12:04:58', '127.0.0.1', 2),
(3123, 'admin', 7, 1, '列表', '2017-12-20 12:04:58', '127.0.0.1', 2),
(3124, 'admin', 0, 0, 'admin登入成功', '2017-12-20 12:05:22', '127.0.0.1', 1),
(3125, 'admin', 2, 1, '列表', '2017-12-20 12:05:29', '127.0.0.1', 2),
(3126, 'admin', 2, 1, '行銷客服 id:5', '2017-12-20 12:05:47', '127.0.0.1', 8),
(3127, 'customer', 0, 0, 'customer登入成功', '2017-12-20 12:05:59', '127.0.0.1', 1),
(3128, 'customer', 7, 1, '列表', '2017-12-20 12:06:05', '127.0.0.1', 2),
(3129, 'admin', 0, 0, 'admin登入成功', '2017-12-20 12:06:38', '127.0.0.1', 1),
(3130, 'admin', 7, 1, '列表', '2017-12-20 12:06:43', '127.0.0.1', 2),
(3131, 'admin', 7, 1, 'id:7', '2017-12-20 12:20:43', '127.0.0.1', 8),
(3132, 'admin', 6, 1, '列表', '2017-12-20 12:26:13', '127.0.0.1', 2),
(3133, 'admin', 6, 2, '列表', '2017-12-20 12:26:15', '127.0.0.1', 2),
(3134, 'admin', 6, 3, '列表', '2017-12-20 12:26:18', '127.0.0.1', 2),
(3135, 'admin', 6, 2, '列表', '2017-12-20 12:26:20', '127.0.0.1', 2),
(3136, 'admin', 6, 3, '列表', '2017-12-20 12:26:22', '127.0.0.1', 2),
(3137, 'admin', 6, 2, '列表', '2017-12-20 12:26:24', '127.0.0.1', 2),
(3138, 'admin', 6, 3, '列表', '2017-12-20 12:26:27', '127.0.0.1', 2),
(3139, 'admin', 6, 2, '列表', '2017-12-20 12:26:36', '127.0.0.1', 2),
(3140, 'admin', 6, 1, '列表', '2017-12-20 12:26:38', '127.0.0.1', 2),
(3141, 'admin', 6, 2, '列表', '2017-12-20 12:26:42', '127.0.0.1', 2),
(3142, 'admin', 6, 3, '列表', '2017-12-20 12:26:45', '127.0.0.1', 2),
(3143, 'admin', 7, 1, '列表', '2017-12-20 12:27:43', '127.0.0.1', 2),
(3144, 'admin', 6, 3, '列表', '2017-12-20 13:35:42', '::1', 2),
(3145, 'admin', 6, 2, '列表', '2017-12-20 13:35:44', '::1', 2),
(3146, 'admin', 6, 3, '列表', '2017-12-20 13:35:45', '::1', 2),
(3147, 'admin', 6, 2, '列表', '2017-12-20 13:35:46', '::1', 2),
(3148, 'admin', 3, 1, '列表', '2017-12-20 13:35:49', '::1', 2),
(3149, 'admin', 3, 2, '列表', '2017-12-20 13:35:50', '::1', 2),
(3150, 'admin', 6, 3, '列表', '2017-12-20 13:35:55', '::1', 2),
(3151, 'admin', 6, 2, '列表', '2017-12-20 13:35:56', '::1', 2),
(3152, 'admin', 6, 3, '列表', '2017-12-20 13:36:31', '::1', 2),
(3153, 'admin', 6, 1, '列表', '2017-12-20 13:36:31', '::1', 2),
(3154, 'admin', 6, 3, '列表', '2017-12-20 13:36:52', '::1', 2),
(3155, 'admin', 6, 1, '列表', '2017-12-20 13:37:40', '::1', 2),
(3156, 'admin', 6, 2, '列表', '2017-12-20 13:37:41', '::1', 2),
(3157, 'admin', 6, 1, '列表', '2017-12-20 13:37:42', '::1', 2),
(3158, 'admin', 6, 1, '列表', '2017-12-20 13:40:09', '127.0.0.1', 2),
(3159, 'admin', 6, 2, '列表', '2017-12-20 13:40:11', '127.0.0.1', 2),
(3160, 'admin', 6, 3, '列表', '2017-12-20 13:40:11', '127.0.0.1', 2),
(3161, 'admin', 7, 1, '列表', '2017-12-20 13:40:13', '127.0.0.1', 2),
(3162, 'admin', 3, 1, '??', '2017-12-20 14:17:41', '127.0.0.1', 2),
(3163, 'admin', 7, 1, '??', '2017-12-20 14:17:49', '127.0.0.1', 2),
(3164, 'admin', 7, 1, 'id:7', '2017-12-20 14:27:41', '127.0.0.1', 8),
(3165, 'admin', 7, 1, '??', '2017-12-20 15:18:23', '127.0.0.1', 2),
(3166, 'admin', 7, 1, '??', '2017-12-20 15:30:44', '127.0.0.1', 2),
(3167, 'admin', 7, 1, 'id:4', '2017-12-20 15:39:38', '127.0.0.1', 8),
(3168, 'admin', 7, 1, '列表', '2017-12-20 15:42:20', '127.0.0.1', 2),
(3169, 'admin', 7, 1, 'id:7', '2017-12-20 15:44:12', '127.0.0.1', 8),
(3170, 'admin', 7, 1, 'id:4', '2017-12-20 15:46:00', '127.0.0.1', 8),
(3171, 'admin', 7, 1, '列表', '2017-12-20 15:49:30', '127.0.0.1', 2),
(3172, 'admin', 7, 1, 'id:7', '2017-12-20 15:49:37', '127.0.0.1', 8),
(3173, 'admin', 7, 1, '列表', '2017-12-20 15:53:23', '127.0.0.1', 2),
(3174, 'admin', 1, 1, '列表', '2017-12-20 16:38:14', '127.0.0.1', 2),
(3175, 'admin', 1, 2, '列表', '2017-12-20 16:38:15', '127.0.0.1', 2),
(3176, 'admin', 2, 1, '列表', '2017-12-20 16:38:17', '127.0.0.1', 2),
(3177, 'admin', 2, 1, '系統管理員 id:2', '2017-12-20 16:38:25', '127.0.0.1', 8),
(3178, 'admin', 0, 0, 'admin登入成功', '2017-12-20 16:38:37', '127.0.0.1', 1),
(3179, 'admin', 7, 1, '列表', '2017-12-20 16:38:44', '127.0.0.1', 2),
(3180, 'admin', 7, 2, '列表', '2017-12-20 16:41:54', '127.0.0.1', 2),
(3181, 'admin', 7, 1, '列表', '2017-12-20 16:53:00', '127.0.0.1', 2),
(3182, 'admin', 7, 2, '列表', '2017-12-20 16:53:01', '127.0.0.1', 2),
(3183, 'admin', 0, 0, 'admin登入成功', '2017-12-20 16:53:24', '127.0.0.1', 1),
(3184, 'admin', 7, 2, '列表', '2017-12-20 16:55:13', '127.0.0.1', 2),
(3185, 'admin', 7, 1, '列表', '2017-12-20 16:57:25', '127.0.0.1', 2),
(3186, 'admin', 7, 2, '列表', '2017-12-20 16:58:29', '127.0.0.1', 2),
(3187, 'admin', 7, 1, '列表', '2017-12-20 17:02:42', '127.0.0.1', 2),
(3188, 'admin', 7, 2, '列表', '2017-12-20 17:02:44', '127.0.0.1', 2),
(3189, 'admin', 7, 1, '列表', '2017-12-20 17:02:49', '127.0.0.1', 2),
(3190, 'admin', 7, 2, '列表', '2017-12-20 17:02:51', '127.0.0.1', 2),
(3191, 'admin', 7, 1, '列表', '2017-12-20 17:02:54', '127.0.0.1', 2),
(3192, 'admin', 7, 2, '列表', '2017-12-20 17:02:54', '127.0.0.1', 2),
(3193, 'admin', 7, 1, '列表', '2017-12-20 17:02:54', '127.0.0.1', 2),
(3194, 'admin', 7, 2, '列表', '2017-12-20 17:02:54', '127.0.0.1', 2),
(3195, 'admin', 7, 1, '列表', '2017-12-20 17:05:05', '127.0.0.1', 2),
(3196, 'admin', 7, 2, '列表', '2017-12-20 17:05:08', '127.0.0.1', 2),
(3197, 'admin', 7, 1, '列表', '2017-12-20 17:05:09', '127.0.0.1', 2),
(3198, 'admin', 7, 2, '列表', '2017-12-20 17:05:34', '127.0.0.1', 2),
(3199, 'admin', 7, 1, '列表', '2017-12-20 17:05:36', '127.0.0.1', 2),
(3200, 'admin', 7, 2, '列表', '2017-12-20 17:05:39', '127.0.0.1', 2),
(3201, 'admin', 7, 1, '列表', '2017-12-20 17:05:41', '127.0.0.1', 2),
(3202, 'admin', 7, 2, '列表', '2017-12-20 17:05:43', '127.0.0.1', 2),
(3203, 'admin', 7, 1, '列表', '2017-12-20 17:06:35', '127.0.0.1', 2),
(3204, 'admin', 7, 2, '列表', '2017-12-20 17:06:37', '127.0.0.1', 2),
(3205, 'admin', 7, 1, '列表', '2017-12-20 17:08:34', '127.0.0.1', 2),
(3206, 'admin', 7, 2, '列表', '2017-12-20 17:08:35', '127.0.0.1', 2),
(3207, 'admin', 4, 6, '列表', '2017-12-20 17:11:14', '127.0.0.1', 2),
(3208, 'admin', 7, 2, '列表', '2017-12-20 17:12:32', '127.0.0.1', 2),
(3209, 'admin', 4, 6, '列表', '2017-12-20 17:23:06', '127.0.0.1', 2),
(3210, 'admin', 7, 2, '列表', '2017-12-20 17:23:21', '127.0.0.1', 2),
(3211, 'admin', 7, 1, '列表', '2017-12-20 17:23:23', '127.0.0.1', 2),
(3212, 'admin', 7, 2, '列表', '2017-12-20 17:23:25', '127.0.0.1', 2),
(3213, 'admin', 4, 6, '列表', '2017-12-20 17:23:59', '127.0.0.1', 2),
(3214, 'admin', 7, 2, '列表', '2017-12-20 17:29:14', '127.0.0.1', 2),
(3215, 'admin', 7, 1, '列表', '2017-12-20 17:29:18', '127.0.0.1', 2),
(3216, 'admin', 7, 2, '列表', '2017-12-20 17:29:20', '127.0.0.1', 2),
(3217, 'admin', 4, 6, '列表', '2017-12-20 17:29:28', '127.0.0.1', 2),
(3218, 'admin', 7, 2, '列表', '2017-12-20 17:29:30', '127.0.0.1', 2),
(3219, 'admin', 7, 1, '列表', '2017-12-20 17:36:13', '127.0.0.1', 2),
(3220, 'admin', 7, 2, '列表', '2017-12-20 17:36:15', '127.0.0.1', 2),
(3221, 'admin', 7, 1, '列表', '2017-12-20 17:41:56', '127.0.0.1', 2),
(3222, 'admin', 7, 2, '列表', '2017-12-20 17:43:10', '127.0.0.1', 2),
(3223, 'admin', 7, 1, '列表', '2017-12-20 17:43:16', '127.0.0.1', 2),
(3224, 'admin', 7, 2, '列表', '2017-12-20 17:45:13', '127.0.0.1', 2),
(3225, 'admin', 7, 1, '列表', '2017-12-20 17:45:14', '127.0.0.1', 2),
(3226, 'admin', 7, 1, 'id:7', '2017-12-20 17:45:20', '127.0.0.1', 8),
(3227, 'admin', 7, 1, '列表', '2017-12-20 17:45:42', '127.0.0.1', 2),
(3228, 'admin', 3, 1, '列表', '2017-12-20 17:45:44', '127.0.0.1', 2),
(3229, 'admin', 6, 1, '列表', '2017-12-20 17:45:46', '127.0.0.1', 2),
(3230, 'admin', 6, 2, '列表', '2017-12-20 17:45:48', '127.0.0.1', 2),
(3231, 'admin', 6, 3, '列表', '2017-12-20 17:45:51', '127.0.0.1', 2),
(3232, 'admin', 6, 1, '列表', '2017-12-20 17:45:56', '127.0.0.1', 2),
(3233, 'admin', 7, 1, '列表', '2017-12-20 17:45:59', '127.0.0.1', 2),
(3234, 'admin', 5, 2, '列表', '2017-12-20 17:47:35', '127.0.0.1', 2),
(3235, 'admin', 7, 2, '列表', '2017-12-20 17:52:02', '127.0.0.1', 2),
(3236, 'admin', 5, 2, '列表', '2017-12-20 17:52:20', '127.0.0.1', 2),
(3237, 'admin', 7, 1, '列表', '2017-12-20 18:06:07', '127.0.0.1', 2),
(3238, 'admin', 7, 2, '列表', '2017-12-20 18:06:09', '127.0.0.1', 2),
(3239, 'admin', 5, 2, '列表', '2017-12-20 18:06:11', '127.0.0.1', 2),
(3240, 'admin', 7, 1, '列表', '2017-12-21 10:00:40', '127.0.0.1', 2),
(3241, 'admin', 5, 2, '列表', '2017-12-21 10:01:17', '127.0.0.1', 2),
(3242, 'admin', 5, 2, 'id:14', '2017-12-21 10:20:07', '127.0.0.1', 8),
(3243, 'admin', 5, 2, 'id:15', '2017-12-21 10:20:14', '127.0.0.1', 8),
(3244, 'admin', 5, 2, 'id:17', '2017-12-21 10:20:20', '127.0.0.1', 8),
(3245, 'admin', 5, 2, '列表', '2017-12-21 10:21:10', '127.0.0.1', 2),
(3246, 'admin', 7, 1, '列表', '2017-12-21 10:31:39', '127.0.0.1', 2),
(3247, 'admin', 5, 2, '列表', '2017-12-21 10:32:15', '127.0.0.1', 2),
(3248, 'admin', 5, 2, 'id:21', '2017-12-21 10:32:35', '127.0.0.1', 8),
(3249, 'admin', 5, 2, '列表', '2017-12-21 10:40:53', '127.0.0.1', 2),
(3250, 'admin', 5, 2, 'id:21', '2017-12-21 11:32:26', '127.0.0.1', 8),
(3251, 'admin', 7, 1, '列表', '2017-12-21 11:32:57', '127.0.0.1', 2),
(3252, 'admin', 7, 2, '列表', '2017-12-21 11:33:12', '127.0.0.1', 2),
(3253, 'admin', 7, 1, '列表', '2017-12-21 11:33:12', '127.0.0.1', 2),
(3254, 'admin', 7, 2, '列表', '2017-12-21 11:34:07', '127.0.0.1', 2),
(3255, 'admin', 7, 1, '列表', '2017-12-21 11:34:08', '127.0.0.1', 2),
(3256, 'admin', 7, 2, '列表', '2017-12-21 11:34:08', '127.0.0.1', 2),
(3257, 'admin', 7, 1, '列表', '2017-12-21 11:34:09', '127.0.0.1', 2),
(3258, 'admin', 5, 2, '列表', '2017-12-21 11:34:36', '127.0.0.1', 2),
(3259, 'admin', 7, 1, '列表', '2017-12-21 11:34:38', '127.0.0.1', 2),
(3260, 'admin', 7, 1, 'id:7', '2017-12-21 11:42:04', '127.0.0.1', 8),
(3261, 'admin', 7, 1, '列表', '2017-12-21 11:43:44', '127.0.0.1', 2),
(3262, 'admin', 6, 3, '列表', '2017-12-21 11:44:10', '127.0.0.1', 2),
(3263, 'admin', 3, 1, '列表', '2017-12-21 11:44:11', '127.0.0.1', 2),
(3264, 'admin', 3, 2, '列表', '2017-12-21 11:44:19', '127.0.0.1', 2),
(3265, 'admin', 7, 1, '列表', '2017-12-21 11:44:36', '127.0.0.1', 2),
(3266, 'admin', 6, 1, '列表', '2017-12-21 11:52:20', '127.0.0.1', 2),
(3267, 'admin', 6, 2, '列表', '2017-12-21 11:52:33', '127.0.0.1', 2),
(3268, 'admin', 6, 3, '列表', '2017-12-21 11:52:40', '127.0.0.1', 2),
(3269, 'admin', 6, 1, '列表', '2017-12-21 11:52:44', '127.0.0.1', 2),
(3270, 'admin', 2, 1, '列表', '2017-12-21 11:53:35', '127.0.0.1', 2),
(3271, 'admin', 1, 1, '列表', '2017-12-21 11:53:47', '127.0.0.1', 2),
(3272, 'admin', 1, 2, '列表', '2017-12-21 11:53:48', '127.0.0.1', 2),
(3273, 'admin', 3, 2, '列表', '2017-12-21 11:53:55', '127.0.0.1', 2),
(3274, 'admin', 5, 2, '列表', '2017-12-21 11:54:05', '127.0.0.1', 2),
(3275, 'admin', 7, 1, '列表', '2017-12-21 11:54:10', '127.0.0.1', 2),
(3276, 'admin', 7, 2, '列表', '2017-12-21 11:54:15', '127.0.0.1', 2),
(3277, 'admin', 7, 1, '列表', '2017-12-21 11:54:23', '127.0.0.1', 2),
(3278, 'admin', 0, 0, 'admin登入成功', '2017-12-21 11:59:28', '127.0.0.1', 1),
(3279, 'admin', 7, 1, '列表', '2017-12-21 11:59:40', '127.0.0.1', 2),
(3280, 'admin', 7, 2, '列表', '2017-12-21 12:00:33', '127.0.0.1', 2),
(3281, 'admin', 7, 1, '列表', '2017-12-21 12:01:37', '127.0.0.1', 2),
(3282, 'admin', 3, 1, '列表', '2017-12-21 12:18:43', '127.0.0.1', 2),
(3283, 'admin', 3, 2, '列表', '2017-12-21 12:18:49', '127.0.0.1', 2),
(3284, 'admin', 5, 2, '列表', '2017-12-21 12:20:44', '127.0.0.1', 2),
(3285, 'admin', 7, 1, '列表', '2017-12-21 12:20:47', '127.0.0.1', 2),
(3286, 'admin', 7, 2, '列表', '2017-12-21 12:20:49', '127.0.0.1', 2),
(3287, 'admin', 5, 2, '列表', '2017-12-21 12:20:57', '127.0.0.1', 2),
(3288, 'admin', 5, 2, 'id:22', '2017-12-21 14:19:48', '127.0.0.1', 8),
(3289, 'admin', 5, 2, '列表', '2017-12-21 14:21:51', '127.0.0.1', 2),
(3290, 'admin', 0, 0, 'admin登入成功', '2017-12-21 14:43:47', '127.0.0.1', 1),
(3291, 'admin', 5, 2, '列表', '2017-12-21 14:56:38', '127.0.0.1', 2),
(3292, 'admin', 7, 1, '列表', '2017-12-21 15:34:06', '127.0.0.1', 2),
(3293, 'admin', 7, 2, '列表', '2017-12-21 15:34:07', '127.0.0.1', 2),
(3294, 'admin', 7, 1, '列表', '2017-12-21 15:34:08', '127.0.0.1', 2),
(3295, 'admin', 7, 2, '列表', '2017-12-21 15:52:57', '127.0.0.1', 2),
(3296, 'admin', 5, 2, '列表', '2017-12-21 15:53:01', '127.0.0.1', 2),
(3297, 'admin', 5, 2, 'id:25', '2017-12-21 16:12:09', '127.0.0.1', 8),
(3298, 'admin', 5, 2, '列表', '2017-12-21 16:18:46', '127.0.0.1', 2),
(3299, 'admin', 5, 2, 'id:26', '2017-12-21 16:21:50', '127.0.0.1', 8),
(3300, 'admin', 5, 2, '列表', '2017-12-21 16:30:42', '127.0.0.1', 2),
(3301, 'admin', 5, 2, 'id:26', '2017-12-21 16:31:23', '127.0.0.1', 8),
(3302, 'admin', 5, 2, '列表', '2017-12-21 16:31:54', '127.0.0.1', 2),
(3303, 'admin', 5, 2, 'id:26', '2017-12-21 16:31:59', '127.0.0.1', 8),
(3304, 'admin', 5, 2, '列表', '2017-12-21 16:32:56', '127.0.0.1', 2),
(3305, 'admin', 7, 2, '列表', '2017-12-21 16:36:17', '127.0.0.1', 2),
(3306, 'admin', 7, 1, '列表', '2017-12-21 16:36:18', '127.0.0.1', 2),
(3307, 'admin', 7, 2, '列表', '2017-12-21 16:36:24', '127.0.0.1', 2),
(3308, 'admin', 7, 1, '列表', '2017-12-21 16:36:26', '127.0.0.1', 2),
(3309, 'admin', 7, 2, '列表', '2017-12-21 16:36:29', '127.0.0.1', 2),
(3310, 'admin', 7, 1, '列表', '2017-12-21 16:36:42', '127.0.0.1', 2),
(3311, 'admin', 7, 2, '列表', '2017-12-21 16:36:42', '127.0.0.1', 2),
(3312, 'admin', 7, 1, '列表', '2017-12-21 16:36:43', '127.0.0.1', 2),
(3313, 'admin', 7, 2, '列表', '2017-12-21 16:39:47', '127.0.0.1', 2),
(3314, 'admin', 5, 2, '列表', '2017-12-21 16:39:52', '127.0.0.1', 2),
(3315, 'admin', 7, 1, '列表', '2017-12-21 16:40:25', '127.0.0.1', 2),
(3316, 'admin', 5, 2, '列表', '2017-12-21 16:57:05', '127.0.0.1', 2),
(3317, 'admin', 7, 1, '列表', '2017-12-21 17:23:52', '127.0.0.1', 2),
(3318, 'admin', 5, 2, '列表', '2017-12-21 17:24:09', '127.0.0.1', 2),
(3319, 'admin', 7, 2, '列表', '2017-12-21 18:09:29', '127.0.0.1', 2),
(3320, 'admin', 7, 1, '列表', '2017-12-21 18:09:30', '127.0.0.1', 2),
(3321, 'admin', 7, 2, '列表', '2017-12-21 18:09:31', '127.0.0.1', 2),
(3322, 'admin', 7, 1, '列表', '2017-12-21 18:09:34', '127.0.0.1', 2),
(3323, 'admin', 4, 4, '列表', '2017-12-21 18:09:36', '127.0.0.1', 2),
(3324, 'admin', 4, 5, '列表', '2017-12-21 18:09:37', '127.0.0.1', 2),
(3325, 'admin', 4, 6, '列表', '2017-12-21 18:09:38', '127.0.0.1', 2),
(3326, 'admin', 7, 1, '列表', '2017-12-22 15:23:54', '127.0.0.1', 2),
(3327, 'admin', 5, 2, '列表', '2017-12-22 15:23:56', '127.0.0.1', 2),
(3328, 'admin', 7, 2, '列表', '2017-12-22 15:57:21', '127.0.0.1', 2),
(3329, 'admin', 7, 1, '列表', '2017-12-22 15:57:22', '127.0.0.1', 2),
(3330, 'admin', 7, 2, '列表', '2017-12-22 15:57:26', '127.0.0.1', 2),
(3331, 'admin', 7, 1, '列表', '2017-12-22 15:57:27', '127.0.0.1', 2),
(3332, 'admin', 7, 1, 'id:8', '2017-12-22 15:58:05', '127.0.0.1', 4),
(3333, 'admin', 7, 1, 'id:9', '2017-12-22 16:00:12', '127.0.0.1', 4),
(3334, 'admin', 5, 2, '列表', '2017-12-22 16:00:23', '127.0.0.1', 2),
(3335, 'admin', 7, 1, '列表', '2017-12-22 16:02:33', '127.0.0.1', 2),
(3336, 'admin', 5, 2, '列表', '2017-12-22 16:06:23', '127.0.0.1', 2),
(3337, 'admin', 7, 1, '列表', '2017-12-25 14:22:27', '127.0.0.1', 2),
(3338, 'admin', 7, 2, '列表', '2017-12-25 14:22:30', '127.0.0.1', 2),
(3339, 'admin', 5, 2, '列表', '2017-12-25 14:22:32', '127.0.0.1', 2),
(3340, 'admin', 3, 1, '列表', '2017-12-25 14:22:39', '127.0.0.1', 2),
(3341, 'admin', 3, 2, '列表', '2017-12-25 14:22:40', '127.0.0.1', 2),
(3342, 'admin', 3, 3, '列表', '2017-12-25 14:22:40', '127.0.0.1', 2),
(3343, 'admin', 3, 5, '列表', '2017-12-25 14:22:41', '127.0.0.1', 2),
(3344, 'admin', 4, 4, '列表', '2017-12-25 14:22:43', '127.0.0.1', 2),
(3345, 'admin', 4, 5, '列表', '2017-12-25 14:22:44', '127.0.0.1', 2),
(3346, 'admin', 4, 6, '列表', '2017-12-25 14:22:45', '127.0.0.1', 2),
(3347, 'admin', 4, 5, '列表', '2017-12-25 14:23:22', '127.0.0.1', 2),
(3348, 'admin', 4, 6, '列表', '2017-12-25 14:23:24', '127.0.0.1', 2),
(3349, 'admin', 4, 5, '列表', '2017-12-25 14:23:25', '127.0.0.1', 2),
(3350, 'admin', 3, 2, '列表', '2017-12-25 14:23:27', '127.0.0.1', 2),
(3351, 'admin', 3, 4, '列表', '2017-12-25 14:23:28', '127.0.0.1', 2),
(3352, 'admin', 3, 5, '列表', '2017-12-25 14:23:31', '127.0.0.1', 2),
(3353, 'admin', 4, 5, '列表', '2017-12-25 14:23:33', '127.0.0.1', 2),
(3354, 'admin', 4, 6, '列表', '2017-12-25 14:28:44', '127.0.0.1', 2),
(3355, 'admin', 4, 5, '列表', '2017-12-25 14:28:45', '127.0.0.1', 2),
(3356, 'admin', 4, 6, '列表', '2017-12-25 14:28:46', '127.0.0.1', 2),
(3357, 'admin', 4, 5, '列表', '2017-12-25 14:28:50', '127.0.0.1', 2),
(3358, 'admin', 7, 1, '列表', '2017-12-25 14:28:52', '127.0.0.1', 2),
(3359, 'admin', 7, 2, '列表', '2017-12-25 14:28:53', '127.0.0.1', 2),
(3360, 'admin', 5, 2, '列表', '2017-12-25 14:28:54', '127.0.0.1', 2),
(3361, 'admin', 4, 5, '列表', '2017-12-25 14:28:57', '127.0.0.1', 2),
(3362, 'admin', 4, 6, '列表', '2017-12-25 14:28:58', '127.0.0.1', 2),
(3363, 'admin', 4, 5, '列表', '2017-12-25 14:28:59', '127.0.0.1', 2),
(3364, 'admin', 4, 6, '列表', '2017-12-25 14:29:05', '127.0.0.1', 2),
(3365, 'admin', 4, 5, '列表', '2017-12-25 14:29:06', '127.0.0.1', 2),
(3366, 'admin', 4, 6, '列表', '2017-12-25 14:29:08', '127.0.0.1', 2),
(3367, 'admin', 4, 5, '列表', '2017-12-25 14:29:09', '127.0.0.1', 2),
(3368, 'admin', 4, 6, '列表', '2017-12-25 14:29:09', '127.0.0.1', 2),
(3369, 'admin', 4, 5, '列表', '2017-12-25 14:30:53', '127.0.0.1', 2),
(3370, 'admin', 4, 6, '列表', '2017-12-25 14:30:54', '127.0.0.1', 2),
(3371, 'admin', 6, 2, '列表', '2017-12-25 14:31:02', '127.0.0.1', 2),
(3372, 'admin', 3, 3, '列表', '2017-12-25 14:32:15', '127.0.0.1', 2),
(3373, 'admin', 3, 4, '列表', '2017-12-25 14:32:16', '127.0.0.1', 2),
(3374, 'admin', 3, 5, '列表', '2017-12-25 14:32:17', '127.0.0.1', 2),
(3375, 'admin', 4, 6, '列表', '2017-12-25 14:32:18', '127.0.0.1', 2),
(3376, 'admin', 4, 5, '列表', '2017-12-25 14:32:21', '127.0.0.1', 2),
(3377, 'admin', 4, 4, '列表', '2017-12-25 14:32:26', '127.0.0.1', 2),
(3378, 'admin', 6, 2, '列表', '2017-12-25 14:32:29', '127.0.0.1', 2),
(3379, 'admin', 6, 3, '列表', '2017-12-25 14:33:57', '127.0.0.1', 2),
(3380, 'admin', 3, 1, '列表', '2017-12-25 14:33:59', '127.0.0.1', 2),
(3381, 'admin', 3, 4, '列表', '2017-12-25 14:33:59', '127.0.0.1', 2),
(3382, 'admin', 3, 3, '列表', '2017-12-25 14:34:01', '127.0.0.1', 2),
(3383, 'admin', 3, 4, '列表', '2017-12-25 14:34:01', '127.0.0.1', 2),
(3384, 'admin', 3, 3, '列表', '2017-12-25 14:34:03', '127.0.0.1', 2),
(3385, 'admin', 3, 4, '列表', '2017-12-25 14:34:04', '127.0.0.1', 2),
(3386, 'admin', 3, 5, '列表', '2017-12-25 14:34:06', '127.0.0.1', 2),
(3387, 'admin', 3, 3, '列表', '2017-12-25 14:34:07', '127.0.0.1', 2),
(3388, 'admin', 4, 5, '列表', '2017-12-25 14:34:09', '127.0.0.1', 2),
(3389, 'admin', 4, 4, '列表', '2017-12-25 14:34:10', '127.0.0.1', 2),
(3390, 'admin', 3, 3, '列表', '2017-12-25 14:34:12', '127.0.0.1', 2),
(3391, 'admin', 3, 4, '列表', '2017-12-25 14:34:14', '127.0.0.1', 2),
(3392, 'admin', 3, 5, '列表', '2017-12-25 14:36:32', '127.0.0.1', 2),
(3393, 'admin', 3, 4, '列表', '2017-12-25 14:36:33', '127.0.0.1', 2),
(3394, 'admin', 3, 5, '列表', '2017-12-25 14:36:34', '127.0.0.1', 2),
(3395, 'admin', 3, 4, '列表', '2017-12-25 14:36:36', '127.0.0.1', 2),
(3396, 'admin', 3, 3, '列表', '2017-12-25 14:36:38', '127.0.0.1', 2),
(3397, 'admin', 3, 2, '列表', '2017-12-25 14:36:40', '127.0.0.1', 2),
(3398, 'admin', 3, 3, '列表', '2017-12-25 14:36:41', '127.0.0.1', 2),
(3399, 'admin', 3, 4, '列表', '2017-12-25 14:36:41', '127.0.0.1', 2),
(3400, 'admin', 3, 5, '列表', '2017-12-25 14:36:42', '127.0.0.1', 2),
(3401, 'admin', 7, 1, '列表', '2017-12-25 14:36:43', '127.0.0.1', 2),
(3402, 'admin', 7, 2, '列表', '2017-12-25 14:36:44', '127.0.0.1', 2),
(3403, 'admin', 5, 2, '列表', '2017-12-25 14:36:46', '127.0.0.1', 2),
(3404, 'admin', 7, 1, '列表', '2017-12-25 14:36:47', '127.0.0.1', 2),
(3405, 'admin', 4, 4, '列表', '2017-12-25 14:36:49', '127.0.0.1', 2),
(3406, 'admin', 5, 2, '列表', '2017-12-25 14:36:50', '127.0.0.1', 2),
(3407, 'admin', 6, 1, '列表', '2017-12-25 14:37:03', '127.0.0.1', 2),
(3408, 'admin', 6, 2, '列表', '2017-12-25 14:37:04', '127.0.0.1', 2),
(3409, 'admin', 5, 2, '列表', '2017-12-25 14:37:54', '127.0.0.1', 2),
(3410, 'admin', 7, 1, '列表', '2017-12-25 14:38:37', '127.0.0.1', 2),
(3411, 'admin', 5, 2, '列表', '2017-12-25 14:38:43', '127.0.0.1', 2),
(3412, 'admin', 6, 1, '??', '2017-12-25 16:35:12', '127.0.0.1', 2),
(3413, 'admin', 6, 2, '??', '2017-12-25 16:35:12', '127.0.0.1', 2),
(3414, 'admin', 6, 3, '??', '2017-12-25 16:35:13', '127.0.0.1', 2),
(3415, 'admin', 6, 2, '??', '2017-12-25 16:35:15', '127.0.0.1', 2),
(3416, 'admin', 6, 3, '??', '2017-12-25 16:38:49', '127.0.0.1', 2),
(3417, 'admin', 6, 2, '??', '2017-12-25 16:38:50', '127.0.0.1', 2),
(3418, 'admin', 3, 1, '??', '2017-12-25 16:39:00', '127.0.0.1', 2),
(3419, 'admin', 3, 2, '??', '2017-12-25 16:39:01', '127.0.0.1', 2),
(3420, 'admin', 3, 3, '??', '2017-12-25 16:39:01', '127.0.0.1', 2),
(3421, 'admin', 3, 4, '??', '2017-12-25 16:39:02', '127.0.0.1', 2),
(3422, 'admin', 3, 5, '??', '2017-12-25 16:39:02', '127.0.0.1', 2),
(3423, 'admin', 4, 4, '??', '2017-12-25 16:39:04', '127.0.0.1', 2),
(3424, 'admin', 4, 5, '??', '2017-12-25 16:39:05', '127.0.0.1', 2),
(3425, 'admin', 4, 6, '??', '2017-12-25 16:39:05', '127.0.0.1', 2),
(3426, 'admin', 4, 4, '??', '2017-12-25 16:52:47', '127.0.0.1', 2),
(3427, 'admin', 4, 5, '??', '2017-12-25 16:52:48', '127.0.0.1', 2),
(3428, 'admin', 4, 6, '??', '2017-12-25 16:52:48', '127.0.0.1', 2),
(3429, 'admin', 6, 3, '??', '2017-12-25 16:52:55', '127.0.0.1', 2),
(3430, 'admin', 4, 5, '??', '2017-12-25 17:08:25', '127.0.0.1', 2),
(3431, 'admin', 4, 6, '??', '2017-12-25 17:08:26', '127.0.0.1', 2),
(3432, 'admin', 4, 5, '??', '2017-12-25 17:08:27', '127.0.0.1', 2),
(3433, 'admin', 4, 4, '??', '2017-12-25 17:08:27', '127.0.0.1', 2),
(3434, 'admin', 7, 1, '??', '2017-12-25 17:08:29', '127.0.0.1', 2),
(3435, 'admin', 7, 2, '??', '2017-12-25 17:08:30', '127.0.0.1', 2),
(3436, 'admin', 5, 2, '??', '2017-12-25 17:08:31', '127.0.0.1', 2),
(3437, 'admin', 3, 1, '??', '2017-12-25 17:08:36', '127.0.0.1', 2),
(3438, 'admin', 3, 2, '??', '2017-12-25 17:08:37', '127.0.0.1', 2),
(3439, 'admin', 3, 3, '??', '2017-12-25 17:08:38', '127.0.0.1', 2),
(3440, 'admin', 3, 4, '??', '2017-12-25 17:08:38', '127.0.0.1', 2),
(3441, 'admin', 3, 5, '??', '2017-12-25 17:08:39', '127.0.0.1', 2),
(3442, 'admin', 3, 1, '??', '2017-12-25 17:08:44', '127.0.0.1', 2),
(3443, 'admin', 3, 2, '??', '2017-12-25 17:08:44', '127.0.0.1', 2),
(3444, 'admin', 3, 3, '??', '2017-12-25 17:08:45', '127.0.0.1', 2),
(3445, 'admin', 3, 4, '??', '2017-12-25 17:08:45', '127.0.0.1', 2),
(3446, 'admin', 3, 5, '??', '2017-12-25 17:08:46', '127.0.0.1', 2),
(3447, 'admin', 3, 4, '??', '2017-12-25 17:08:50', '127.0.0.1', 2),
(3448, 'admin', 3, 3, '??', '2017-12-25 17:08:50', '127.0.0.1', 2),
(3449, 'admin', 3, 5, '??', '2017-12-25 17:08:51', '127.0.0.1', 2),
(3450, 'admin', 3, 4, '??', '2017-12-25 17:08:52', '127.0.0.1', 2),
(3451, 'admin', 3, 3, '??', '2017-12-25 17:08:52', '127.0.0.1', 2),
(3452, 'admin', 3, 4, '??', '2017-12-25 17:08:53', '127.0.0.1', 2),
(3453, 'admin', 3, 3, '??', '2017-12-25 17:08:54', '127.0.0.1', 2),
(3454, 'admin', 3, 4, '??', '2017-12-25 17:08:55', '127.0.0.1', 2),
(3455, 'admin', 3, 3, '??', '2017-12-25 17:08:56', '127.0.0.1', 2),
(3456, 'admin', 3, 4, '??', '2017-12-25 17:08:57', '127.0.0.1', 2),
(3457, 'admin', 3, 2, '??', '2017-12-25 17:09:02', '127.0.0.1', 2),
(3458, 'admin', 3, 1, '??', '2017-12-25 17:09:03', '127.0.0.1', 2),
(3459, 'admin', 6, 1, '??', '2017-12-25 17:09:07', '127.0.0.1', 2),
(3460, 'admin', 6, 2, '??', '2017-12-25 17:09:07', '127.0.0.1', 2),
(3461, 'admin', 6, 3, '??', '2017-12-25 17:09:08', '127.0.0.1', 2),
(3462, 'admin', 6, 2, '??', '2017-12-25 17:09:09', '127.0.0.1', 2),
(3463, 'admin', 6, 1, '??', '2017-12-25 17:10:31', '127.0.0.1', 2),
(3464, 'admin', 6, 2, '??', '2017-12-25 17:10:32', '127.0.0.1', 2),
(3465, 'admin', 6, 3, '??', '2017-12-25 17:10:51', '127.0.0.1', 2),
(3466, 'admin', 6, 2, '??', '2017-12-25 17:13:08', '127.0.0.1', 2),
(3467, 'admin', 6, 3, '??', '2017-12-25 17:14:05', '127.0.0.1', 2),
(3468, 'admin', 6, 1, '??', '2017-12-25 17:22:56', '127.0.0.1', 2),
(3469, 'admin', 6, 2, '??', '2017-12-25 17:22:58', '127.0.0.1', 2),
(3470, 'admin', 6, 3, '??', '2017-12-25 17:23:41', '127.0.0.1', 2),
(3471, 'admin', 6, 2, '??', '2017-12-25 17:24:04', '127.0.0.1', 2),
(3472, 'admin', 6, 3, '??', '2017-12-25 17:25:33', '127.0.0.1', 2),
(3473, 'admin', 6, 2, '??', '2017-12-25 17:25:33', '127.0.0.1', 2),
(3474, 'admin', 6, 1, '??', '2017-12-25 17:25:34', '127.0.0.1', 2),
(3475, 'admin', 6, 2, '??', '2017-12-25 17:25:35', '127.0.0.1', 2),
(3476, 'admin', 3, 1, '??', '2017-12-25 17:25:36', '127.0.0.1', 2),
(3477, 'admin', 3, 5, '??', '2017-12-25 17:25:36', '127.0.0.1', 2),
(3478, 'admin', 6, 2, '??', '2017-12-25 17:25:39', '127.0.0.1', 2),
(3479, 'admin', 6, 1, '??', '2017-12-25 17:25:40', '127.0.0.1', 2),
(3480, 'admin', 6, 2, '??', '2017-12-25 17:25:40', '127.0.0.1', 2),
(3481, 'admin', 5, 2, '??', '2017-12-25 17:25:43', '127.0.0.1', 2),
(3482, 'admin', 2, 1, '??', '2017-12-25 17:28:47', '127.0.0.1', 2),
(3483, 'admin', 6, 1, '??', '2017-12-25 17:28:49', '127.0.0.1', 2),
(3484, 'admin', 6, 3, '??', '2017-12-25 17:28:49', '127.0.0.1', 2),
(3485, 'admin', 6, 2, '??', '2017-12-25 17:28:50', '127.0.0.1', 2),
(3486, 'admin', 6, 3, '??', '2017-12-25 17:29:16', '127.0.0.1', 2),
(3487, 'admin', 6, 1, '??', '2017-12-25 17:45:05', '127.0.0.1', 2),
(3488, 'admin', 6, 2, '??', '2017-12-25 17:45:06', '127.0.0.1', 2),
(3489, 'admin', 6, 3, '??', '2017-12-25 17:45:06', '127.0.0.1', 2),
(3490, 'admin', 6, 1, '??', '2017-12-25 17:45:07', '127.0.0.1', 2),
(3491, 'admin', 6, 2, '??', '2017-12-26 11:07:46', '127.0.0.1', 2),
(3492, 'admin', 5, 2, '??', '2017-12-26 11:08:36', '127.0.0.1', 2),
(3493, 'admin', 0, 0, 'admin????', '2017-12-26 11:09:31', '127.0.0.1', 1),
(3494, 'admin', 5, 2, '??', '2017-12-26 11:10:13', '127.0.0.1', 2),
(3495, 'admin', 6, 2, '??', '2017-12-26 11:48:07', '127.0.0.1', 2),
(3496, 'admin', 5, 2, '??', '2017-12-26 11:48:53', '127.0.0.1', 2),
(3497, 'admin', 6, 2, '??', '2017-12-26 11:50:06', '127.0.0.1', 2),
(3498, 'admin', 5, 2, '??', '2017-12-26 11:50:12', '127.0.0.1', 2),
(3499, 'admin', 4, 4, '??', '2017-12-26 12:03:54', '127.0.0.1', 2),
(3500, 'admin', 3, 2, '??', '2017-12-26 12:04:03', '127.0.0.1', 2),
(3501, 'admin', 3, 3, '??', '2017-12-26 12:04:04', '127.0.0.1', 2),
(3502, 'admin', 6, 1, '??', '2017-12-26 12:04:08', '127.0.0.1', 2),
(3503, 'admin', 2, 1, '??', '2017-12-26 12:04:19', '127.0.0.1', 2),
(3504, 'admin', 6, 1, '??', '2017-12-26 12:10:51', '127.0.0.1', 2),
(3505, 'admin', 6, 3, '??', '2017-12-26 12:10:52', '127.0.0.1', 2),
(3506, 'admin', 6, 2, '??', '2017-12-26 12:10:52', '127.0.0.1', 2),
(3507, 'admin', 3, 1, '??', '2017-12-26 12:10:54', '127.0.0.1', 2),
(3508, 'admin', 3, 5, '??', '2017-12-26 12:10:54', '127.0.0.1', 2),
(3509, 'admin', 3, 4, '??', '2017-12-26 12:10:55', '127.0.0.1', 2),
(3510, 'admin', 4, 4, '??', '2017-12-26 12:10:56', '127.0.0.1', 2),
(3511, 'admin', 4, 5, '??', '2017-12-26 12:10:57', '127.0.0.1', 2),
(3512, 'admin', 4, 6, '??', '2017-12-26 12:10:58', '127.0.0.1', 2),
(3513, 'admin', 7, 1, '??', '2017-12-26 12:10:59', '127.0.0.1', 2),
(3514, 'admin', 7, 2, '??', '2017-12-26 12:11:00', '127.0.0.1', 2),
(3515, 'admin', 5, 2, '??', '2017-12-26 12:11:01', '127.0.0.1', 2),
(3516, 'admin', 4, 5, '??', '2017-12-26 12:11:10', '127.0.0.1', 2),
(3517, 'admin', 4, 6, '??', '2017-12-26 12:11:11', '127.0.0.1', 2),
(3518, 'admin', 4, 4, '??', '2017-12-26 12:11:12', '127.0.0.1', 2),
(3519, 'admin', 5, 2, '??', '2017-12-26 13:37:47', '127.0.0.1', 2),
(3520, 'admin', 0, 0, 'admin????', '2017-12-26 13:44:50', '127.0.0.1', 1),
(3521, 'admin', 5, 2, '??', '2017-12-26 13:59:16', '127.0.0.1', 2),
(3522, 'admin', 6, 2, '??', '2017-12-26 14:02:12', '127.0.0.1', 2),
(3523, 'admin', 5, 2, '??', '2017-12-26 14:03:00', '127.0.0.1', 2),
(3524, 'admin', 6, 2, '??', '2017-12-26 14:11:25', '127.0.0.1', 2),
(3525, 'admin', 5, 2, '??', '2017-12-26 14:12:13', '127.0.0.1', 2),
(3526, 'admin', 6, 2, '??', '2017-12-26 14:13:23', '127.0.0.1', 2),
(3527, 'admin', 6, 1, '??', '2017-12-26 14:19:46', '127.0.0.1', 2),
(3528, 'admin', 6, 2, '??', '2017-12-26 14:19:48', '127.0.0.1', 2),
(3529, 'admin', 6, 3, '??', '2017-12-26 14:19:50', '127.0.0.1', 2),
(3530, 'admin', 3, 1, '??', '2017-12-26 14:19:52', '127.0.0.1', 2),
(3531, 'admin', 3, 5, '??', '2017-12-26 14:19:54', '127.0.0.1', 2),
(3532, 'admin', 3, 4, '??', '2017-12-26 14:19:55', '127.0.0.1', 2),
(3533, 'admin', 4, 4, '??', '2017-12-26 14:19:58', '127.0.0.1', 2),
(3534, 'admin', 4, 5, '??', '2017-12-26 14:19:59', '127.0.0.1', 2),
(3535, 'admin', 5, 2, '??', '2017-12-26 14:20:01', '127.0.0.1', 2),
(3536, 'admin', 7, 2, '??', '2017-12-26 14:20:04', '127.0.0.1', 2),
(3537, 'admin', 7, 1, '??', '2017-12-26 14:20:06', '127.0.0.1', 2),
(3538, 'admin', 6, 2, '??', '2017-12-26 14:21:03', '127.0.0.1', 2),
(3539, 'admin', 6, 2, 'id:7', '2017-12-26 14:21:27', '127.0.0.1', 4),
(3540, 'admin', 6, 2, '1???(\'7\')', '2017-12-26 14:21:34', '127.0.0.1', 16),
(3541, 'admin', 6, 2, '列表', '2017-12-26 14:24:05', '127.0.0.1', 2),
(3542, 'admin', 6, 3, '列表', '2017-12-26 14:24:15', '127.0.0.1', 2),
(3543, 'admin', 5, 2, '列表', '2017-12-26 14:26:26', '127.0.0.1', 2),
(3544, 'admin', 6, 2, '列表', '2017-12-26 14:29:20', '127.0.0.1', 2),
(3545, 'admin', 6, 3, '列表', '2017-12-26 14:29:22', '127.0.0.1', 2),
(3546, 'admin', 3, 1, '列表', '2017-12-26 14:29:25', '127.0.0.1', 2),
(3547, 'admin', 3, 5, '列表', '2017-12-26 14:29:27', '127.0.0.1', 2),
(3548, 'admin', 7, 1, '列表', '2017-12-26 14:29:30', '127.0.0.1', 2),
(3549, 'admin', 5, 2, '列表', '2017-12-26 14:29:32', '127.0.0.1', 2),
(3550, 'admin', 4, 4, '列表', '2017-12-26 14:32:29', '127.0.0.1', 2),
(3551, 'admin', 4, 5, '列表', '2017-12-26 14:32:31', '127.0.0.1', 2),
(3552, 'admin', 6, 1, '列表', '2017-12-26 14:32:33', '127.0.0.1', 2),
(3553, 'admin', 6, 2, '列表', '2017-12-26 14:32:34', '127.0.0.1', 2),
(3554, 'admin', 3, 1, '列表', '2017-12-26 14:32:36', '127.0.0.1', 2),
(3555, 'admin', 3, 3, '列表', '2017-12-26 14:32:38', '127.0.0.1', 2),
(3556, 'admin', 3, 4, '列表', '2017-12-26 14:32:40', '127.0.0.1', 2),
(3557, 'admin', 3, 5, '列表', '2017-12-26 14:32:41', '127.0.0.1', 2),
(3558, 'admin', 4, 6, '列表', '2017-12-26 14:34:15', '127.0.0.1', 2),
(3559, 'admin', 4, 5, '列表', '2017-12-26 14:34:21', '127.0.0.1', 2),
(3560, 'admin', 6, 2, '列表', '2017-12-26 14:44:39', '127.0.0.1', 2),
(3561, 'admin', 6, 2, 'id:8', '2017-12-26 14:44:55', '127.0.0.1', 4),
(3562, 'admin', 5, 2, '列表', '2017-12-26 14:48:52', '127.0.0.1', 2),
(3563, 'admin', 0, 0, 'admin登入成功', '2017-12-26 15:05:20', '127.0.0.1', 1),
(3564, 'admin', 0, 0, 'admin登入成功', '2017-12-26 15:06:53', '::1', 1),
(3565, 'admin', 5, 2, '列表', '2017-12-26 15:07:03', '::1', 2),
(3566, 'admin', 0, 0, 'admin登入成功', '2017-12-26 15:11:32', '127.0.0.1', 1),
(3567, 'admin', 5, 2, '列表', '2017-12-26 15:15:42', '127.0.0.1', 2),
(3568, 'admin', 0, 0, 'admin登入成功', '2017-12-26 15:16:45', '127.0.0.1', 1),
(3569, 'admin', 5, 2, '列表', '2017-12-26 15:20:08', '127.0.0.1', 2),
(3570, 'admin', 6, 2, '列表', '2017-12-26 15:34:58', '127.0.0.1', 2),
(3571, 'admin', 6, 1, '列表', '2017-12-26 15:35:01', '127.0.0.1', 2),
(3572, 'admin', 6, 3, '列表', '2017-12-26 15:35:02', '127.0.0.1', 2),
(3573, 'admin', 3, 1, '列表', '2017-12-26 15:35:05', '127.0.0.1', 2),
(3574, 'admin', 3, 2, '列表', '2017-12-26 15:35:06', '127.0.0.1', 2),
(3575, 'admin', 6, 2, '列表', '2017-12-26 15:35:11', '127.0.0.1', 2),
(3576, 'admin', 6, 3, '列表', '2017-12-26 15:35:26', '127.0.0.1', 2),
(3577, 'admin', 6, 2, '列表', '2017-12-26 15:35:32', '127.0.0.1', 2),
(3578, 'admin', 6, 3, '列表', '2017-12-26 15:36:32', '127.0.0.1', 2),
(3579, 'admin', 6, 2, '列表', '2017-12-26 15:36:43', '127.0.0.1', 2),
(3580, 'admin', 5, 2, '列表', '2017-12-26 15:38:32', '127.0.0.1', 2),
(3581, 'admin', 4, 5, '列表', '2017-12-26 16:08:31', '127.0.0.1', 2),
(3582, 'admin', 4, 6, '列表', '2017-12-26 16:08:33', '127.0.0.1', 2),
(3583, 'admin', 4, 5, '列表', '2017-12-26 16:08:35', '127.0.0.1', 2),
(3584, 'admin', 4, 4, '列表', '2017-12-26 16:08:41', '127.0.0.1', 2),
(3585, 'admin', 4, 6, '列表', '2017-12-26 16:10:15', '127.0.0.1', 2),
(3586, 'admin', 4, 5, '列表', '2017-12-26 16:10:16', '127.0.0.1', 2),
(3587, 'admin', 4, 4, '列表', '2017-12-26 16:10:17', '127.0.0.1', 2),
(3588, 'admin', 4, 5, '列表', '2017-12-26 16:17:35', '127.0.0.1', 2),
(3589, 'admin', 4, 6, '列表', '2017-12-26 16:17:36', '127.0.0.1', 2),
(3590, 'admin', 4, 5, '列表', '2017-12-26 16:17:37', '127.0.0.1', 2),
(3591, 'admin', 4, 4, '列表', '2017-12-26 16:17:38', '127.0.0.1', 2),
(3592, 'admin', 4, 5, '列表', '2017-12-26 16:17:39', '127.0.0.1', 2),
(3593, 'admin', 4, 4, '列表', '2017-12-26 16:17:39', '127.0.0.1', 2),
(3594, 'admin', 4, 5, '列表', '2017-12-26 16:17:41', '127.0.0.1', 2),
(3595, 'admin', 4, 4, '列表', '2017-12-26 16:31:30', '127.0.0.1', 2),
(3596, 'admin', 4, 5, '列表', '2017-12-26 16:31:30', '127.0.0.1', 2),
(3597, 'admin', 4, 6, '列表', '2017-12-26 16:31:31', '127.0.0.1', 2),
(3598, 'admin', 4, 5, '列表', '2017-12-26 16:31:32', '127.0.0.1', 2),
(3599, 'admin', 4, 6, '列表', '2017-12-26 16:40:01', '127.0.0.1', 2),
(3600, 'admin', 4, 5, '列表', '2017-12-26 16:40:01', '127.0.0.1', 2),
(3601, 'admin', 4, 4, '列表', '2017-12-26 16:40:02', '127.0.0.1', 2),
(3602, 'admin', 4, 5, '列表', '2017-12-26 16:40:03', '127.0.0.1', 2),
(3603, 'admin', 4, 6, '列表', '2017-12-26 16:40:11', '127.0.0.1', 2),
(3604, 'admin', 7, 2, '列表', '2017-12-26 16:40:13', '127.0.0.1', 2),
(3605, 'admin', 5, 2, '列表', '2017-12-26 16:40:14', '127.0.0.1', 2),
(3606, 'admin', 6, 2, '列表', '2017-12-26 16:41:38', '127.0.0.1', 2),
(3607, 'admin', 5, 2, '列表', '2017-12-26 16:42:28', '127.0.0.1', 2),
(3608, 'admin', 0, 0, 'admin登入成功', '2017-12-26 16:44:41', '127.0.0.1', 1),
(3609, 'admin', 5, 2, '列表', '2017-12-26 16:45:27', '127.0.0.1', 2),
(3610, 'admin', 3, 4, '列表', '2017-12-26 16:48:15', '127.0.0.1', 2),
(3611, 'admin', 4, 5, '列表', '2017-12-26 16:48:20', '127.0.0.1', 2),
(3612, 'admin', 5, 2, '列表', '2017-12-26 16:48:23', '127.0.0.1', 2),
(3613, 'admin', 4, 5, '列表', '2017-12-26 17:02:29', '127.0.0.1', 2),
(3614, 'admin', 5, 2, '列表', '2017-12-26 17:05:45', '127.0.0.1', 2),
(3615, 'admin', 4, 5, '列表', '2017-12-26 17:05:49', '127.0.0.1', 2),
(3616, 'admin', 5, 2, '列表', '2017-12-26 17:05:58', '127.0.0.1', 2),
(3617, 'admin', 4, 5, '列表', '2017-12-26 17:13:46', '127.0.0.1', 2),
(3618, 'admin', 5, 2, '列表', '2017-12-26 17:13:52', '127.0.0.1', 2),
(3619, 'admin', 4, 5, '列表', '2017-12-26 17:14:25', '127.0.0.1', 2),
(3620, 'admin', 4, 6, '列表', '2017-12-26 17:20:37', '127.0.0.1', 2),
(3621, 'admin', 4, 5, '列表', '2017-12-26 17:20:39', '127.0.0.1', 2),
(3622, 'admin', 4, 6, '列表', '2017-12-26 17:20:41', '127.0.0.1', 2),
(3623, 'admin', 5, 2, '列表', '2017-12-26 17:20:55', '127.0.0.1', 2),
(3624, 'admin', 4, 5, '列表', '2017-12-26 17:21:00', '127.0.0.1', 2),
(3625, 'admin', 4, 6, '列表', '2017-12-26 17:21:56', '127.0.0.1', 2),
(3626, 'admin', 4, 5, '列表', '2017-12-26 17:23:14', '127.0.0.1', 2),
(3627, 'admin', 4, 4, '列表', '2017-12-26 17:23:21', '127.0.0.1', 2),
(3628, 'admin', 4, 5, '列表', '2017-12-26 17:24:50', '127.0.0.1', 2),
(3629, 'admin', 4, 4, '列表', '2017-12-26 17:24:51', '127.0.0.1', 2),
(3630, 'admin', 4, 5, '列表', '2017-12-26 17:24:56', '127.0.0.1', 2),
(3631, 'admin', 5, 2, '列表', '2017-12-26 17:25:03', '127.0.0.1', 2),
(3632, 'admin', 4, 5, '列表', '2017-12-26 17:25:06', '127.0.0.1', 2),
(3633, 'admin', 5, 2, '列表', '2017-12-26 17:31:19', '127.0.0.1', 2),
(3634, 'admin', 4, 6, '列表', '2017-12-26 17:31:25', '127.0.0.1', 2),
(3635, 'admin', 4, 5, '列表', '2017-12-26 17:31:27', '127.0.0.1', 2),
(3636, 'admin', 4, 6, '列表', '2017-12-26 17:31:42', '127.0.0.1', 2),
(3637, 'admin', 4, 5, '列表', '2017-12-26 17:31:44', '127.0.0.1', 2),
(3638, 'admin', 4, 4, '列表', '2017-12-26 17:31:48', '127.0.0.1', 2),
(3639, 'admin', 7, 1, '列表', '2018-01-02 11:49:58', '127.0.0.1', 2),
(3640, 'admin', 7, 2, '列表', '2018-01-02 11:49:59', '127.0.0.1', 2),
(3641, 'admin', 5, 2, '列表', '2018-01-02 11:50:00', '127.0.0.1', 2),
(3642, 'admin', 3, 1, '列表', '2018-01-02 11:55:44', '127.0.0.1', 2),
(3643, 'admin', 3, 2, '列表', '2018-01-02 11:55:44', '127.0.0.1', 2),
(3644, 'admin', 7, 1, '列表', '2018-01-02 11:55:46', '127.0.0.1', 2),
(3645, 'admin', 4, 4, '列表', '2018-01-02 11:55:48', '127.0.0.1', 2),
(3646, 'admin', 4, 5, '列表', '2018-01-02 11:55:48', '127.0.0.1', 2),
(3647, 'admin', 4, 6, '列表', '2018-01-02 11:55:49', '127.0.0.1', 2),
(3648, 'admin', 5, 2, '列表', '2018-01-02 11:55:52', '127.0.0.1', 2);

-- --------------------------------------------------------

--
-- 資料表結構 `anchor`
--

CREATE TABLE `anchor` (
  `id` int(11) NOT NULL,
  `name` varchar(20) COLLATE utf8_unicode_ci NOT NULL,
  `email` varchar(50) COLLATE utf8_unicode_ci NOT NULL,
  `point` int(11) NOT NULL DEFAULT '0',
  `created_time` timestamp NOT NULL DEFAULT CURRENT_TIMESTAMP ON UPDATE CURRENT_TIMESTAMP,
  `update_time` timestamp NULL DEFAULT NULL,
  `last_manager` varchar(20) COLLATE utf8_unicode_ci NOT NULL
) ENGINE=InnoDB DEFAULT CHARSET=utf8 COLLATE=utf8_unicode_ci;

--
-- 資料表的匯出資料 `anchor`
--

INSERT INTO `anchor` (`id`, `name`, `email`, `point`, `created_time`, `update_time`, `last_manager`) VALUES
(1, '多朵', 'aaa@bbb.com', 0, '2017-12-20 02:36:39', '2017-12-20 02:36:39', 'admin'),
(2, '小花', 'test@gmail.com', 0, '2017-12-20 02:29:45', '2017-12-20 02:29:45', 'admin');

-- --------------------------------------------------------

--
-- 資料表結構 `bank`
--

CREATE TABLE `bank` (
  `id` int(11) NOT NULL,
  `name` varchar(100) COLLATE utf8_unicode_ci NOT NULL COMMENT '銀行名稱',
  `bank_no` char(3) CHARACTER SET latin1 NOT NULL COMMENT '銀行代碼',
  `last_manager` varchar(20) COLLATE utf8_unicode_ci NOT NULL,
  `created_time` datetime NOT NULL
) ENGINE=InnoDB DEFAULT CHARSET=utf8 COLLATE=utf8_unicode_ci;

--
-- 資料表的匯出資料 `bank`
--

INSERT INTO `bank` (`id`, `name`, `bank_no`, `last_manager`, `created_time`) VALUES
(16, '中國信託', '008', 'admin', '2017-12-06 09:49:20'),
(17, '國泰世華', '012', 'admin', '2017-12-06 09:49:33'),
(18, '台新銀行', '087', 'admin', '2017-12-06 09:49:48');

-- --------------------------------------------------------

--
-- 資料表結構 `bank_card`
--

CREATE TABLE `bank_card` (
  `id` int(11) NOT NULL,
  `bank_name` varchar(60) COLLATE utf8_unicode_ci NOT NULL COMMENT '名稱',
  `bank_id` varchar(100) COLLATE utf8_unicode_ci NOT NULL COMMENT '銀行',
  `bank_card_no` varchar(255) COLLATE utf8_unicode_ci DEFAULT NULL COMMENT '卡號',
  `last_manager` varchar(20) COLLATE utf8_unicode_ci NOT NULL,
  `created_time` datetime NOT NULL,
  `updated_time` datetime NOT NULL
) ENGINE=InnoDB DEFAULT CHARSET=utf8 COLLATE=utf8_unicode_ci COMMENT='銀行帳戶';

--
-- 資料表的匯出資料 `bank_card`
--

INSERT INTO `bank_card` (`id`, `bank_name`, `bank_id`, `bank_card_no`, `last_manager`, `created_time`, `updated_time`) VALUES
(1, '工商01', '18', '6548513', 'admin', '2017-12-06 10:08:25', '2017-12-06 10:08:25'),
(2, '國泰', '17', '789456123', 'customer', '2017-12-06 10:08:44', '2017-12-13 14:33:33');

-- --------------------------------------------------------

--
-- 資料表結構 `contribution`
--

CREATE TABLE `contribution` (
  `id` int(11) NOT NULL,
  `anchor_id` int(11) NOT NULL COMMENT '主播ID',
  `member_id` varchar(25) COLLATE utf8_unicode_ci NOT NULL COMMENT '會員ID',
  `point` int(4) NOT NULL COMMENT '打賞金額',
  `contents` text COLLATE utf8_unicode_ci,
  `created_date` datetime NOT NULL DEFAULT CURRENT_TIMESTAMP
) ENGINE=InnoDB DEFAULT CHARSET=utf8 COLLATE=utf8_unicode_ci;

--
-- 資料表的匯出資料 `contribution`
--

INSERT INTO `contribution` (`id`, `anchor_id`, `member_id`, `point`, `contents`, `created_date`) VALUES
(1, 1, 'ad1475', 500, '', '2017-12-25 12:28:02'),
(2, 2, 'a571615', 50, '', '2017-12-25 13:55:19');

-- --------------------------------------------------------

--
-- 資料表結構 `deposit`
--

CREATE TABLE `deposit` (
  `id` int(11) UNSIGNED NOT NULL COMMENT '交易編號',
  `member_id` varchar(25) CHARACTER SET utf8 COLLATE utf8_unicode_ci NOT NULL COMMENT '會員ID',
  `platform_id` int(11) NOT NULL COMMENT '平台ID',
  `product_id` varchar(50) COLLATE utf8mb4_unicode_ci DEFAULT NULL COMMENT '產品ID',
  `money` int(20) UNSIGNED NOT NULL COMMENT '金額',
  `point` int(4) NOT NULL COMMENT '點數',
  `deposit_pay_id` int(11) DEFAULT NULL COMMENT '第三方支付ID',
  `pay_code` varchar(255) CHARACTER SET utf8 COLLATE utf8_unicode_ci DEFAULT NULL COMMENT '第三方序號',
  `pay_id` varchar(255) CHARACTER SET utf8 COLLATE utf8_unicode_ci DEFAULT NULL COMMENT '儲值ID(外部提供)',
  `status` tinyint(4) UNSIGNED NOT NULL DEFAULT '0' COMMENT '狀態  [0: 未審核] [1:完成] [2:拒絕][3:捨棄]',
  `contents` varchar(255) CHARACTER SET utf8 COLLATE utf8_unicode_ci DEFAULT NULL COMMENT '備註',
  `created_time` datetime DEFAULT NULL,
  `updated_time` datetime DEFAULT NULL,
  `last_manager` varchar(20) CHARACTER SET utf8 COLLATE utf8_unicode_ci NOT NULL,
  `check_time` datetime NOT NULL COMMENT '審核時間'
) ENGINE=InnoDB DEFAULT CHARSET=utf8mb4 COLLATE=utf8mb4_unicode_ci;

--
-- 資料表的匯出資料 `deposit`
--

INSERT INTO `deposit` (`id`, `member_id`, `platform_id`, `product_id`, `money`, `point`, `deposit_pay_id`, `pay_code`, `pay_id`, `status`, `contents`, `created_time`, `updated_time`, `last_manager`, `check_time`) VALUES
(95, 'a571615', 5, 'GW8102774', 500, 0, 0, NULL, NULL, 3, '', '2017-12-20 16:09:01', '2017-12-21 09:25:03', 'admin', '2017-12-20 17:04:36'),
(96, 'a571615', 5, NULL, 700, 0, 0, NULL, NULL, 2, '', '2017-12-20 16:29:42', '2017-12-21 09:29:31', 'admin', '2017-12-20 16:31:05'),
(97, 'a571615', 5, NULL, 4852, 0, 0, NULL, NULL, 0, '', '2017-12-20 16:39:45', '2017-12-21 09:24:57', 'admin', '0000-00-00 00:00:00'),
(98, 'ad1475', 4, NULL, 780, 0, 0, NULL, NULL, 1, '', '2017-12-20 17:32:03', '2017-12-21 11:02:01', 'admin', '2017-12-21 11:01:59'),
(99, 'a571615', 5, NULL, 500, 0, 0, NULL, NULL, 0, '', '2017-12-25 16:52:00', '2017-12-25 16:52:00', 'money', '0000-00-00 00:00:00'),
(100, 'a571615', 5, 'GS5a3b6edaa8dad', 500, 0, 0, NULL, NULL, 0, '', '2017-12-25 16:52:56', '2017-12-25 16:52:56', 'money', '0000-00-00 00:00:00'),
(101, 'ad1475', 4, NULL, 500, 0, 0, NULL, NULL, 0, '', '2017-12-26 09:47:31', '2017-12-26 09:47:31', 'admin', '0000-00-00 00:00:00'),
(102, 'ad1475', 4, 'GS5a3b6f55cc510', 60, 0, 0, NULL, NULL, 0, '', '2017-12-26 09:48:14', '2017-12-26 09:48:14', 'admin', '0000-00-00 00:00:00'),
(103, 'a571615', 5, 'GS5a41ac03afcfe', 500, 0, 0, NULL, NULL, 0, '', '2017-12-26 12:00:21', '2017-12-26 12:00:21', 'admin', '0000-00-00 00:00:00'),
(104, 'ad1475', 4, 'GW8102774', 0, 0, 0, NULL, NULL, 0, '', '2017-12-26 12:00:37', '2017-12-26 14:01:49', 'admin', '2017-12-26 14:01:49'),
(105, 'ad1475', 4, 'GW8102774', 0, 0, 0, NULL, NULL, 0, '', '2017-12-26 14:28:54', '2017-12-26 14:28:54', 'admin', '0000-00-00 00:00:00'),
(106, 'a571615', 5, 'GW8102774', 0, 0, 0, NULL, NULL, 0, '', '2017-12-26 14:29:19', '2017-12-26 14:29:19', 'admin', '0000-00-00 00:00:00'),
(107, 'ad1475', 4, 'GW8102774', 0, 0, 0, NULL, NULL, 0, '', '2017-12-26 14:29:50', '2017-12-26 14:29:50', 'admin', '0000-00-00 00:00:00');

--
-- 觸發器 `deposit`
--
DELIMITER $$
CREATE TRIGGER `deposit_insert_trigger` AFTER INSERT ON `deposit` FOR EACH ROW insert into deposit_log(deposit_id, member_id, platform_id, contents, last_manager) values (NEW.id, NEW.member_id, NEW.platform_id, "新增", NEW.last_manager)
$$
DELIMITER ;
DELIMITER $$
CREATE TRIGGER `deposit_update_trigger` AFTER UPDATE ON `deposit` FOR EACH ROW IF (NEW.contents != OLD.contents AND NEW.status != OLD.status) 
    THEN
    	INSERT INTO deposit_log(deposit_id, member_id,platform_id,status,contents, last_manager) values (OLD.id, OLD.member_id, OLD.platform_id, NEW.status, NEW.contents, new.last_manager); 
 ELSEIF (NEW.contents != OLD.contents) 
    THEN
    	INSERT INTO deposit_log(deposit_id, member_id,platform_id,contents, last_manager) values (OLD.id, OLD.member_id, OLD.platform_id ,NEW.contents, new.last_manager);
    ELSEIF (NEW.status != OLD.status) 
    THEN
    	INSERT INTO deposit_log(deposit_id, member_id,platform_id,status, last_manager) values (OLD.id, OLD.member_id, OLD.platform_id ,NEW.status, new.last_manager);
END IF
$$
DELIMITER ;

-- --------------------------------------------------------

--
-- 資料表結構 `deposit_log`
--

CREATE TABLE `deposit_log` (
  `id` int(11) NOT NULL,
  `deposit_id` int(11) NOT NULL,
  `member_id` varchar(25) COLLATE utf8_unicode_ci NOT NULL,
  `platform_id` int(11) NOT NULL,
  `status` tinyint(4) DEFAULT NULL COMMENT '狀態  [0: 未審核] [1:完成] [2:拒絕][3:捨棄]',
  `contents` longtext COLLATE utf8_unicode_ci NOT NULL,
  `last_manager` varchar(20) COLLATE utf8_unicode_ci NOT NULL,
  `updated_time` datetime NOT NULL DEFAULT CURRENT_TIMESTAMP
) ENGINE=InnoDB DEFAULT CHARSET=utf8 COLLATE=utf8_unicode_ci;

--
-- 資料表的匯出資料 `deposit_log`
--

INSERT INTO `deposit_log` (`id`, `deposit_id`, `member_id`, `platform_id`, `status`, `contents`, `last_manager`, `updated_time`) VALUES
(241, 97, 'a571615', 5, NULL, '新增', 'admin', '2017-12-20 16:39:45'),
(242, 98, 'ad1475', 4, NULL, '新增', 'admin', '2017-12-20 17:32:03'),
(243, 98, 'ad1475', 4, 1, '', 'admin', '2017-12-21 11:01:59'),
(244, 101, 'CMPunk33', 4, NULL, '新增', '', '2017-12-26 17:02:10'),
(245, 102, 'a571615', 4, NULL, '新增', '', '2017-12-26 17:11:02'),
(246, 103, 'a571615', 4, NULL, '新增', '', '2017-12-26 17:15:19'),
(247, 104, 'a571615', 4, NULL, '新增', '', '2017-12-26 17:19:52'),
(248, 105, 'a571615', 4, NULL, '新增', '', '2017-12-26 17:20:15');

-- --------------------------------------------------------

--
-- 資料表結構 `deposit_pay`
--

CREATE TABLE `deposit_pay` (
  `id` int(11) NOT NULL,
  `pay_name` varchar(60) COLLATE utf8_unicode_ci NOT NULL COMMENT '第三方支付名稱',
  `last_manager` varchar(20) COLLATE utf8_unicode_ci NOT NULL,
  `created_time` datetime NOT NULL
) ENGINE=InnoDB DEFAULT CHARSET=utf8 COLLATE=utf8_unicode_ci COMMENT='第三方支付列表';

--
-- 資料表的匯出資料 `deposit_pay`
--

INSERT INTO `deposit_pay` (`id`, `pay_name`, `last_manager`, `created_time`) VALUES
(1, 'MyCard', 'admin', '2017-12-06 10:13:52');

-- --------------------------------------------------------

--
-- 資料表結構 `dispensing`
--

CREATE TABLE `dispensing` (
  `id` int(11) NOT NULL,
  `user_id` varchar(50) COLLATE utf8_unicode_ci DEFAULT NULL COMMENT '會員id',
  `platform_id` tinyint(10) DEFAULT NULL COMMENT '遊戲id',
  `bank_card_id` int(11) NOT NULL COMMENT '我方銀行卡號',
  `bank_id` varchar(100) COLLATE utf8_unicode_ci NOT NULL COMMENT '玩家銀行',
  `num` varchar(50) COLLATE utf8_unicode_ci DEFAULT NULL COMMENT '對方卡號',
  `money` varchar(255) COLLATE utf8_unicode_ci DEFAULT NULL COMMENT '金額',
  `contents` longtext COLLATE utf8_unicode_ci COMMENT '意見',
  `last_manager` varchar(20) COLLATE utf8_unicode_ci NOT NULL,
  `created_time` datetime NOT NULL COMMENT '申請時間',
  `updated_time` datetime NOT NULL COMMENT '審核時間',
  `is_pay` tinyint(4) NOT NULL COMMENT '交易狀態',
  `check_time` datetime NOT NULL DEFAULT '0000-00-00 00:00:00' ON UPDATE CURRENT_TIMESTAMP
) ENGINE=InnoDB DEFAULT CHARSET=utf8 COLLATE=utf8_unicode_ci COMMENT='出款';

--
-- 資料表的匯出資料 `dispensing`
--

INSERT INTO `dispensing` (`id`, `user_id`, `platform_id`, `bank_card_id`, `bank_id`, `num`, `money`, `contents`, `last_manager`, `created_time`, `updated_time`, `is_pay`, `check_time`) VALUES
(53, 'a571615', 5, 0, '17', '3464787', '785', '', 'admin', '2017-12-20 17:01:16', '2017-12-21 10:38:31', 3, '2017-12-21 10:38:31'),
(55, 'ad1475', 4, 0, '17', '56546471532', '500', '', 'admin', '2017-12-21 09:41:11', '2017-12-21 10:45:06', 3, '2017-12-21 10:45:06'),
(56, 'ad1475', 4, 0, '17', '5821', '400', '', 'admin', '2017-12-21 10:46:37', '2017-12-21 10:46:48', 3, '2017-12-21 10:46:48'),
(57, 'ad1475', 4, 0, '17', '2487514', '550', '', 'admin', '2017-12-21 10:47:10', '2017-12-21 10:47:20', 3, '2017-12-21 10:47:20'),
(58, 'a571615', 5, 2, '18', '2146584771', '26564', '', 'admin', '2017-12-21 10:47:31', '2017-12-21 10:57:00', 1, '2017-12-21 10:57:00');

--
-- 觸發器 `dispensing`
--
DELIMITER $$
CREATE TRIGGER `dispensing_check_updated_trigger` AFTER UPDATE ON `dispensing` FOR EACH ROW IF (NEW.contents != OLD.contents AND NEW.is_pay != OLD.is_pay) 
    THEN
    	INSERT INTO dispensing_log(dispensing_id, user_id,platform_id,is_pay,contents, last_manager) values (OLD.id, OLD.user_id, OLD.platform_id, NEW.is_pay, NEW.contents, new.last_manager); 
 ELSEIF (NEW.contents != OLD.contents) 
    THEN
    	INSERT INTO dispensing_log(dispensing_id, user_id,platform_id,contents, last_manager) values (OLD.id, OLD.user_id, OLD.platform_id ,NEW.contents, new.last_manager);
    ELSEIF (NEW.is_pay != OLD.is_pay) 
    THEN
    	INSERT INTO dispensing_log(dispensing_id, user_id,platform_id,is_pay, last_manager) values (OLD.id, OLD.user_id, OLD.platform_id ,NEW.is_pay, new.last_manager);
END IF
$$
DELIMITER ;
DELIMITER $$
CREATE TRIGGER `dispensing_insert_trigger` AFTER INSERT ON `dispensing` FOR EACH ROW insert into dispensing_log(dispensing_id, user_id,platform_id,contents,last_manager) values (NEW.id, NEW.user_id,NEW.platform_id,"新增",NEW.last_manager)
$$
DELIMITER ;

-- --------------------------------------------------------

--
-- 資料表結構 `dispensing_log`
--

CREATE TABLE `dispensing_log` (
  `id` int(11) NOT NULL,
  `dispensing_id` int(11) NOT NULL COMMENT '出款項目的ID',
  `user_id` varchar(50) COLLATE utf8_unicode_ci NOT NULL,
  `platform_id` int(11) NOT NULL,
  `is_pay` tinyint(4) DEFAULT NULL COMMENT '狀態  [0: 未審核] [1:完成] [2:拒絕][3:捨棄]',
  `contents` longtext COLLATE utf8_unicode_ci NOT NULL COMMENT '備註',
  `last_manager` varchar(20) COLLATE utf8_unicode_ci NOT NULL,
  `updated_time` datetime NOT NULL DEFAULT CURRENT_TIMESTAMP
) ENGINE=InnoDB DEFAULT CHARSET=utf8 COLLATE=utf8_unicode_ci;

--
-- 資料表的匯出資料 `dispensing_log`
--

INSERT INTO `dispensing_log` (`id`, `dispensing_id`, `user_id`, `platform_id`, `is_pay`, `contents`, `last_manager`, `updated_time`) VALUES
(93, 53, 'a571615', 5, NULL, '新增', 'admin', '2017-12-20 17:01:16'),
(94, 53, 'a571615', 5, 1, '', 'admin', '2017-12-20 17:01:44'),
(95, 54, '', 0, NULL, '新增', 'admin', '2017-12-21 09:37:27'),
(96, 55, 'ad1475', 4, NULL, '新增', 'admin', '2017-12-21 09:41:11'),
(97, 55, 'ad1475', 4, 1, '', 'admin', '2017-12-21 09:58:24'),
(98, 55, 'ad1475', 4, 0, '', 'admin', '2017-12-21 10:01:01'),
(99, 55, 'ad1475', 4, 1, '', 'admin', '2017-12-21 10:01:10'),
(100, 53, 'a571615', 5, 0, '', 'admin', '2017-12-21 10:11:15'),
(101, 53, 'a571615', 5, 3, '', 'admin', '2017-12-21 10:11:20'),
(102, 55, 'ad1475', 4, 2, '', 'admin', '2017-12-21 10:11:39'),
(103, 55, 'ad1475', 4, 0, '', 'admin', '2017-12-21 10:42:30'),
(104, 55, 'ad1475', 4, 1, '', 'admin', '2017-12-21 10:42:39'),
(105, 55, 'ad1475', 4, 0, '', 'admin', '2017-12-21 10:43:23'),
(106, 55, 'ad1475', 4, 1, '', 'admin', '2017-12-21 10:43:30'),
(107, 55, 'ad1475', 4, 0, '', 'admin', '2017-12-21 10:44:40'),
(108, 55, 'ad1475', 4, 1, '', 'admin', '2017-12-21 10:44:48'),
(109, 55, 'ad1475', 4, 0, '', 'admin', '2017-12-21 10:45:01'),
(110, 55, 'ad1475', 4, 3, '', 'admin', '2017-12-21 10:45:06'),
(111, 56, 'ad1475', 4, NULL, '新增', 'admin', '2017-12-21 10:46:37'),
(112, 56, 'ad1475', 4, 3, '', 'admin', '2017-12-21 10:46:48'),
(113, 57, 'ad1475', 4, NULL, '新增', 'admin', '2017-12-21 10:47:10'),
(114, 57, 'ad1475', 4, 3, '', 'admin', '2017-12-21 10:47:20'),
(115, 58, 'a571615', 5, NULL, '新增', 'admin', '2017-12-21 10:47:31'),
(116, 58, 'a571615', 5, 1, '', 'admin', '2017-12-21 10:47:48'),
(117, 58, 'a571615', 5, 0, '', 'admin', '2017-12-21 10:48:15'),
(118, 58, 'a571615', 5, 1, '', 'admin', '2017-12-21 10:48:22'),
(119, 58, 'a571615', 5, 0, '', 'admin', '2017-12-21 10:56:50'),
(120, 58, 'a571615', 5, 1, '', 'admin', '2017-12-21 10:56:56');

-- --------------------------------------------------------

--
-- 資料表結構 `member`
--

CREATE TABLE `member` (
  `id` int(11) NOT NULL COMMENT '使用者編號',
  `member_id` varchar(25) COLLATE utf8_unicode_ci NOT NULL COMMENT '會員ID',
  `member_name` varchar(40) COLLATE utf8_unicode_ci NOT NULL COMMENT '暱稱',
  `platform_id` int(11) NOT NULL,
  `email` varchar(60) COLLATE utf8_unicode_ci NOT NULL,
  `point` int(11) NOT NULL DEFAULT '0',
  `created_time` timestamp NOT NULL DEFAULT CURRENT_TIMESTAMP ON UPDATE CURRENT_TIMESTAMP,
  `updated_time` timestamp NULL DEFAULT NULL,
  `last_manager` varchar(20) COLLATE utf8_unicode_ci NOT NULL
) ENGINE=InnoDB DEFAULT CHARSET=utf8 COLLATE=utf8_unicode_ci;

--
-- 資料表的匯出資料 `member`
--

INSERT INTO `member` (`id`, `member_id`, `member_name`, `platform_id`, `email`, `point`, `created_time`, `updated_time`, `last_manager`) VALUES
(3, 'a571615', '煞氣a小夫', 5, '', 96000, '2017-12-26 09:20:15', '2017-12-19 07:36:01', 'admin'),
(4, 'CMPunk33', '王曉明', 4, '', 64000, '2017-12-26 09:01:36', '2017-12-19 07:37:30', 'admin'),
(5, 'GGQbbb123', '李小小', 4, '', 32000, '2017-12-26 06:09:54', '2017-12-19 07:58:19', 'admin'),
(6, 'ad1475', '小花', 4, 'aaa@bbb.com', 32000, '2017-12-26 05:58:51', '2017-12-20 01:30:21', 'admin'),
(8, 'dddduuiuiuiui', '星巴克', 4, '', 336000, '2017-12-26 07:55:59', '2017-12-26 06:44:55', 'admin');

-- --------------------------------------------------------

--
-- 資料表結構 `mycard`
--

CREATE TABLE `mycard` (
  `id` int(11) NOT NULL,
  `FacTradeSeq` varchar(256) COLLATE utf8_unicode_ci NOT NULL,
  `ServerId` int(11) DEFAULT NULL,
  `member_id` varchar(25) COLLATE utf8_unicode_ci NOT NULL,
  `PaymentType` int(11) DEFAULT NULL,
  `ItemCode` int(11) DEFAULT NULL,
  `product_id` varchar(50) COLLATE utf8_unicode_ci NOT NULL,
  `Amount` int(11) NOT NULL,
  `Currency` char(3) COLLATE utf8_unicode_ci NOT NULL,
  `Created_date` datetime NOT NULL DEFAULT CURRENT_TIMESTAMP,
  `Pay_time` datetime DEFAULT NULL COMMENT '付款時間',
  `Check_time` datetime DEFAULT NULL COMMENT '請款時間',
  `AuthCode` varchar(256) COLLATE utf8_unicode_ci NOT NULL,
  `ReturnCode` int(11) NOT NULL,
  `PayResult` int(11) DEFAULT '0',
  `Redeposit` tinyint(1) NOT NULL COMMENT '補儲款項',
  `last_manager` varchar(255) COLLATE utf8_unicode_ci DEFAULT NULL COMMENT '最後管理者'
) ENGINE=InnoDB DEFAULT CHARSET=utf8 COLLATE=utf8_unicode_ci;

--
-- 資料表的匯出資料 `mycard`
--

INSERT INTO `mycard` (`id`, `FacTradeSeq`, `ServerId`, `member_id`, `PaymentType`, `ItemCode`, `product_id`, `Amount`, `Currency`, `Created_date`, `Pay_time`, `Check_time`, `AuthCode`, `ReturnCode`, `PayResult`, `Redeposit`, `last_manager`) VALUES
(1, 'MC5a420b5a107f2', NULL, 'CMPunk33', 0, NULL, 'GS5a3cbb0d6b2e2', 1500, 'TWD', '2017-12-26 16:42:02', '2017-12-26 16:45:07', '2017-12-26 16:45:07', '182B27CBD326ABF803E28D7DD223F58EC57ED3036C5B78C3FD87807AE476F1E8CDDB838504DD8A30CB3570D7947A5E48EE6D92EE108D9981', 1, 1, 0, NULL),
(3, 'MC5a420c9621d39', NULL, 'CMPunk33', 0, NULL, 'GS5a3cbb0d6b2e2', 1500, 'TWD', '2017-12-26 16:47:18', '2017-12-26 16:48:55', '2017-12-26 16:48:55', '182B27CBD326ABF80A081FB4D9F6F65FC57ED3036C5B78C31C1AD8CC177ADA360E472FEC6F6DDEE9D8E47CE8BC1D8CE1EE6D92EE108D9981', 1, 1, 0, NULL),
(4, 'MC5a420daee9c5a', NULL, 'CMPunk33', 0, NULL, 'GS5a3cbb0d6b2e2', 1500, 'TWD', '2017-12-26 16:51:58', '2017-12-26 16:53:54', '2017-12-26 16:53:54', '182B27CBD326ABF8121F53B7A74E8AF6C57ED3036C5B78C3D0839317069AC7BD0E472FEC6F6DDEE94ADFE3276D03DBF6EE6D92EE108D9981', 1, 1, 0, NULL),
(5, 'MC5a420fa6efbc1', NULL, 'CMPunk33', 0, NULL, 'GS5a3cbb0d6b2e2', 1500, 'TWD', '2017-12-26 17:00:22', '2017-12-26 17:01:27', '2017-12-26 17:01:27', '182B27CBD326ABF8D680AD06F49AF752C57ED3036C5B78C39B10D0B2551D21800E472FEC6F6DDEE973CB8BD3A8A10782EE6D92EE108D9981', 1, 1, 0, NULL),
(6, 'MC5a4210c3dd743', NULL, 'a571615', NULL, NULL, 'GS5a3cbb0d6b2e2', 1500, 'TWD', '2017-12-26 17:05:07', '2017-12-26 17:19:36', '2017-12-26 17:19:36', '182B27CBD326ABF8087213DBB84854FC06C096FC4F1CC69F9961CCFC6C039380C1419599A6FE99D7CB55AA06C533CD9FEE6D92EE108D9981', 1, 0, 1, NULL),
(7, 'MC5a4210e5c2f51', NULL, 'a571615', NULL, NULL, 'GS5a3cbb0d6b2e2', 1500, 'TWD', '2017-12-26 17:05:41', '2017-12-26 17:20:13', '2017-12-26 17:20:13', '182B27CBD326ABF8C5F5EC9DE620FFAC06C096FC4F1CC69FB7155D4938AE03FAC1419599A6FE99D771EE9C1850F67AC0EE6D92EE108D9981', 1, 1, 1, NULL);

-- --------------------------------------------------------

--
-- 資料表結構 `platform`
--

CREATE TABLE `platform` (
  `id` int(11) NOT NULL COMMENT 'ID',
  `platform_name` varchar(60) COLLATE utf8_unicode_ci NOT NULL,
  `last_manager` varchar(20) COLLATE utf8_unicode_ci NOT NULL,
  `created_time` datetime NOT NULL,
  `updated_time` datetime NOT NULL
) ENGINE=InnoDB DEFAULT CHARSET=utf8 COLLATE=utf8_unicode_ci COMMENT='玩家群組';

--
-- 資料表的匯出資料 `platform`
--

INSERT INTO `platform` (`id`, `platform_name`, `last_manager`, `created_time`, `updated_time`) VALUES
(4, 'Facebook', 'admin', '2017-12-06 10:27:48', '2017-12-19 16:10:04'),
(5, '微博', 'admin', '2017-12-06 10:31:41', '2017-12-06 10:31:41');

-- --------------------------------------------------------

--
-- 資料表結構 `product`
--

CREATE TABLE `product` (
  `id` int(11) NOT NULL,
  `product_id` varchar(50) COLLATE utf8_unicode_ci NOT NULL COMMENT '產品ID',
  `name` varchar(40) COLLATE utf8_unicode_ci NOT NULL COMMENT '名稱',
  `amount` int(11) NOT NULL,
  `point` int(11) NOT NULL COMMENT '點數',
  `ratio` float NOT NULL COMMENT '比值',
  `bonus` int(11) NOT NULL COMMENT '紅利',
  `status` tinyint(4) UNSIGNED NOT NULL DEFAULT '0' COMMENT '狀態  [0: 上架] [1:下架]',
  `created_time` timestamp NOT NULL DEFAULT CURRENT_TIMESTAMP ON UPDATE CURRENT_TIMESTAMP,
  `updated_time` timestamp NULL DEFAULT NULL,
  `last_manager` varchar(20) COLLATE utf8_unicode_ci NOT NULL
) ENGINE=InnoDB DEFAULT CHARSET=utf8 COLLATE=utf8_unicode_ci;

--
-- 資料表的匯出資料 `product`
--

INSERT INTO `product` (`id`, `product_id`, `name`, `amount`, `point`, `ratio`, `bonus`, `status`, `created_time`, `updated_time`, `last_manager`) VALUES
(4, 'GW8102774', '1500點', 150, 1500, 10, 150, 0, '2017-12-26 02:17:32', '2017-12-26 02:17:32', 'admin'),
(7, 'GS5a39d331a100f', '10000點', 1000, 10000, 10, 300, 1, '2017-12-21 08:19:22', '2017-12-21 08:19:22', 'admin'),
(8, 'GS5a3b6edaa8dad', '80000點', 800, 80000, 100, 500, 0, '2017-12-21 08:20:42', '2017-12-21 08:20:42', 'admin'),
(9, 'GS5a3b6f55cc510', '600點', 60, 600, 10, 50, 0, '2017-12-21 08:27:18', '2017-12-21 08:27:18', 'admin'),
(10, 'GS5a41ac03afcfe', '1點', 1, 1, 1, 0, 0, '2017-12-26 01:55:15', '2017-12-26 01:55:15', 'admin');

--
-- 觸發器 `product`
--
DELIMITER $$
CREATE TRIGGER `product_check_updated_trigger` AFTER UPDATE ON `product` FOR EACH ROW INSERT INTO product_log (product_id, status, product_name,contents, last_manager) VALUES (OLD.product_id, NEW.status, NEW.name, "更新", NEW.last_manager)
$$
DELIMITER ;
DELIMITER $$
CREATE TRIGGER `product_insert_trigger` AFTER INSERT ON `product` FOR EACH ROW INSERT INTO product_log (product_id, status, product_name,contents, last_manager) VALUES (NEW.product_id, NEW.status, NEW.name, "新增", NEW.last_manager)
$$
DELIMITER ;

-- --------------------------------------------------------

--
-- 資料表結構 `product_log`
--

CREATE TABLE `product_log` (
  `id` int(11) NOT NULL,
  `product_id` varchar(50) COLLATE utf8_unicode_ci NOT NULL,
  `status` tinyint(4) UNSIGNED NOT NULL,
  `product_name` varchar(40) COLLATE utf8_unicode_ci NOT NULL,
  `contents` text COLLATE utf8_unicode_ci NOT NULL,
  `last_manager` varchar(20) COLLATE utf8_unicode_ci NOT NULL,
  `updated_time` datetime NOT NULL DEFAULT CURRENT_TIMESTAMP
) ENGINE=InnoDB DEFAULT CHARSET=utf8 COLLATE=utf8_unicode_ci;

--
-- 資料表的匯出資料 `product_log`
--

INSERT INTO `product_log` (`id`, `product_id`, `status`, `product_name`, `contents`, `last_manager`, `updated_time`) VALUES
(6, 'GW8102774', 0, '1500點數', '更新', 'admin', '2017-12-20 16:44:32'),
(7, 'GS5a39d331a100f', 1, '10000點', '更新', 'admin', '2017-12-21 16:19:22'),
(8, 'GS5a3b6edaa8dad', 0, '80000點', '新增', 'admin', '2017-12-21 16:20:42'),
(9, 'GS5a3b6f55cc510', 0, '600', '新增', 'admin', '2017-12-21 16:22:45'),
(10, 'GS5a3b6f55cc510', 0, '600點', '更新', 'admin', '2017-12-21 16:27:18'),
(11, 'GS5a41ac03afcfe', 0, '1點', '新增', 'admin', '2017-12-26 09:55:15'),
(12, 'GW8102774', 0, '1500點', '更新', 'admin', '2017-12-26 10:17:32');

-- --------------------------------------------------------

--
-- 資料表結構 `rules`
--

CREATE TABLE `rules` (
  `r_id` int(11) NOT NULL,
  `r_name` varchar(80) NOT NULL,
  `r_depiction` text NOT NULL,
  `r_agents` int(11) NOT NULL COMMENT '[0]公司[1]改代理人',
  `r_service` int(11) NOT NULL,
  `r_superadmin` tinyint(4) NOT NULL DEFAULT '0',
  `r_system` varchar(255) NOT NULL,
  `r_admin` varchar(20) NOT NULL,
  `r_updatetime` datetime NOT NULL,
  `r_createtime` datetime NOT NULL
) ENGINE=InnoDB DEFAULT CHARSET=utf8 ROW_FORMAT=COMPACT;

--
-- 資料表的匯出資料 `rules`
--

INSERT INTO `rules` (`r_id`, `r_name`, `r_depiction`, `r_agents`, `r_service`, `r_superadmin`, `r_system`, `r_admin`, `r_updatetime`, `r_createtime`) VALUES
(2, '系統管理員', '最高權限管理組', 0, 0, 0, '', 'admin', '2017-12-21 15:07:12', '2016-02-02 18:36:21'),
(3, '總代理人', '這個是總代理人帳號權限\r\n不可改', 0, 0, 0, '', 'admin', '2017-12-08 10:00:07', '2017-07-15 12:21:16'),
(4, '財務', '調閱玩家資料與上下分操作', 1, 0, 0, '', 'admin', '2017-12-21 16:52:40', '2017-07-16 10:43:18'),
(5, '行銷客服', '觀看基本資訊與出入款申請', 0, 1, 0, '', 'admin', '2017-12-21 16:53:18', '2017-07-20 13:03:09');

-- --------------------------------------------------------

--
-- 資料表結構 `rules_auth`
--

CREATE TABLE `rules_auth` (
  `ra_id` int(11) NOT NULL,
  `r_id` int(11) NOT NULL,
  `ra_main_key` int(11) NOT NULL,
  `ra_fun_key` int(11) NOT NULL,
  `ra_auth` int(11) NOT NULL,
  `ra_admin` varchar(20) COLLATE utf8_unicode_ci NOT NULL,
  `ra_updatetime` datetime NOT NULL,
  `ra_createtime` datetime NOT NULL
) ENGINE=InnoDB DEFAULT CHARSET=utf8 COLLATE=utf8_unicode_ci;

--
-- 資料表的匯出資料 `rules_auth`
--

INSERT INTO `rules_auth` (`ra_id`, `r_id`, `ra_main_key`, `ra_fun_key`, `ra_auth`, `ra_admin`, `ra_updatetime`, `ra_createtime`) VALUES
(1, 14, 10, 3, 10, 'admin', '2017-07-26 09:03:42', '2017-07-26 09:03:42'),
(2, 15, 10, 2, 14, 'admin', '2017-07-26 09:03:59', '2017-07-26 09:03:59'),
(3, 16, 10, 3, 10, 'admin', '2017-07-26 09:04:16', '2017-07-26 09:04:16'),
(4, 16, 10, 4, 10, 'admin', '2017-07-26 09:04:16', '2017-07-26 09:04:16'),
(5, 17, 7, 1, 10, 'admin', '2017-08-11 18:47:34', '2017-08-11 18:47:34'),
(6, 17, 7, 2, 10, 'admin', '2017-08-11 18:47:34', '2017-08-11 18:47:34'),
(7, 17, 7, 3, 10, 'admin', '2017-08-11 18:47:34', '2017-08-11 18:47:34'),
(8, 17, 7, 4, 10, 'admin', '2017-08-11 18:47:34', '2017-08-11 18:47:34'),
(9, 6, 10, 1, 14, 'admin', '2017-10-16 11:20:04', '2017-10-16 11:20:04'),
(10, 7, 10, 2, 14, 'admin', '2017-10-16 11:21:16', '2017-10-16 11:21:16'),
(11, 8, 10, 1, 14, 'admin', '2017-10-16 11:21:58', '2017-10-16 11:21:58'),
(12, 8, 10, 2, 14, 'admin', '2017-10-16 11:21:58', '2017-10-16 11:21:58'),
(13, 9, 10, 3, 10, 'admin', '2017-10-16 11:23:22', '2017-10-16 11:23:22'),
(14, 13, 10, 1, 14, 'admin', '2017-10-16 11:24:36', '2017-10-16 11:24:36'),
(15, 13, 10, 2, 14, 'admin', '2017-10-16 11:24:36', '2017-10-16 11:24:36'),
(16, 10, 10, 4, 10, 'admin', '2017-10-16 11:25:24', '2017-10-16 11:25:24'),
(17, 11, 10, 3, 10, 'admin', '2017-10-16 11:25:56', '2017-10-16 11:25:56'),
(18, 11, 10, 4, 10, 'admin', '2017-10-16 11:25:56', '2017-10-16 11:25:56'),
(140, 3, 1, 1, 30, 'admin', '2017-12-08 10:00:07', '2017-12-08 10:00:07'),
(141, 3, 1, 2, 2, 'admin', '2017-12-08 10:00:07', '2017-12-08 10:00:07'),
(142, 3, 2, 1, 30, 'admin', '2017-12-08 10:00:07', '2017-12-08 10:00:07'),
(143, 3, 3, 1, 30, 'admin', '2017-12-08 10:00:07', '2017-12-08 10:00:07'),
(144, 3, 3, 2, 30, 'admin', '2017-12-08 10:00:07', '2017-12-08 10:00:07'),
(145, 3, 3, 3, 30, 'admin', '2017-12-08 10:00:07', '2017-12-08 10:00:07'),
(146, 3, 3, 4, 30, 'admin', '2017-12-08 10:00:07', '2017-12-08 10:00:07'),
(147, 3, 3, 5, 30, 'admin', '2017-12-08 10:00:07', '2017-12-08 10:00:07'),
(148, 3, 4, 1, 30, 'admin', '2017-12-08 10:00:07', '2017-12-08 10:00:07'),
(149, 3, 4, 2, 30, 'admin', '2017-12-08 10:00:07', '2017-12-08 10:00:07'),
(150, 3, 4, 3, 30, 'admin', '2017-12-08 10:00:07', '2017-12-08 10:00:07'),
(151, 3, 4, 4, 30, 'admin', '2017-12-08 10:00:07', '2017-12-08 10:00:07'),
(152, 3, 4, 5, 30, 'admin', '2017-12-08 10:00:07', '2017-12-08 10:00:07'),
(153, 3, 4, 6, 30, 'admin', '2017-12-08 10:00:07', '2017-12-08 10:00:07'),
(298, 2, 1, 1, 30, 'admin', '2017-12-21 15:07:12', '2017-12-21 15:07:12'),
(299, 2, 1, 2, 2, 'admin', '2017-12-21 15:07:12', '2017-12-21 15:07:12'),
(300, 2, 2, 1, 30, 'admin', '2017-12-21 15:07:12', '2017-12-21 15:07:12'),
(301, 2, 6, 1, 30, 'admin', '2017-12-21 15:07:12', '2017-12-21 15:07:12'),
(302, 2, 6, 2, 30, 'admin', '2017-12-21 15:07:12', '2017-12-21 15:07:12'),
(303, 2, 6, 3, 30, 'admin', '2017-12-21 15:07:12', '2017-12-21 15:07:12'),
(304, 2, 3, 1, 30, 'admin', '2017-12-21 15:07:12', '2017-12-21 15:07:12'),
(305, 2, 3, 2, 30, 'admin', '2017-12-21 15:07:12', '2017-12-21 15:07:12'),
(306, 2, 3, 3, 30, 'admin', '2017-12-21 15:07:12', '2017-12-21 15:07:12'),
(307, 2, 3, 4, 30, 'admin', '2017-12-21 15:07:12', '2017-12-21 15:07:12'),
(308, 2, 3, 5, 30, 'admin', '2017-12-21 15:07:12', '2017-12-21 15:07:12'),
(309, 2, 4, 4, 30, 'admin', '2017-12-21 15:07:12', '2017-12-21 15:07:12'),
(310, 2, 4, 5, 30, 'admin', '2017-12-21 15:07:12', '2017-12-21 15:07:12'),
(311, 2, 4, 6, 30, 'admin', '2017-12-21 15:07:12', '2017-12-21 15:07:12'),
(312, 2, 7, 1, 30, 'admin', '2017-12-21 15:07:12', '2017-12-21 15:07:12'),
(313, 2, 7, 2, 30, 'admin', '2017-12-21 15:07:12', '2017-12-21 15:07:12'),
(314, 2, 5, 2, 30, 'admin', '2017-12-21 15:07:12', '2017-12-21 15:07:12'),
(315, 4, 1, 1, 30, 'admin', '2017-12-21 16:52:40', '2017-12-21 16:52:40'),
(316, 4, 1, 2, 2, 'admin', '2017-12-21 16:52:40', '2017-12-21 16:52:40'),
(317, 4, 2, 1, 30, 'admin', '2017-12-21 16:52:40', '2017-12-21 16:52:40'),
(318, 4, 6, 1, 30, 'admin', '2017-12-21 16:52:40', '2017-12-21 16:52:40'),
(319, 4, 6, 2, 30, 'admin', '2017-12-21 16:52:40', '2017-12-21 16:52:40'),
(320, 4, 6, 3, 30, 'admin', '2017-12-21 16:52:40', '2017-12-21 16:52:40'),
(321, 4, 3, 1, 30, 'admin', '2017-12-21 16:52:40', '2017-12-21 16:52:40'),
(322, 4, 3, 2, 30, 'admin', '2017-12-21 16:52:40', '2017-12-21 16:52:40'),
(323, 4, 3, 3, 30, 'admin', '2017-12-21 16:52:40', '2017-12-21 16:52:40'),
(324, 4, 3, 4, 30, 'admin', '2017-12-21 16:52:40', '2017-12-21 16:52:40'),
(325, 4, 3, 5, 30, 'admin', '2017-12-21 16:52:40', '2017-12-21 16:52:40'),
(326, 4, 4, 4, 30, 'admin', '2017-12-21 16:52:40', '2017-12-21 16:52:40'),
(327, 4, 4, 5, 30, 'admin', '2017-12-21 16:52:40', '2017-12-21 16:52:40'),
(328, 4, 4, 6, 30, 'admin', '2017-12-21 16:52:40', '2017-12-21 16:52:40'),
(329, 4, 7, 1, 30, 'admin', '2017-12-21 16:52:40', '2017-12-21 16:52:40'),
(330, 4, 7, 2, 30, 'admin', '2017-12-21 16:52:40', '2017-12-21 16:52:40'),
(331, 4, 5, 2, 30, 'admin', '2017-12-21 16:52:40', '2017-12-21 16:52:40'),
(332, 5, 3, 1, 30, 'admin', '2017-12-21 16:53:18', '2017-12-21 16:53:18'),
(333, 5, 3, 2, 30, 'admin', '2017-12-21 16:53:18', '2017-12-21 16:53:18'),
(334, 5, 3, 3, 30, 'admin', '2017-12-21 16:53:18', '2017-12-21 16:53:18'),
(335, 5, 3, 5, 30, 'admin', '2017-12-21 16:53:18', '2017-12-21 16:53:18'),
(336, 5, 4, 4, 30, 'admin', '2017-12-21 16:53:18', '2017-12-21 16:53:18'),
(337, 5, 4, 6, 30, 'admin', '2017-12-21 16:53:18', '2017-12-21 16:53:18'),
(338, 5, 7, 1, 30, 'admin', '2017-12-21 16:53:18', '2017-12-21 16:53:18'),
(339, 5, 7, 2, 30, 'admin', '2017-12-21 16:53:18', '2017-12-21 16:53:18');

--
-- 已匯出資料表的索引
--

--
-- 資料表索引 `admin`
--
ALTER TABLE `admin`
  ADD PRIMARY KEY (`a_id`);

--
-- 資料表索引 `admin_log`
--
ALTER TABLE `admin_log`
  ADD PRIMARY KEY (`al_id`);

--
-- 資料表索引 `anchor`
--
ALTER TABLE `anchor`
  ADD PRIMARY KEY (`id`);

--
-- 資料表索引 `bank`
--
ALTER TABLE `bank`
  ADD PRIMARY KEY (`id`);

--
-- 資料表索引 `bank_card`
--
ALTER TABLE `bank_card`
  ADD PRIMARY KEY (`id`);

--
-- 資料表索引 `contribution`
--
ALTER TABLE `contribution`
  ADD PRIMARY KEY (`id`);

--
-- 資料表索引 `deposit`
--
ALTER TABLE `deposit`
  ADD PRIMARY KEY (`id`);

--
-- 資料表索引 `deposit_log`
--
ALTER TABLE `deposit_log`
  ADD PRIMARY KEY (`id`);

--
-- 資料表索引 `deposit_pay`
--
ALTER TABLE `deposit_pay`
  ADD PRIMARY KEY (`id`);

--
-- 資料表索引 `dispensing`
--
ALTER TABLE `dispensing`
  ADD PRIMARY KEY (`id`);

--
-- 資料表索引 `dispensing_log`
--
ALTER TABLE `dispensing_log`
  ADD PRIMARY KEY (`id`);

--
-- 資料表索引 `member`
--
ALTER TABLE `member`
  ADD PRIMARY KEY (`id`);

--
-- 資料表索引 `mycard`
--
ALTER TABLE `mycard`
  ADD PRIMARY KEY (`id`);

--
-- 資料表索引 `platform`
--
ALTER TABLE `platform`
  ADD PRIMARY KEY (`id`);

--
-- 資料表索引 `product`
--
ALTER TABLE `product`
  ADD PRIMARY KEY (`id`);

--
-- 資料表索引 `product_log`
--
ALTER TABLE `product_log`
  ADD PRIMARY KEY (`id`);

--
-- 資料表索引 `rules`
--
ALTER TABLE `rules`
  ADD PRIMARY KEY (`r_id`);

--
-- 資料表索引 `rules_auth`
--
ALTER TABLE `rules_auth`
  ADD PRIMARY KEY (`ra_id`);

--
-- 在匯出的資料表使用 AUTO_INCREMENT
--

--
-- 使用資料表 AUTO_INCREMENT `admin`
--
ALTER TABLE `admin`
  MODIFY `a_id` int(11) NOT NULL AUTO_INCREMENT, AUTO_INCREMENT=19;

--
-- 使用資料表 AUTO_INCREMENT `admin_log`
--
ALTER TABLE `admin_log`
  MODIFY `al_id` int(11) NOT NULL AUTO_INCREMENT, AUTO_INCREMENT=3649;

--
-- 使用資料表 AUTO_INCREMENT `anchor`
--
ALTER TABLE `anchor`
  MODIFY `id` int(11) NOT NULL AUTO_INCREMENT, AUTO_INCREMENT=3;

--
-- 使用資料表 AUTO_INCREMENT `bank`
--
ALTER TABLE `bank`
  MODIFY `id` int(11) NOT NULL AUTO_INCREMENT, AUTO_INCREMENT=19;

--
-- 使用資料表 AUTO_INCREMENT `bank_card`
--
ALTER TABLE `bank_card`
  MODIFY `id` int(11) NOT NULL AUTO_INCREMENT, AUTO_INCREMENT=3;

--
-- 使用資料表 AUTO_INCREMENT `contribution`
--
ALTER TABLE `contribution`
  MODIFY `id` int(11) NOT NULL AUTO_INCREMENT, AUTO_INCREMENT=3;

--
-- 使用資料表 AUTO_INCREMENT `deposit`
--
ALTER TABLE `deposit`
  MODIFY `id` int(11) UNSIGNED NOT NULL AUTO_INCREMENT COMMENT '交易編號', AUTO_INCREMENT=115;

--
-- 使用資料表 AUTO_INCREMENT `deposit_log`
--
ALTER TABLE `deposit_log`
  MODIFY `id` int(11) NOT NULL AUTO_INCREMENT, AUTO_INCREMENT=249;

--
-- 使用資料表 AUTO_INCREMENT `deposit_pay`
--
ALTER TABLE `deposit_pay`
  MODIFY `id` int(11) NOT NULL AUTO_INCREMENT, AUTO_INCREMENT=2;

--
-- 使用資料表 AUTO_INCREMENT `dispensing`
--
ALTER TABLE `dispensing`
  MODIFY `id` int(11) NOT NULL AUTO_INCREMENT, AUTO_INCREMENT=59;

--
-- 使用資料表 AUTO_INCREMENT `dispensing_log`
--
ALTER TABLE `dispensing_log`
  MODIFY `id` int(11) NOT NULL AUTO_INCREMENT, AUTO_INCREMENT=121;

--
-- 使用資料表 AUTO_INCREMENT `member`
--
ALTER TABLE `member`
  MODIFY `id` int(11) NOT NULL AUTO_INCREMENT COMMENT '使用者編號', AUTO_INCREMENT=9;

--
-- 使用資料表 AUTO_INCREMENT `mycard`
--
ALTER TABLE `mycard`
  MODIFY `id` int(11) NOT NULL AUTO_INCREMENT, AUTO_INCREMENT=8;

--
-- 使用資料表 AUTO_INCREMENT `product`
--
ALTER TABLE `product`
  MODIFY `id` int(11) NOT NULL AUTO_INCREMENT, AUTO_INCREMENT=11;

--
-- 使用資料表 AUTO_INCREMENT `product_log`
--
ALTER TABLE `product_log`
  MODIFY `id` int(11) NOT NULL AUTO_INCREMENT, AUTO_INCREMENT=13;

--
-- 使用資料表 AUTO_INCREMENT `rules_auth`
--
ALTER TABLE `rules_auth`
  MODIFY `ra_id` int(11) NOT NULL AUTO_INCREMENT, AUTO_INCREMENT=340;
COMMIT;

/*!40101 SET CHARACTER_SET_CLIENT=@OLD_CHARACTER_SET_CLIENT */;
/*!40101 SET CHARACTER_SET_RESULTS=@OLD_CHARACTER_SET_RESULTS */;
/*!40101 SET COLLATION_CONNECTION=@OLD_COLLATION_CONNECTION */;
