-- phpMyAdmin SQL Dump
-- version 4.7.6
-- https://www.phpmyadmin.net/
--
-- 主機: localhost
-- 產生時間： 2018 年 01 月 29 日 10:22
-- 伺服器版本: 10.1.30-MariaDB
-- PHP 版本： 7.1.12

SET SQL_MODE = "NO_AUTO_VALUE_ON_ZERO";
SET AUTOCOMMIT = 0;
START TRANSACTION;
SET time_zone = "+00:00";


/*!40101 SET @OLD_CHARACTER_SET_CLIENT=@@CHARACTER_SET_CLIENT */;
/*!40101 SET @OLD_CHARACTER_SET_RESULTS=@@CHARACTER_SET_RESULTS */;
/*!40101 SET @OLD_COLLATION_CONNECTION=@@COLLATION_CONNECTION */;
/*!40101 SET NAMES utf8mb4 */;

--
-- 資料庫： `manage`
--

-- --------------------------------------------------------

--
-- 資料表結構 `admin`
--

CREATE TABLE `admin` (
  `a_id` int(11) NOT NULL,
  `a_games_id` varchar(150) NOT NULL COMMENT '可玩遊戲ID(,分開)',
  `a_all_upid` varchar(255) NOT NULL COMMENT '方便移除 遊戲ID 可以搜尋到相關階層帳號',
  `a_add_adminid` int(11) NOT NULL COMMENT '紀錄被哪支帳號新增',
  `a_first_upid` int(11) NOT NULL COMMENT '第一個總代ID',
  `a_level` int(11) NOT NULL COMMENT '身份[1]公司[2]總代[3]代理人[4]客服',
  `a_service` int(11) NOT NULL COMMENT '代理人ID(客服使用)',
  `a_mid` varchar(100) NOT NULL,
  `a_username` varchar(20) CHARACTER SET utf8 COLLATE utf8_unicode_ci NOT NULL,
  `a_password` varchar(255) CHARACTER SET utf8 COLLATE utf8_unicode_ci NOT NULL,
  `a_name` varchar(20) NOT NULL,
  `a_email` varchar(50) CHARACTER SET utf8 COLLATE utf8_unicode_ci NOT NULL,
  `a_pic` varchar(80) CHARACTER SET utf8 COLLATE utf8_unicode_ci NOT NULL,
  `r_id` int(11) NOT NULL,
  `a_forgetcode` varchar(100) CHARACTER SET utf8 COLLATE utf8_unicode_ci DEFAULT NULL,
  `a_forgetcode_time` datetime NOT NULL,
  `a_ip` varchar(15) CHARACTER SET utf8 COLLATE utf8_unicode_ci NOT NULL,
  `a_logintime` datetime NOT NULL,
  `a_ispublic` tinyint(4) NOT NULL,
  `a_admin` varchar(20) CHARACTER SET utf8 COLLATE utf8_unicode_ci NOT NULL,
  `a_createtime` datetime NOT NULL,
  `a_updatetime` datetime NOT NULL
) ENGINE=InnoDB DEFAULT CHARSET=utf8 ROW_FORMAT=COMPACT;

--
-- 資料表的匯出資料 `admin`
--

INSERT INTO `admin` (`a_id`, `a_games_id`, `a_all_upid`, `a_add_adminid`, `a_first_upid`, `a_level`, `a_service`, `a_mid`, `a_username`, `a_password`, `a_name`, `a_email`, `a_pic`, `r_id`, `a_forgetcode`, `a_forgetcode_time`, `a_ip`, `a_logintime`, `a_ispublic`, `a_admin`, `a_createtime`, `a_updatetime`) VALUES
(1, '', '', 1, 0, 1, 0, 'ca9eae1e02fc5a71a2ec8a6febf32db4151679119792494iid4qe0ha0ft01j2ah45ig3pg1', 'admin', 'ba3253876aed6bc22d4a6ff53d8406c6ad864195ed144ab5c87621b6c233b548baeae6956df346ec8c17f5ea10f35ee3cbc514797ed7ddd3145464e2a0bab413', '系統管理員', 'admin@gmail.com', '', 2, NULL, '0000-00-00 00:00:00', '211.23.116.62', '2018-01-24 18:53:17', 1, 'admin', '2017-10-17 13:43:34', '2017-10-17 13:43:34'),
(17, '', '', 1, 0, 1, 0, '60e58df6877dd77b434aef35828397a8151322428638780bd2h9aut8a08m15lqfmdnbck5s', 'customer', 'ba3253876aed6bc22d4a6ff53d8406c6ad864195ed144ab5c87621b6c233b548baeae6956df346ec8c17f5ea10f35ee3cbc514797ed7ddd3145464e2a0bab413', '客服', 'aaa@vvv.com', '', 5, NULL, '0000-00-00 00:00:00', '127.0.0.1', '2017-12-14 12:04:46', 1, 'admin', '2017-12-06 16:50:57', '2017-12-08 09:58:18'),
(18, '', '', 1, 0, 1, 0, 'db84d35f53ef5be6e70fbbf60b061df015141661779345177ro40dgnam3jvpp6mqoim1c7f', 'money', 'ba3253876aed6bc22d4a6ff53d8406c6ad864195ed144ab5c87621b6c233b548baeae6956df346ec8c17f5ea10f35ee3cbc514797ed7ddd3145464e2a0bab413', '財務', 'bbb@ccc.ddd', '', 4, NULL, '0000-00-00 00:00:00', '127.0.0.1', '2017-12-25 09:42:57', 1, 'admin', '2017-12-08 09:58:44', '2017-12-08 09:58:44');

-- --------------------------------------------------------

--
-- 資料表結構 `admin_log`
--

CREATE TABLE `admin_log` (
  `al_id` int(11) NOT NULL,
  `a_username` varchar(20) NOT NULL,
  `al_main_key` int(11) NOT NULL,
  `al_fun_key` int(11) NOT NULL,
  `al_descript` varchar(100) NOT NULL,
  `al_createtime` datetime NOT NULL,
  `al_ip` char(15) NOT NULL,
  `al_action` int(11) NOT NULL
) ENGINE=MyISAM DEFAULT CHARSET=utf8;

--
-- 資料表的匯出資料 `admin_log`
--

INSERT INTO `admin_log` (`al_id`, `a_username`, `al_main_key`, `al_fun_key`, `al_descript`, `al_createtime`, `al_ip`, `al_action`) VALUES
(2726, 'admin', 3, 5, '列表', '2017-12-14 12:04:26', '127.0.0.1', 2),
(2727, 'admin', 3, 5, '列表', '2017-12-14 12:04:30', '127.0.0.1', 2),
(2725, 'admin', 3, 3, '列表', '2017-12-14 12:04:23', '127.0.0.1', 2),
(2724, 'admin', 3, 4, 'id:29', '2017-12-14 12:04:16', '127.0.0.1', 8),
(2723, 'admin', 3, 3, 'id:29', '2017-12-14 12:04:11', '127.0.0.1', 8),
(2722, 'admin', 3, 4, '列表', '2017-12-14 12:04:03', '127.0.0.1', 2),
(2721, 'admin', 3, 3, 'id:29', '2017-12-14 12:03:59', '127.0.0.1', 4),
(2720, 'admin', 3, 3, '列表', '2017-12-14 12:03:45', '127.0.0.1', 2),
(2719, 'admin', 3, 5, '列表', '2017-12-14 12:03:41', '127.0.0.1', 2),
(2718, 'admin', 3, 3, 'id:28', '2017-12-14 12:03:33', '127.0.0.1', 8),
(2717, 'admin', 3, 4, 'id:28', '2017-12-14 12:03:30', '127.0.0.1', 8),
(2716, 'admin', 3, 4, '列表', '2017-12-14 12:03:25', '127.0.0.1', 2),
(2715, 'admin', 3, 3, '列表', '2017-12-14 12:03:20', '127.0.0.1', 2),
(2714, 'admin', 3, 3, 'id:28', '2017-12-14 12:03:03', '127.0.0.1', 4),
(2713, 'admin', 3, 3, '列表', '2017-12-14 12:02:45', '127.0.0.1', 2),
(2712, 'admin', 4, 6, '列表', '2017-12-14 12:02:38', '127.0.0.1', 2),
(2711, 'admin', 4, 5, 'id:91', '2017-12-14 12:02:27', '127.0.0.1', 8),
(2710, 'admin', 4, 4, 'id:91', '2017-12-14 12:02:23', '127.0.0.1', 8),
(2709, 'admin', 4, 5, '列表', '2017-12-14 12:02:16', '127.0.0.1', 2),
(2708, 'admin', 4, 4, 'id:91', '2017-12-14 12:02:14', '127.0.0.1', 4),
(2707, 'admin', 4, 4, '列表', '2017-12-14 12:01:58', '127.0.0.1', 2),
(2706, 'admin', 4, 6, '列表', '2017-12-14 12:01:55', '127.0.0.1', 2),
(2705, 'admin', 4, 4, 'id:90', '2017-12-14 12:01:44', '127.0.0.1', 8),
(2704, 'admin', 4, 5, 'id:90', '2017-12-14 12:01:41', '127.0.0.1', 8),
(2703, 'admin', 4, 5, '列表', '2017-12-14 12:01:22', '127.0.0.1', 2),
(2702, 'admin', 4, 4, '列表', '2017-12-14 12:01:21', '127.0.0.1', 2),
(2701, 'admin', 4, 4, '列表', '2017-12-14 12:01:11', '127.0.0.1', 2),
(2700, 'admin', 4, 6, '列表', '2017-12-14 12:01:08', '127.0.0.1', 2),
(2699, 'admin', 4, 4, 'id:90', '2017-12-14 12:01:06', '127.0.0.1', 4),
(2698, 'admin', 4, 4, '列表', '2017-12-14 12:00:51', '127.0.0.1', 2),
(2697, 'admin', 3, 3, '列表', '2017-12-14 12:00:48', '127.0.0.1', 2),
(2696, 'admin', 4, 4, '列表', '2017-12-14 12:00:45', '127.0.0.1', 2),
(2695, 'admin', 4, 4, 'id:89', '2017-12-14 11:58:47', '127.0.0.1', 8),
(2694, 'admin', 4, 5, 'id:89', '2017-12-14 11:58:45', '127.0.0.1', 8),
(2693, 'admin', 4, 5, '列表', '2017-12-14 11:58:37', '127.0.0.1', 2),
(2692, 'admin', 4, 4, '列表', '2017-12-14 11:58:34', '127.0.0.1', 2),
(2691, 'admin', 4, 4, 'id:89', '2017-12-14 11:58:30', '127.0.0.1', 4),
(2690, 'admin', 4, 4, '列表', '2017-12-14 11:58:19', '127.0.0.1', 2),
(2689, 'admin', 3, 3, 'id:27', '2017-12-14 11:58:02', '127.0.0.1', 8),
(2688, 'admin', 3, 4, 'id:27', '2017-12-14 11:58:00', '127.0.0.1', 8),
(2687, 'admin', 3, 3, '列表', '2017-12-14 11:57:51', '127.0.0.1', 2),
(2686, 'admin', 3, 4, '列表', '2017-12-14 11:55:45', '127.0.0.1', 2),
(2685, 'admin', 3, 3, 'id:27', '2017-12-14 11:55:30', '127.0.0.1', 8),
(2684, 'admin', 3, 4, 'id:27', '2017-12-14 11:55:28', '127.0.0.1', 8),
(2683, 'admin', 3, 4, '列表', '2017-12-14 11:55:20', '127.0.0.1', 2),
(2682, 'admin', 3, 3, 'id:27', '2017-12-14 11:55:16', '127.0.0.1', 4),
(2681, 'admin', 3, 3, 'id:24', '2017-12-14 11:53:50', '127.0.0.1', 8),
(2680, 'admin', 3, 3, '列表', '2017-12-14 11:53:42', '127.0.0.1', 2),
(2679, 'admin', 3, 4, 'id:24', '2017-12-14 11:53:41', '127.0.0.1', 8),
(2678, 'admin', 3, 4, '列表', '2017-12-14 11:52:22', '127.0.0.1', 2),
(2677, 'admin', 3, 4, 'id:26', '2017-12-14 11:51:36', '127.0.0.1', 8),
(2676, 'admin', 3, 4, '列表', '2017-12-14 11:51:29', '127.0.0.1', 2),
(2675, 'admin', 3, 3, 'id:26', '2017-12-14 11:50:43', '127.0.0.1', 8),
(2674, 'admin', 3, 4, 'id:26', '2017-12-14 11:50:34', '127.0.0.1', 8),
(2673, 'admin', 3, 4, '列表', '2017-12-14 11:50:30', '127.0.0.1', 2),
(2672, 'admin', 3, 3, '列表', '2017-12-14 11:50:20', '127.0.0.1', 2),
(2671, 'admin', 3, 3, '列表', '2017-12-14 11:50:15', '127.0.0.1', 2),
(2670, 'admin', 4, 4, '列表', '2017-12-14 11:48:19', '127.0.0.1', 2),
(2669, 'admin', 4, 6, '列表', '2017-12-14 11:48:12', '127.0.0.1', 2),
(2668, 'admin', 4, 4, '列表', '2017-12-14 11:47:08', '127.0.0.1', 2),
(2667, 'admin', 4, 4, 'id:88', '2017-12-14 11:46:57', '127.0.0.1', 8),
(2666, 'admin', 4, 5, 'id:88', '2017-12-14 11:46:49', '127.0.0.1', 8),
(2665, 'admin', 4, 5, '列表', '2017-12-14 11:46:45', '127.0.0.1', 2),
(2664, 'admin', 4, 5, 'id:88', '2017-12-14 11:46:38', '127.0.0.1', 8),
(2663, 'admin', 4, 5, '列表', '2017-12-14 11:46:29', '127.0.0.1', 2),
(2662, 'admin', 4, 4, '列表', '2017-12-14 11:46:28', '127.0.0.1', 2),
(2661, 'admin', 4, 4, 'id:88', '2017-12-14 11:46:26', '127.0.0.1', 4),
(2660, 'admin', 4, 5, 'id:87', '2017-12-14 11:46:06', '127.0.0.1', 8),
(2659, 'admin', 4, 4, 'id:87', '2017-12-14 11:46:02', '127.0.0.1', 8),
(2658, 'admin', 4, 5, '列表', '2017-12-14 11:45:57', '127.0.0.1', 2),
(2657, 'admin', 4, 4, '列表', '2017-12-14 11:45:53', '127.0.0.1', 2),
(2656, 'admin', 4, 4, 'id:87', '2017-12-14 11:45:22', '127.0.0.1', 8),
(2655, 'admin', 4, 5, 'id:87', '2017-12-14 11:45:15', '127.0.0.1', 8),
(2654, 'admin', 4, 5, '列表', '2017-12-14 11:45:11', '127.0.0.1', 2),
(2653, 'admin', 4, 4, '列表', '2017-12-14 11:44:22', '127.0.0.1', 2),
(2652, 'admin', 4, 4, 'id:87', '2017-12-14 11:43:27', '127.0.0.1', 8),
(2651, 'admin', 4, 4, '列表', '2017-12-14 11:43:10', '127.0.0.1', 2),
(2650, 'admin', 4, 4, 'id:87', '2017-12-14 11:42:08', '127.0.0.1', 8),
(2649, 'admin', 4, 4, '列表', '2017-12-14 11:40:52', '127.0.0.1', 2),
(2648, 'admin', 4, 5, 'id:87', '2017-12-14 11:40:49', '127.0.0.1', 8),
(2647, 'admin', 4, 4, 'id:87', '2017-12-14 11:40:46', '127.0.0.1', 8),
(2646, 'admin', 4, 4, 'id:87', '2017-12-14 11:40:37', '127.0.0.1', 4),
(2645, 'admin', 4, 4, '列表', '2017-12-14 11:38:15', '127.0.0.1', 2),
(2644, 'admin', 4, 6, '列表', '2017-12-14 11:38:08', '127.0.0.1', 2),
(2643, 'admin', 4, 5, '列表', '2017-12-14 11:38:05', '127.0.0.1', 2),
(2642, 'admin', 4, 4, 'id:86', '2017-12-14 11:38:03', '127.0.0.1', 8),
(2641, 'admin', 4, 4, '列表', '2017-12-14 11:38:00', '127.0.0.1', 2),
(2640, 'admin', 4, 4, 'id:86', '2017-12-14 11:37:35', '127.0.0.1', 8),
(2639, 'admin', 4, 4, '列表', '2017-12-14 11:37:11', '127.0.0.1', 2),
(2638, 'admin', 4, 4, 'id:86', '2017-12-14 11:36:49', '127.0.0.1', 8),
(2637, 'admin', 4, 4, '列表', '2017-12-14 11:36:34', '127.0.0.1', 2),
(2636, 'admin', 4, 4, 'id:86', '2017-12-14 11:36:02', '127.0.0.1', 8),
(2635, 'admin', 4, 4, '列表', '2017-12-14 11:35:45', '127.0.0.1', 2),
(2634, 'admin', 4, 4, 'id:86', '2017-12-14 11:34:21', '127.0.0.1', 8),
(2633, 'admin', 4, 4, '列表', '2017-12-14 11:34:05', '127.0.0.1', 2),
(2632, 'admin', 4, 4, 'id:86', '2017-12-14 11:33:35', '127.0.0.1', 8),
(2631, 'admin', 4, 4, '列表', '2017-12-14 11:33:13', '127.0.0.1', 2),
(2630, 'admin', 4, 4, 'id:86', '2017-12-14 11:31:48', '127.0.0.1', 8),
(2629, 'admin', 4, 4, '列表', '2017-12-14 11:31:28', '127.0.0.1', 2),
(2628, 'admin', 4, 4, 'id:86', '2017-12-14 11:31:05', '127.0.0.1', 8),
(2627, 'admin', 4, 4, '列表', '2017-12-14 11:30:48', '127.0.0.1', 2),
(2626, 'admin', 4, 4, 'id:86', '2017-12-14 11:29:01', '127.0.0.1', 8),
(2625, 'admin', 4, 4, '列表', '2017-12-14 11:28:44', '127.0.0.1', 2),
(2624, 'admin', 4, 4, 'id:86', '2017-12-14 11:27:24', '127.0.0.1', 8),
(2623, 'admin', 4, 4, '列表', '2017-12-14 11:27:09', '127.0.0.1', 2),
(2622, 'admin', 4, 4, 'id:86', '2017-12-14 11:24:29', '127.0.0.1', 8),
(2621, 'admin', 4, 4, '列表', '2017-12-14 11:24:10', '127.0.0.1', 2),
(2620, 'admin', 4, 4, 'id:86', '2017-12-14 11:19:37', '127.0.0.1', 8),
(2619, 'admin', 4, 4, '列表', '2017-12-14 11:19:25', '127.0.0.1', 2),
(2618, 'admin', 4, 5, 'id:86', '2017-12-14 11:19:08', '127.0.0.1', 8),
(2617, 'admin', 4, 5, '列表', '2017-12-14 11:19:03', '127.0.0.1', 2),
(2616, 'admin', 4, 4, 'id:86', '2017-12-14 11:18:58', '127.0.0.1', 8),
(2615, 'admin', 4, 4, '列表', '2017-12-14 11:18:45', '127.0.0.1', 2),
(2614, 'admin', 4, 4, 'id:86', '2017-12-14 11:18:08', '127.0.0.1', 8),
(2613, 'admin', 4, 4, '列表', '2017-12-14 11:17:38', '127.0.0.1', 2),
(2612, 'admin', 4, 4, 'id:86', '2017-12-14 11:17:07', '127.0.0.1', 8),
(2611, 'admin', 4, 4, '列表', '2017-12-14 11:16:50', '127.0.0.1', 2),
(2610, 'admin', 4, 4, 'id:86', '2017-12-14 11:16:08', '127.0.0.1', 8),
(2609, 'admin', 4, 4, '列表', '2017-12-14 11:15:43', '127.0.0.1', 2),
(2608, 'admin', 4, 4, 'id:86', '2017-12-14 11:15:08', '127.0.0.1', 8),
(2607, 'admin', 4, 4, '列表', '2017-12-14 11:14:48', '127.0.0.1', 2),
(2606, 'admin', 4, 4, 'id:86', '2017-12-14 11:14:19', '127.0.0.1', 8),
(2605, 'admin', 4, 4, '列表', '2017-12-14 11:14:02', '127.0.0.1', 2),
(2604, 'admin', 4, 4, 'id:86', '2017-12-14 11:11:34', '127.0.0.1', 8),
(2603, 'admin', 4, 4, '列表', '2017-12-14 11:09:08', '127.0.0.1', 2),
(2602, 'admin', 4, 4, 'id:86', '2017-12-14 11:08:54', '127.0.0.1', 8),
(2601, 'admin', 4, 4, '列表', '2017-12-14 11:08:44', '127.0.0.1', 2),
(2600, 'admin', 4, 5, 'id:86', '2017-12-14 11:08:43', '127.0.0.1', 8),
(2599, 'admin', 4, 5, '列表', '2017-12-14 11:08:38', '127.0.0.1', 2),
(2598, 'admin', 4, 4, 'id:86', '2017-12-14 11:07:56', '127.0.0.1', 8),
(2597, 'admin', 4, 5, 'id:86', '2017-12-14 11:07:51', '127.0.0.1', 8),
(2596, 'admin', 4, 5, '列表', '2017-12-14 11:07:45', '127.0.0.1', 2),
(2595, 'admin', 4, 4, '列表', '2017-12-14 11:05:39', '127.0.0.1', 2),
(2594, 'admin', 4, 4, 'id:86', '2017-12-14 11:05:28', '127.0.0.1', 8),
(2593, 'admin', 4, 5, 'id:86', '2017-12-14 11:05:23', '127.0.0.1', 8),
(2592, 'admin', 4, 5, '列表', '2017-12-14 11:05:18', '127.0.0.1', 2),
(2591, 'admin', 4, 4, 'id:86', '2017-12-14 11:05:13', '127.0.0.1', 4),
(2590, 'admin', 4, 4, '列表', '2017-12-14 11:05:00', '127.0.0.1', 2),
(2589, 'admin', 4, 5, '列表', '2017-12-14 11:04:40', '127.0.0.1', 2),
(2588, 'admin', 4, 4, 'id:85', '2017-12-14 11:04:38', '127.0.0.1', 8),
(2587, 'admin', 4, 4, 'id:85', '2017-12-14 11:04:32', '127.0.0.1', 4),
(2586, 'admin', 4, 4, '列表', '2017-12-14 11:03:43', '127.0.0.1', 2),
(2585, 'admin', 4, 4, 'id:84', '2017-12-14 11:02:36', '127.0.0.1', 8),
(2584, 'admin', 4, 5, 'id:84', '2017-12-14 11:02:32', '127.0.0.1', 8),
(2583, 'admin', 4, 5, '列表', '2017-12-14 11:02:27', '127.0.0.1', 2),
(2582, 'admin', 4, 4, 'id:84', '2017-12-14 11:02:22', '127.0.0.1', 4),
(2581, 'admin', 4, 4, 'id:83', '2017-12-14 11:00:32', '127.0.0.1', 8),
(2580, 'admin', 4, 5, 'id:83', '2017-12-14 11:00:28', '127.0.0.1', 8),
(2579, 'admin', 4, 5, '列表', '2017-12-14 11:00:21', '127.0.0.1', 2),
(2578, 'admin', 4, 4, 'id:83', '2017-12-14 11:00:17', '127.0.0.1', 4),
(2577, 'admin', 4, 4, 'id:82', '2017-12-14 10:44:52', '127.0.0.1', 8),
(2576, 'admin', 4, 5, 'id:82', '2017-12-14 10:44:45', '127.0.0.1', 8),
(2575, 'admin', 4, 5, '列表', '2017-12-14 10:44:38', '127.0.0.1', 2),
(2574, 'admin', 4, 4, 'id:82', '2017-12-14 10:44:35', '127.0.0.1', 4),
(2573, 'admin', 4, 4, '列表', '2017-12-14 10:44:21', '127.0.0.1', 2),
(2572, 'admin', 4, 4, 'id:81', '2017-12-14 10:43:44', '127.0.0.1', 8),
(2571, 'admin', 4, 4, '列表', '2017-12-14 10:43:41', '127.0.0.1', 2),
(2570, 'admin', 4, 4, 'id:81', '2017-12-14 10:43:11', '127.0.0.1', 8),
(2569, 'admin', 4, 4, '列表', '2017-12-14 10:42:51', '127.0.0.1', 2),
(2568, 'admin', 4, 4, 'id:81', '2017-12-14 10:42:45', '127.0.0.1', 8),
(2567, 'admin', 4, 4, '列表', '2017-12-14 10:42:41', '127.0.0.1', 2),
(2566, 'admin', 4, 4, 'id:81', '2017-12-14 10:42:16', '127.0.0.1', 8),
(2565, 'admin', 4, 4, '列表', '2017-12-14 10:42:12', '127.0.0.1', 2),
(2564, 'admin', 4, 4, 'id:81', '2017-12-14 10:40:57', '127.0.0.1', 8),
(2563, 'admin', 4, 5, 'id:81', '2017-12-14 10:39:29', '127.0.0.1', 8),
(2562, 'admin', 4, 5, '列表', '2017-12-14 10:39:24', '127.0.0.1', 2),
(2561, 'admin', 4, 4, '列表', '2017-12-14 10:39:21', '127.0.0.1', 2),
(2560, 'admin', 4, 4, 'id:81', '2017-12-14 10:38:01', '127.0.0.1', 8),
(2559, 'admin', 4, 4, '列表', '2017-12-14 10:37:56', '127.0.0.1', 2),
(2558, 'admin', 4, 5, 'id:81', '2017-12-14 10:34:24', '127.0.0.1', 8),
(2557, 'admin', 4, 4, 'id:81', '2017-12-14 10:34:11', '127.0.0.1', 8),
(2556, 'admin', 4, 4, '列表', '2017-12-14 10:33:50', '127.0.0.1', 2),
(2555, 'admin', 4, 4, 'id:81', '2017-12-14 10:32:17', '127.0.0.1', 8),
(2554, 'admin', 4, 4, '列表', '2017-12-14 10:32:13', '127.0.0.1', 2),
(2553, 'admin', 4, 4, 'id:81', '2017-12-14 10:31:46', '127.0.0.1', 8),
(2552, 'admin', 4, 4, '列表', '2017-12-14 10:31:43', '127.0.0.1', 2),
(2551, 'admin', 4, 4, 'id:81', '2017-12-14 10:29:59', '127.0.0.1', 8),
(2550, 'admin', 4, 4, '列表', '2017-12-14 10:29:17', '127.0.0.1', 2),
(2549, 'admin', 4, 4, 'id:81', '2017-12-14 10:28:15', '127.0.0.1', 8),
(2548, 'admin', 4, 4, '列表', '2017-12-14 10:28:11', '127.0.0.1', 2),
(2547, 'admin', 4, 4, 'id:81', '2017-12-14 10:25:38', '127.0.0.1', 8),
(2546, 'admin', 4, 4, '列表', '2017-12-14 10:25:34', '127.0.0.1', 2),
(2545, 'admin', 4, 5, '列表', '2017-12-14 10:25:32', '127.0.0.1', 2),
(2544, 'admin', 4, 4, 'id:81', '2017-12-14 10:25:21', '127.0.0.1', 8),
(2543, 'admin', 4, 5, 'id:81', '2017-12-14 10:25:18', '127.0.0.1', 8),
(2542, 'admin', 4, 5, '列表', '2017-12-14 10:25:11', '127.0.0.1', 2),
(2541, 'admin', 4, 4, 'id:81', '2017-12-14 10:25:08', '127.0.0.1', 4),
(2540, 'admin', 4, 4, '列表', '2017-12-14 10:24:53', '127.0.0.1', 2),
(2539, 'admin', 4, 4, 'id:80', '2017-12-14 10:24:29', '127.0.0.1', 8),
(2538, 'admin', 4, 5, 'id:80', '2017-12-14 10:24:26', '127.0.0.1', 8),
(2537, 'admin', 4, 5, '列表', '2017-12-14 10:24:20', '127.0.0.1', 2),
(2536, 'admin', 4, 4, '列表', '2017-12-14 10:24:18', '127.0.0.1', 2),
(2535, 'admin', 4, 4, 'id:80', '2017-12-14 10:24:16', '127.0.0.1', 4),
(2534, 'admin', 4, 4, 'id:78', '2017-12-14 10:24:01', '127.0.0.1', 8),
(2533, 'admin', 4, 5, 'id:78', '2017-12-14 10:23:56', '127.0.0.1', 8),
(2532, 'admin', 4, 4, '列表', '2017-12-14 10:23:49', '127.0.0.1', 2),
(2531, 'admin', 4, 4, 'id:79', '2017-12-14 10:22:34', '127.0.0.1', 8),
(2530, 'admin', 4, 4, '列表', '2017-12-14 10:22:11', '127.0.0.1', 2),
(2529, 'admin', 4, 4, 'id:79', '2017-12-14 10:21:25', '127.0.0.1', 8),
(2528, 'admin', 4, 4, '列表', '2017-12-14 10:21:22', '127.0.0.1', 2),
(2527, 'admin', 4, 4, 'id:79', '2017-12-14 10:19:35', '127.0.0.1', 8),
(2526, 'admin', 4, 4, '列表', '2017-12-14 10:18:51', '127.0.0.1', 2),
(2525, 'admin', 4, 4, 'id:79', '2017-12-14 10:17:46', '127.0.0.1', 8),
(2524, 'admin', 4, 4, '列表', '2017-12-14 10:17:32', '127.0.0.1', 2),
(2523, 'admin', 4, 4, 'id:79', '2017-12-14 10:16:58', '127.0.0.1', 8),
(2522, 'admin', 4, 4, '列表', '2017-12-14 10:16:43', '127.0.0.1', 2),
(2521, 'admin', 4, 4, 'id:79', '2017-12-14 10:16:10', '127.0.0.1', 8),
(2520, 'admin', 4, 4, '列表', '2017-12-14 10:15:54', '127.0.0.1', 2),
(2519, 'admin', 4, 4, 'id:79', '2017-12-14 10:15:06', '127.0.0.1', 8),
(2518, 'admin', 4, 4, '列表', '2017-12-14 10:14:58', '127.0.0.1', 2),
(2517, 'admin', 4, 4, 'id:79', '2017-12-14 10:14:44', '127.0.0.1', 8),
(2516, 'admin', 4, 5, 'id:79', '2017-12-14 10:14:42', '127.0.0.1', 8),
(2515, 'admin', 4, 5, '列表', '2017-12-14 10:14:34', '127.0.0.1', 2),
(2514, 'admin', 4, 4, 'id:79', '2017-12-14 10:14:30', '127.0.0.1', 4),
(2513, 'admin', 4, 4, '列表', '2017-12-14 10:04:24', '127.0.0.1', 2),
(2512, 'admin', 4, 5, 'id:78', '2017-12-14 10:03:57', '127.0.0.1', 8),
(2511, 'admin', 4, 5, '列表', '2017-12-14 10:03:53', '127.0.0.1', 2),
(2510, 'admin', 4, 4, '列表', '2017-12-14 10:03:46', '127.0.0.1', 2),
(2509, 'admin', 4, 4, 'id:78', '2017-12-14 10:03:33', '127.0.0.1', 4),
(2508, 'admin', 4, 4, '列表', '2017-12-14 09:55:16', '127.0.0.1', 2),
(2507, 'admin', 4, 5, '列表', '2017-12-14 09:55:15', '127.0.0.1', 2),
(2506, 'admin', 4, 4, '列表', '2017-12-14 09:48:57', '127.0.0.1', 2),
(2505, 'admin', 4, 6, '列表', '2017-12-14 09:48:48', '127.0.0.1', 2),
(2504, 'admin', 4, 4, '列表', '2017-12-14 09:48:46', '127.0.0.1', 2),
(2503, 'admin', 4, 4, 'id:77', '2017-12-14 09:48:28', '127.0.0.1', 8),
(2502, 'admin', 4, 4, 'id:77', '2017-12-14 09:43:43', '127.0.0.1', 4),
(2501, 'admin', 4, 4, '列表', '2017-12-14 09:42:56', '127.0.0.1', 2),
(2500, 'admin', 0, 0, 'admin登入成功', '2017-12-14 09:42:47', '127.0.0.1', 1),
(2499, 'admin', 3, 3, '列表', '2017-12-14 09:41:02', '127.0.0.1', 2),
(2498, 'admin', 3, 5, '列表', '2017-12-14 09:41:01', '127.0.0.1', 2),
(2497, 'admin', 3, 4, '列表', '2017-12-14 09:40:45', '127.0.0.1', 2),
(2496, 'admin', 3, 3, '列表', '2017-12-14 09:40:44', '127.0.0.1', 2),
(2495, 'admin', 3, 5, '列表', '2017-12-14 09:39:54', '127.0.0.1', 2),
(2494, 'admin', 3, 4, '列表', '2017-12-14 09:39:53', '127.0.0.1', 2),
(2493, 'admin', 3, 3, '列表', '2017-12-14 09:38:35', '127.0.0.1', 2),
(2492, 'admin', 3, 5, '列表', '2017-12-14 09:38:34', '127.0.0.1', 2),
(2491, 'admin', 3, 4, '列表', '2017-12-14 09:38:33', '127.0.0.1', 2),
(2490, 'admin', 3, 3, '列表', '2017-12-14 09:38:31', '127.0.0.1', 2),
(2489, 'admin', 3, 2, '列表', '2017-12-14 09:27:29', '127.0.0.1', 2),
(2488, 'admin', 3, 5, '列表', '2017-12-14 09:27:27', '127.0.0.1', 2),
(2487, 'admin', 3, 4, '列表', '2017-12-14 09:27:25', '127.0.0.1', 2),
(2486, 'admin', 3, 3, '列表', '2017-12-14 09:08:26', '127.0.0.1', 2),
(2485, 'admin', 0, 0, 'admin登入成功', '2017-12-14 09:08:18', '127.0.0.1', 1),
(2484, 'admin', 4, 4, '列表', '2017-12-13 17:40:14', '127.0.0.1', 2),
(2483, 'admin', 4, 4, 'id:71', '2017-12-13 17:29:54', '127.0.0.1', 8),
(2482, 'admin', 4, 4, '列表', '2017-12-13 16:39:56', '127.0.0.1', 2),
(2481, 'money', 4, 5, 'id:71', '2017-12-13 16:39:55', '127.0.0.1', 8),
(2480, 'money', 4, 5, '列表', '2017-12-13 16:37:43', '127.0.0.1', 2),
(2479, 'admin', 4, 4, 'id:76', '2017-12-13 16:37:41', '127.0.0.1', 8),
(2478, 'money', 4, 5, 'id:76', '2017-12-13 16:37:30', '127.0.0.1', 8),
(2477, 'money', 4, 5, '列表', '2017-12-13 16:37:24', '127.0.0.1', 2),
(2476, 'money', 4, 5, 'id:76', '2017-12-13 16:35:56', '127.0.0.1', 8),
(2475, 'money', 4, 5, '列表', '2017-12-13 16:35:47', '127.0.0.1', 2),
(2474, 'money', 4, 5, 'id:76', '2017-12-13 16:31:49', '127.0.0.1', 8),
(2473, 'money', 4, 5, '列表', '2017-12-13 16:31:39', '127.0.0.1', 2),
(2472, 'admin', 4, 4, '列表', '2017-12-13 16:31:08', '127.0.0.1', 2),
(2471, 'money', 4, 5, 'id:76', '2017-12-13 16:29:57', '127.0.0.1', 8),
(2470, 'money', 4, 5, '列表', '2017-12-13 16:29:51', '127.0.0.1', 2),
(2469, 'money', 0, 0, 'money登入成功', '2017-12-13 16:29:40', '127.0.0.1', 1),
(2468, 'admin', 4, 4, 'id:76', '2017-12-13 16:29:19', '127.0.0.1', 4),
(2467, 'admin', 4, 4, '列表', '2017-12-13 16:23:56', '127.0.0.1', 2),
(2466, 'admin', 4, 5, '列表', '2017-12-13 16:21:27', '127.0.0.1', 2),
(2465, 'admin', 4, 6, '列表', '2017-12-13 16:21:15', '127.0.0.1', 2),
(2464, 'admin', 4, 4, '列表', '2017-12-13 16:21:13', '127.0.0.1', 2),
(2463, 'admin', 4, 5, '列表', '2017-12-13 16:21:11', '127.0.0.1', 2),
(2462, 'admin', 4, 6, '列表', '2017-12-13 16:21:10', '127.0.0.1', 2),
(2461, 'admin', 4, 4, '列表', '2017-12-13 16:19:44', '127.0.0.1', 2),
(2460, 'admin', 3, 2, '列表', '2017-12-13 16:19:38', '127.0.0.1', 2),
(2459, 'admin', 4, 5, '列表', '2017-12-13 16:19:29', '127.0.0.1', 2),
(2458, 'admin', 3, 3, '列表', '2017-12-13 16:19:19', '127.0.0.1', 2),
(2457, 'admin', 4, 4, '列表', '2017-12-13 16:18:03', '127.0.0.1', 2),
(2456, 'admin', 4, 6, '列表', '2017-12-13 16:09:03', '127.0.0.1', 2),
(2455, 'admin', 1, 1, '列表', '2017-12-13 16:04:14', '127.0.0.1', 2),
(2454, 'admin', 2, 1, '列表', '2017-12-13 16:04:10', '127.0.0.1', 2),
(2453, 'admin', 0, 0, 'admin登入成功', '2017-12-13 16:03:58', '127.0.0.1', 1),
(2452, 'customer', 3, 3, '列表', '2017-12-13 15:55:37', '127.0.0.1', 2),
(2451, 'money', 3, 5, '列表', '2017-12-13 15:52:37', '127.0.0.1', 2),
(2450, 'money', 3, 1, '列表', '2017-12-13 15:52:30', '127.0.0.1', 2),
(2449, 'money', 3, 3, '列表', '2017-12-13 15:52:29', '127.0.0.1', 2),
(2448, 'money', 3, 4, '列表', '2017-12-13 15:52:29', '127.0.0.1', 2),
(2447, 'money', 3, 5, '列表', '2017-12-13 15:52:28', '127.0.0.1', 2),
(2446, 'customer', 3, 5, '列表', '2017-12-13 15:51:58', '127.0.0.1', 2),
(2445, 'money', 3, 4, 'id:26', '2017-12-13 15:51:53', '127.0.0.1', 8),
(2444, 'money', 3, 4, '列表', '2017-12-13 15:51:42', '127.0.0.1', 2),
(2443, 'money', 3, 5, '列表', '2017-12-13 15:51:34', '127.0.0.1', 2),
(2442, 'customer', 3, 3, 'id:26', '2017-12-13 15:51:32', '127.0.0.1', 4),
(2441, 'money', 3, 3, '列表', '2017-12-13 15:50:26', '127.0.0.1', 2),
(2440, 'money', 3, 5, '列表', '2017-12-13 15:50:24', '127.0.0.1', 2),
(2439, 'money', 3, 3, '列表', '2017-12-13 15:50:15', '127.0.0.1', 2),
(2438, 'customer', 3, 3, '列表', '2017-12-13 15:50:11', '127.0.0.1', 2),
(2437, 'customer', 4, 6, '列表', '2017-12-13 15:47:17', '127.0.0.1', 2),
(2436, 'money', 4, 5, 'id:71', '2017-12-13 15:47:16', '127.0.0.1', 8),
(2435, 'money', 4, 5, '列表', '2017-12-13 15:46:25', '127.0.0.1', 2),
(2434, 'customer', 4, 4, '列表', '2017-12-13 15:46:15', '127.0.0.1', 2),
(2433, 'customer', 4, 6, '列表', '2017-12-13 15:46:05', '127.0.0.1', 2),
(2432, 'customer', 4, 4, 'id:75', '2017-12-13 15:44:21', '127.0.0.1', 8),
(2431, 'customer', 4, 4, 'id:75', '2017-12-13 15:41:21', '127.0.0.1', 4),
(2430, 'customer', 4, 4, 'id:74', '2017-12-13 15:39:37', '127.0.0.1', 8),
(2429, 'customer', 4, 4, '列表', '2017-12-13 15:39:31', '127.0.0.1', 2),
(2428, 'customer', 4, 6, '列表', '2017-12-13 15:38:58', '127.0.0.1', 2),
(2427, 'customer', 4, 4, 'id:74', '2017-12-13 15:34:50', '127.0.0.1', 8),
(2426, 'customer', 4, 4, 'id:74', '2017-12-13 15:34:34', '127.0.0.1', 4),
(2425, 'customer', 4, 4, 'id:73', '2017-12-13 15:33:16', '127.0.0.1', 8),
(2424, 'money', 4, 5, 'id:73', '2017-12-13 15:33:11', '127.0.0.1', 8),
(2423, 'money', 4, 5, '列表', '2017-12-13 15:33:03', '127.0.0.1', 2),
(2422, 'money', 0, 0, 'money登入成功', '2017-12-13 15:32:58', '127.0.0.1', 1),
(2421, 'customer', 4, 4, 'id:73', '2017-12-13 15:31:19', '127.0.0.1', 4),
(2420, 'customer', 4, 4, '列表', '2017-12-13 15:31:04', '127.0.0.1', 2),
(2419, 'customer', 0, 0, 'customer登入成功', '2017-12-13 15:30:59', '127.0.0.1', 1),
(2418, 'admin', 4, 4, '列表', '2017-12-13 15:30:48', '127.0.0.1', 2),
(2417, 'admin', 3, 4, '列表', '2017-12-13 15:29:41', '127.0.0.1', 2),
(2416, 'admin', 1, 1, '列表', '2017-12-13 15:28:43', '127.0.0.1', 2),
(2415, 'admin', 4, 4, '列表', '2017-12-13 15:28:37', '127.0.0.1', 2),
(2414, 'admin', 3, 4, '列表', '2017-12-13 15:28:35', '127.0.0.1', 2),
(2413, 'admin', 1, 1, '列表', '2017-12-13 15:28:20', '127.0.0.1', 2),
(2412, 'admin', 4, 4, '列表', '2017-12-13 15:28:03', '127.0.0.1', 2),
(2411, 'admin', 1, 1, '列表', '2017-12-13 15:27:47', '127.0.0.1', 2),
(2410, 'admin', 4, 5, '列表', '2017-12-13 15:27:43', '127.0.0.1', 2),
(2409, 'admin', 4, 3, '列表', '2017-12-13 15:27:42', '127.0.0.1', 2),
(2408, 'admin', 4, 4, '列表', '2017-12-13 15:27:34', '127.0.0.1', 2),
(2407, 'admin', 3, 3, '列表', '2017-12-13 15:27:32', '127.0.0.1', 2),
(2406, 'admin', 3, 5, '列表', '2017-12-13 15:27:31', '127.0.0.1', 2),
(2405, 'admin', 3, 4, '列表', '2017-12-13 15:26:58', '127.0.0.1', 2),
(2404, 'admin', 3, 3, '列表', '2017-12-13 15:25:40', '127.0.0.1', 2),
(2403, 'admin', 4, 4, '列表', '2017-12-13 15:25:12', '127.0.0.1', 2),
(2402, 'admin', 3, 3, '列表', '2017-12-13 15:25:10', '127.0.0.1', 2),
(2401, 'admin', 3, 4, '列表', '2017-12-13 15:24:30', '127.0.0.1', 2),
(2400, 'admin', 3, 5, '列表', '2017-12-13 15:24:28', '127.0.0.1', 2),
(2399, 'admin', 3, 4, '列表', '2017-12-13 15:24:23', '127.0.0.1', 2),
(2398, 'admin', 3, 3, '列表', '2017-12-13 15:24:22', '127.0.0.1', 2),
(2397, 'admin', 3, 4, '列表', '2017-12-13 15:24:19', '127.0.0.1', 2),
(2396, 'admin', 3, 3, '列表', '2017-12-13 15:23:32', '127.0.0.1', 2),
(2395, 'admin', 3, 5, '列表', '2017-12-13 15:23:11', '127.0.0.1', 2),
(2394, 'admin', 3, 3, '列表', '2017-12-13 15:21:54', '127.0.0.1', 2),
(2393, 'admin', 4, 4, '列表', '2017-12-13 15:21:50', '127.0.0.1', 2),
(2392, 'admin', 4, 6, '列表', '2017-12-13 15:21:46', '127.0.0.1', 2),
(2391, 'admin', 4, 5, '列表', '2017-12-13 15:21:45', '127.0.0.1', 2),
(2390, 'admin', 4, 4, '列表', '2017-12-13 15:21:43', '127.0.0.1', 2),
(2389, 'admin', 3, 5, '列表', '2017-12-13 15:21:41', '127.0.0.1', 2),
(2388, 'admin', 3, 4, '列表', '2017-12-13 15:21:12', '127.0.0.1', 2),
(2387, 'admin', 3, 5, '列表', '2017-12-13 15:21:10', '127.0.0.1', 2),
(2386, 'admin', 3, 3, '列表', '2017-12-13 15:20:38', '127.0.0.1', 2),
(2385, 'admin', 3, 4, '列表', '2017-12-13 15:20:37', '127.0.0.1', 2),
(2384, 'admin', 3, 5, '列表', '2017-12-13 15:20:23', '127.0.0.1', 2),
(2383, 'admin', 3, 4, '列表', '2017-12-13 15:19:54', '127.0.0.1', 2),
(2382, 'admin', 3, 3, '列表', '2017-12-13 15:19:51', '127.0.0.1', 2),
(2381, 'admin', 3, 4, '列表', '2017-12-13 15:19:49', '127.0.0.1', 2),
(2380, 'admin', 3, 5, '列表', '2017-12-13 15:19:47', '127.0.0.1', 2),
(2379, 'admin', 3, 4, '列表', '2017-12-13 15:19:39', '127.0.0.1', 2),
(2378, 'admin', 4, 6, '列表', '2017-12-13 15:19:37', '127.0.0.1', 2),
(2377, 'admin', 4, 5, '列表', '2017-12-13 15:19:36', '127.0.0.1', 2),
(2376, 'admin', 4, 4, '列表', '2017-12-13 15:19:31', '127.0.0.1', 2),
(2375, 'admin', 4, 3, '列表', '2017-12-13 15:19:28', '127.0.0.1', 2),
(2374, 'admin', 3, 5, '列表', '2017-12-13 15:19:25', '127.0.0.1', 2),
(2373, 'admin', 3, 4, '列表', '2017-12-13 15:19:24', '127.0.0.1', 2),
(2372, 'admin', 3, 3, '列表', '2017-12-13 15:19:13', '127.0.0.1', 2),
(2371, 'admin', 4, 2, '列表', '2017-12-13 15:18:52', '127.0.0.1', 2),
(2370, 'admin', 4, 6, '列表', '2017-12-13 15:18:30', '127.0.0.1', 2),
(2369, 'admin', 4, 5, '列表', '2017-12-13 15:18:29', '127.0.0.1', 2),
(2368, 'admin', 4, 4, '列表', '2017-12-13 15:18:28', '127.0.0.1', 2),
(2367, 'admin', 4, 3, '1筆資料(\'4\')', '2017-12-13 15:18:26', '127.0.0.1', 16),
(2366, 'admin', 4, 3, '列表', '2017-12-13 15:18:21', '127.0.0.1', 2),
(2365, 'admin', 4, 4, '列表', '2017-12-13 15:18:18', '127.0.0.1', 2),
(2364, 'admin', 4, 3, '列表', '2017-12-13 15:18:14', '127.0.0.1', 2),
(2363, 'admin', 4, 6, '列表', '2017-12-13 15:18:10', '127.0.0.1', 2),
(2362, 'admin', 4, 5, '列表', '2017-12-13 15:17:51', '127.0.0.1', 2),
(2361, 'admin', 3, 4, '列表', '2017-12-13 15:16:57', '127.0.0.1', 2),
(2360, 'admin', 3, 3, 'id:25', '2017-12-13 15:16:55', '127.0.0.1', 8),
(2359, 'admin', 3, 3, '列表', '2017-12-13 15:16:47', '127.0.0.1', 2),
(2358, 'admin', 3, 4, '列表', '2017-12-13 15:16:40', '127.0.0.1', 2),
(2357, 'admin', 4, 5, '列表', '2017-12-13 15:15:49', '127.0.0.1', 2),
(2356, 'admin', 4, 4, '列表', '2017-12-13 15:15:40', '127.0.0.1', 2),
(2355, 'admin', 4, 5, '列表', '2017-12-13 15:15:26', '127.0.0.1', 2),
(2354, 'admin', 4, 4, 'id:72', '2017-12-13 15:15:25', '127.0.0.1', 8),
(2353, 'admin', 4, 4, 'id:72', '2017-12-13 15:15:20', '127.0.0.1', 4),
(2352, 'admin', 4, 4, '列表', '2017-12-13 15:15:02', '127.0.0.1', 2),
(2351, 'admin', 4, 5, '列表', '2017-12-13 15:14:39', '127.0.0.1', 2),
(2350, 'admin', 0, 0, 'admin登入成功', '2017-12-13 15:14:35', '127.0.0.1', 1),
(2349, 'customer', 4, 4, '列表', '2017-12-13 15:14:28', '127.0.0.1', 2),
(2348, 'customer', 3, 3, '列表', '2017-12-13 15:12:17', '127.0.0.1', 2),
(2347, 'customer', 0, 0, 'customer登入成功', '2017-12-13 15:11:59', '127.0.0.1', 1),
(2346, 'money', 3, 3, '列表', '2017-12-13 15:11:49', '127.0.0.1', 2),
(2345, 'money', 3, 4, '列表', '2017-12-13 15:02:34', '127.0.0.1', 2),
(2344, 'money', 3, 3, '列表', '2017-12-13 14:58:46', '127.0.0.1', 2),
(2343, 'money', 3, 5, '列表', '2017-12-13 14:45:58', '127.0.0.1', 2),
(2342, 'money', 3, 3, '列表', '2017-12-13 14:45:56', '127.0.0.1', 2),
(2341, 'money', 3, 4, '列表', '2017-12-13 14:44:05', '127.0.0.1', 2),
(2340, 'money', 3, 3, '列表', '2017-12-13 14:43:56', '127.0.0.1', 2),
(2339, 'money', 4, 4, '列表', '2017-12-13 14:42:38', '127.0.0.1', 2),
(2338, 'money', 4, 2, '列表', '2017-12-13 14:42:37', '127.0.0.1', 2),
(2337, 'money', 4, 3, '列表', '2017-12-13 14:42:36', '127.0.0.1', 2),
(2336, 'money', 4, 4, '列表', '2017-12-13 14:42:35', '127.0.0.1', 2),
(2335, 'money', 4, 6, '列表', '2017-12-13 14:42:34', '127.0.0.1', 2),
(2334, 'money', 4, 5, '列表', '2017-12-13 14:42:33', '127.0.0.1', 2),
(2333, 'money', 4, 4, '列表', '2017-12-13 14:42:32', '127.0.0.1', 2),
(2332, 'money', 3, 5, '列表', '2017-12-13 14:42:30', '127.0.0.1', 2),
(2331, 'money', 3, 4, '列表', '2017-12-13 14:42:29', '127.0.0.1', 2),
(2330, 'money', 3, 3, '列表', '2017-12-13 14:42:28', '127.0.0.1', 2),
(2329, 'money', 3, 2, '列表', '2017-12-13 14:38:52', '127.0.0.1', 2),
(2328, 'money', 3, 1, '列表', '2017-12-13 14:38:51', '127.0.0.1', 2),
(2327, 'money', 3, 5, '列表', '2017-12-13 14:38:47', '127.0.0.1', 2),
(2326, 'money', 3, 3, '列表', '2017-12-13 14:38:44', '127.0.0.1', 2),
(2325, 'money', 4, 4, '列表', '2017-12-13 14:38:41', '127.0.0.1', 2),
(2324, 'money', 4, 5, '列表', '2017-12-13 14:38:40', '127.0.0.1', 2),
(2323, 'money', 4, 6, '列表', '2017-12-13 14:38:37', '127.0.0.1', 2),
(2322, 'money', 4, 5, 'id:71', '2017-12-13 14:38:35', '127.0.0.1', 8),
(2321, 'money', 4, 5, '列表', '2017-12-13 14:38:22', '127.0.0.1', 2),
(2320, 'money', 4, 4, '列表', '2017-12-13 14:38:21', '127.0.0.1', 2),
(2319, 'money', 4, 3, '列表', '2017-12-13 14:38:19', '127.0.0.1', 2),
(2318, 'money', 3, 4, '列表', '2017-12-13 14:38:17', '127.0.0.1', 2),
(2317, 'money', 3, 5, '列表', '2017-12-13 14:38:16', '127.0.0.1', 2),
(2316, 'money', 3, 4, '列表', '2017-12-13 14:37:35', '127.0.0.1', 2),
(2315, 'money', 3, 5, '列表', '2017-12-13 14:37:33', '127.0.0.1', 2),
(2314, 'money', 3, 4, '列表', '2017-12-13 14:37:31', '127.0.0.1', 2),
(2313, 'money', 3, 5, '列表', '2017-12-13 14:37:26', '127.0.0.1', 2),
(2312, 'money', 3, 4, 'id:24', '2017-12-13 14:37:23', '127.0.0.1', 8),
(2311, 'money', 3, 4, '列表', '2017-12-13 14:34:36', '127.0.0.1', 2),
(2310, 'money', 3, 3, '列表', '2017-12-13 14:34:35', '127.0.0.1', 2),
(2309, 'money', 0, 0, 'money登入成功', '2017-12-13 14:34:31', '127.0.0.1', 1),
(2308, 'customer', 4, 6, '列表', '2017-12-13 14:34:22', '127.0.0.1', 2),
(2307, 'customer', 3, 5, '列表', '2017-12-13 14:34:18', '127.0.0.1', 2),
(2306, 'customer', 3, 3, 'id:25', '2017-12-13 14:34:15', '127.0.0.1', 8),
(2305, 'customer', 3, 3, 'id:25', '2017-12-13 14:34:09', '127.0.0.1', 4),
(2304, 'customer', 3, 3, '列表', '2017-12-13 14:33:40', '127.0.0.1', 2),
(2303, 'customer', 3, 5, '列表', '2017-12-13 14:33:37', '127.0.0.1', 2),
(2302, 'customer', 3, 2, '國泰 id:2', '2017-12-13 14:33:33', '127.0.0.1', 8),
(2301, 'customer', 3, 2, '列表', '2017-12-13 14:33:18', '127.0.0.1', 2),
(2300, 'customer', 3, 1, '列表', '2017-12-13 14:33:17', '127.0.0.1', 2),
(2299, 'customer', 3, 5, '列表', '2017-12-13 14:33:14', '127.0.0.1', 2),
(2298, 'customer', 3, 2, '1筆資料(\'3\')', '2017-12-13 14:33:13', '127.0.0.1', 16),
(2297, 'customer', 3, 2, '列表', '2017-12-13 14:33:07', '127.0.0.1', 2),
(2296, 'customer', 4, 4, 'id:71', '2017-12-13 14:33:01', '127.0.0.1', 4),
(2295, 'customer', 4, 4, '列表', '2017-12-13 14:32:48', '127.0.0.1', 2),
(2294, 'customer', 4, 3, '列表', '2017-12-13 14:32:44', '127.0.0.1', 2),
(2293, 'customer', 3, 3, '列表', '2017-12-13 14:32:42', '127.0.0.1', 2),
(2291, 'customer', 3, 3, 'id:24', '2017-12-13 14:32:36', '127.0.0.1', 4),
(2292, 'customer', 3, 5, '列表', '2017-12-13 14:32:39', '127.0.0.1', 2),
(2826, 'admin', 5, 3, '列表', '2017-12-15 10:57:31', '127.0.0.1', 2),
(2825, 'admin', 5, 2, '列表', '2017-12-15 10:57:11', '127.0.0.1', 2),
(2824, 'admin', 5, 3, '列表', '2017-12-15 10:55:49', '127.0.0.1', 2),
(2823, 'admin', 5, 2, 'id:10', '2017-12-15 10:55:48', '127.0.0.1', 8),
(2822, 'admin', 5, 2, '列表', '2017-12-15 10:55:43', '127.0.0.1', 2),
(2821, 'admin', 5, 3, '列表', '2017-12-15 10:55:22', '127.0.0.1', 2),
(2820, 'admin', 5, 2, '列表', '2017-12-15 10:53:30', '127.0.0.1', 2),
(2819, 'admin', 5, 3, '列表', '2017-12-15 10:52:54', '127.0.0.1', 2),
(2818, 'admin', 5, 2, '列表', '2017-12-15 10:52:47', '127.0.0.1', 2),
(2817, 'admin', 5, 3, '列表', '2017-12-15 10:52:43', '127.0.0.1', 2),
(2816, 'admin', 5, 2, '列表', '2017-12-15 10:52:41', '127.0.0.1', 2),
(2815, 'admin', 5, 3, '列表', '2017-12-15 10:52:26', '127.0.0.1', 2),
(2814, 'admin', 5, 2, 'id:8', '2017-12-15 10:52:24', '127.0.0.1', 8),
(2813, 'admin', 5, 2, '列表', '2017-12-15 10:52:18', '127.0.0.1', 2),
(2812, 'admin', 5, 3, '列表', '2017-12-15 10:48:30', '127.0.0.1', 2),
(2811, 'admin', 5, 2, '列表', '2017-12-15 10:39:17', '127.0.0.1', 2),
(2810, 'admin', 4, 6, '列表', '2017-12-15 10:39:10', '127.0.0.1', 2),
(2809, 'admin', 5, 2, '列表', '2017-12-15 10:37:48', '127.0.0.1', 2),
(2808, 'admin', 5, 1, '列表', '2017-12-15 10:37:47', '127.0.0.1', 2),
(2807, 'admin', 5, 2, '列表', '2017-12-15 10:36:18', '127.0.0.1', 2),
(2806, 'admin', 5, 2, 'id:3', '2017-12-15 10:36:15', '127.0.0.1', 8),
(2805, 'admin', 5, 2, '列表', '2017-12-15 10:32:47', '127.0.0.1', 2),
(2804, 'admin', 5, 2, 'id:3', '2017-12-15 10:31:36', '127.0.0.1', 8),
(2803, 'admin', 5, 2, '列表', '2017-12-15 10:19:50', '127.0.0.1', 2),
(2802, 'admin', 5, 1, '列表', '2017-12-15 10:19:18', '127.0.0.1', 2),
(2801, 'admin', 5, 2, '列表', '2017-12-15 10:17:26', '127.0.0.1', 2),
(2800, 'admin', 4, 4, '列表', '2017-12-15 10:14:40', '127.0.0.1', 2),
(2799, 'admin', 5, 2, '列表', '2017-12-15 09:43:35', '127.0.0.1', 2),
(2798, 'admin', 5, 1, '列表', '2017-12-15 09:43:00', '127.0.0.1', 2),
(2797, 'admin', 5, 2, '列表', '2017-12-15 09:42:56', '127.0.0.1', 2),
(2796, 'admin', 5, 1, '列表', '2017-12-15 09:15:56', '127.0.0.1', 2),
(2795, 'admin', 5, 2, '列表', '2017-12-15 09:14:49', '127.0.0.1', 2),
(2794, 'admin', 0, 0, 'admin登入成功', '2017-12-15 09:12:47', '127.0.0.1', 1),
(2793, 'admin', 5, 2, '列表', '2017-12-14 17:31:22', '127.0.0.1', 2),
(2792, 'admin', 5, 1, 'id:4', '2017-12-14 17:31:20', '127.0.0.1', 8),
(2791, 'admin', 5, 1, '列表', '2017-12-14 17:31:00', '127.0.0.1', 2),
(2790, 'admin', 5, 2, '列表', '2017-12-14 17:17:39', '127.0.0.1', 2),
(2789, 'admin', 5, 1, '列表', '2017-12-14 17:17:10', '127.0.0.1', 2),
(2788, 'admin', 5, 2, '列表', '2017-12-14 17:16:38', '127.0.0.1', 2),
(2787, 'admin', 5, 1, '列表', '2017-12-14 17:16:26', '127.0.0.1', 2),
(2786, 'admin', 5, 2, '列表', '2017-12-14 15:31:35', '127.0.0.1', 2),
(2785, 'admin', 5, 1, '列表', '2017-12-14 15:28:54', '127.0.0.1', 2),
(2784, 'admin', 5, 2, '列表', '2017-12-14 15:28:51', '127.0.0.1', 2),
(2783, 'admin', 5, 1, '3筆資料(\'3\',\'2\',\'1\')', '2017-12-14 15:28:16', '127.0.0.1', 16),
(2782, 'admin', 5, 1, '列表', '2017-12-14 15:27:25', '127.0.0.1', 2),
(2781, 'admin', 5, 1, 'id:4', '2017-12-14 15:27:02', '127.0.0.1', 4),
(2780, 'admin', 5, 1, '列表', '2017-12-14 15:18:42', '127.0.0.1', 2),
(2779, 'admin', 4, 3, '列表', '2017-12-14 15:10:51', '127.0.0.1', 2),
(2778, 'admin', 5, 2, '列表', '2017-12-14 15:10:45', '127.0.0.1', 2),
(2777, 'admin', 4, 3, '列表', '2017-12-14 15:10:06', '127.0.0.1', 2),
(2776, 'admin', 4, 5, '列表', '2017-12-14 15:06:01', '127.0.0.1', 2),
(2775, 'admin', 4, 4, '列表', '2017-12-14 14:54:27', '127.0.0.1', 2),
(2774, 'admin', 0, 0, 'admin登入成功', '2017-12-14 14:52:52', '127.0.0.1', 1),
(2773, 'admin', 2, 1, '列表', '2017-12-14 14:52:41', '127.0.0.1', 2),
(2772, 'admin', 2, 1, '系統管理員 id:2', '2017-12-14 14:52:14', '127.0.0.1', 8),
(2771, 'admin', 2, 1, '列表', '2017-12-14 14:52:06', '127.0.0.1', 2),
(2770, 'admin', 2, 1, '系統管理員 id:2', '2017-12-14 14:52:03', '127.0.0.1', 8),
(2769, 'admin', 2, 1, '列表', '2017-12-14 14:51:58', '127.0.0.1', 2),
(2768, 'admin', 0, 0, 'admin登入成功', '2017-12-14 14:41:46', '127.0.0.1', 1),
(2767, 'customer', 4, 2, '列表', '2017-12-14 13:56:46', '127.0.0.1', 2),
(2766, 'customer', 4, 3, '列表', '2017-12-14 13:56:45', '127.0.0.1', 2),
(2765, 'customer', 4, 4, '列表', '2017-12-14 12:16:49', '127.0.0.1', 2),
(2764, 'customer', 4, 6, '列表', '2017-12-14 12:16:48', '127.0.0.1', 2),
(2763, 'customer', 4, 4, '列表', '2017-12-14 12:16:47', '127.0.0.1', 2),
(2762, 'customer', 4, 3, '列表', '2017-12-14 12:16:46', '127.0.0.1', 2),
(2761, 'customer', 4, 4, '列表', '2017-12-14 12:16:39', '127.0.0.1', 2),
(2760, 'customer', 4, 6, '列表', '2017-12-14 12:16:36', '127.0.0.1', 2),
(2759, 'customer', 4, 4, '列表', '2017-12-14 12:16:08', '127.0.0.1', 2),
(2758, 'customer', 4, 6, '列表', '2017-12-14 12:16:02', '127.0.0.1', 2),
(2757, 'customer', 4, 4, '列表', '2017-12-14 12:15:58', '127.0.0.1', 2),
(2756, 'customer', 4, 3, '列表', '2017-12-14 12:12:50', '127.0.0.1', 2),
(2755, 'customer', 4, 6, '列表', '2017-12-14 12:12:49', '127.0.0.1', 2),
(2754, 'customer', 4, 4, '列表', '2017-12-14 12:12:16', '127.0.0.1', 2),
(2753, 'customer', 4, 6, '列表', '2017-12-14 12:11:58', '127.0.0.1', 2),
(2752, 'customer', 4, 4, '列表', '2017-12-14 12:11:57', '127.0.0.1', 2),
(2751, 'customer', 4, 2, '列表', '2017-12-14 12:11:52', '127.0.0.1', 2),
(2750, 'customer', 4, 3, '列表', '2017-12-14 12:11:34', '127.0.0.1', 2),
(2749, 'customer', 4, 6, '列表', '2017-12-14 12:11:33', '127.0.0.1', 2),
(2748, 'customer', 4, 4, '列表', '2017-12-14 12:07:37', '127.0.0.1', 2),
(2747, 'customer', 4, 6, '列表', '2017-12-14 12:07:34', '127.0.0.1', 2),
(2746, 'customer', 4, 4, 'id:92', '2017-12-14 12:07:27', '127.0.0.1', 8),
(2745, 'money', 4, 5, 'id:92', '2017-12-14 12:07:25', '127.0.0.1', 8),
(2744, 'money', 4, 5, '列表', '2017-12-14 12:07:16', '127.0.0.1', 2),
(2743, 'customer', 4, 4, 'id:92', '2017-12-14 12:07:12', '127.0.0.1', 4),
(2742, 'customer', 4, 4, '列表', '2017-12-14 12:06:41', '127.0.0.1', 2),
(2741, 'money', 3, 5, '列表', '2017-12-14 12:06:15', '127.0.0.1', 2),
(2740, 'money', 3, 4, 'id:31', '2017-12-14 12:06:11', '127.0.0.1', 8),
(2739, 'customer', 3, 3, 'id:31', '2017-12-14 12:06:07', '127.0.0.1', 8),
(2738, 'money', 3, 4, '列表', '2017-12-14 12:06:00', '127.0.0.1', 2),
(2737, 'customer', 3, 3, 'id:31', '2017-12-14 12:05:57', '127.0.0.1', 4),
(2736, 'money', 3, 5, '列表', '2017-12-14 12:05:41', '127.0.0.1', 2),
(2735, 'customer', 3, 3, 'id:30', '2017-12-14 12:05:36', '127.0.0.1', 8),
(2734, 'money', 3, 4, 'id:30', '2017-12-14 12:05:33', '127.0.0.1', 8),
(2733, 'money', 3, 4, '列表', '2017-12-14 12:05:25', '127.0.0.1', 2),
(2732, 'money', 0, 0, 'money登入成功', '2017-12-14 12:05:19', '127.0.0.1', 1),
(2731, 'customer', 3, 3, 'id:30', '2017-12-14 12:05:09', '127.0.0.1', 4),
(2730, 'customer', 3, 3, '列表', '2017-12-14 12:04:52', '127.0.0.1', 2),
(2729, 'customer', 0, 0, 'customer登入成功', '2017-12-14 12:04:46', '127.0.0.1', 1),
(2728, 'admin', 3, 3, '列表', '2017-12-14 12:04:32', '127.0.0.1', 2),
(2827, 'admin', 5, 2, '列表', '2017-12-19 14:31:46', '127.0.0.1', 2),
(2828, 'admin', 4, 4, '列表', '2017-12-19 14:31:49', '127.0.0.1', 2),
(2829, 'admin', 4, 5, '列表', '2017-12-19 14:31:51', '127.0.0.1', 2),
(2830, 'admin', 4, 4, '列表', '2017-12-19 14:32:08', '127.0.0.1', 2),
(2831, 'admin', 4, 5, '列表', '2017-12-19 14:32:09', '127.0.0.1', 2),
(2832, 'admin', 4, 6, '列表', '2017-12-19 14:32:10', '127.0.0.1', 2),
(2833, 'admin', 4, 5, '列表', '2017-12-19 14:32:12', '127.0.0.1', 2),
(2834, 'admin', 4, 4, '列表', '2017-12-19 14:32:13', '127.0.0.1', 2),
(2835, 'admin', 3, 3, '列表', '2017-12-19 14:32:15', '127.0.0.1', 2),
(2836, 'admin', 3, 4, '列表', '2017-12-19 14:33:10', '127.0.0.1', 2),
(2837, 'admin', 3, 3, '列表', '2017-12-19 14:33:15', '127.0.0.1', 2),
(2838, 'admin', 3, 4, '列表', '2017-12-19 14:33:19', '127.0.0.1', 2),
(2839, 'admin', 3, 3, '列表', '2017-12-19 14:33:32', '127.0.0.1', 2),
(2840, 'admin', 5, 2, '列表', '2017-12-19 14:33:35', '127.0.0.1', 2),
(2841, 'admin', 4, 4, '列表', '2017-12-19 14:33:38', '127.0.0.1', 2),
(2842, 'admin', 4, 5, '列表', '2017-12-19 14:33:40', '127.0.0.1', 2),
(2843, 'admin', 3, 3, '列表', '2017-12-19 14:33:48', '127.0.0.1', 2),
(2844, 'admin', 3, 4, '列表', '2017-12-19 14:33:58', '127.0.0.1', 2),
(2845, 'admin', 3, 2, '列表', '2017-12-19 14:43:45', '127.0.0.1', 2),
(2846, 'admin', 3, 3, '列表', '2017-12-19 14:43:46', '127.0.0.1', 2),
(2847, 'admin', 3, 1, '列表', '2017-12-19 14:56:35', '127.0.0.1', 2),
(2848, 'admin', 4, 1, '列表', '2017-12-19 14:59:16', '127.0.0.1', 2),
(2849, 'admin', 4, 4, '列表', '2017-12-19 14:59:18', '127.0.0.1', 2),
(2850, 'admin', 4, 1, '列表', '2017-12-19 14:59:20', '127.0.0.1', 2),
(2851, 'admin', 3, 1, '列表', '2017-12-19 15:07:12', '127.0.0.1', 2),
(2852, 'admin', 3, 2, '列表', '2017-12-19 15:07:13', '127.0.0.1', 2),
(2853, 'admin', 2, 1, '列表', '2017-12-19 15:14:53', '127.0.0.1', 2),
(2854, 'admin', 2, 1, '系統管理員 id:2', '2017-12-19 15:15:01', '127.0.0.1', 8),
(2855, 'admin', 2, 1, '列表', '2017-12-19 15:15:26', '127.0.0.1', 2),
(2856, 'admin', 2, 1, '系統管理員 id:2', '2017-12-19 15:15:31', '127.0.0.1', 8),
(2857, 'admin', 2, 1, '列表', '2017-12-19 15:15:33', '127.0.0.1', 2),
(2858, 'admin', 2, 1, '系統管理員 id:2', '2017-12-19 15:15:45', '127.0.0.1', 8),
(2859, 'admin', 0, 0, 'admin登入成功', '2017-12-19 15:15:56', '127.0.0.1', 1),
(2860, 'admin', 2, 1, '列表', '2017-12-19 15:32:10', '127.0.0.1', 2),
(2861, 'admin', 2, 1, '系統管理員 id:2', '2017-12-19 15:32:14', '127.0.0.1', 8),
(2862, 'admin', 0, 0, 'admin登入成功', '2017-12-19 15:32:27', '127.0.0.1', 1),
(2863, 'admin', 6, 1, '列表', '2017-12-19 16:08:20', '127.0.0.1', 2),
(2864, 'admin', 6, 1, 'Facebookaddd id:4', '2017-12-19 16:09:53', '127.0.0.1', 8),
(2865, 'admin', 6, 1, 'Facebook id:4', '2017-12-19 16:10:04', '127.0.0.1', 8),
(2866, 'admin', 6, 1, 'tres id:0', '2017-12-19 16:10:08', '127.0.0.1', 4),
(2867, 'admin', 6, 1, '1筆資料(\'0\')', '2017-12-19 16:10:11', '127.0.0.1', 16),
(2868, 'admin', 6, 1, '列表', '2017-12-19 16:10:17', '127.0.0.1', 2),
(2869, 'admin', 6, 2, '列表', '2017-12-19 16:12:08', '127.0.0.1', 2),
(2870, 'admin', 6, 2, 'id:3', '2017-12-19 16:16:37', '127.0.0.1', 8),
(2871, 'admin', 6, 2, 'id:0', '2017-12-19 16:16:45', '127.0.0.1', 4),
(2872, 'admin', 6, 2, '列表', '2017-12-19 16:27:17', '127.0.0.1', 2),
(2873, 'admin', 6, 1, '列表', '2017-12-19 16:35:25', '127.0.0.1', 2),
(2874, 'admin', 6, 2, '列表', '2017-12-19 16:36:45', '127.0.0.1', 2),
(2875, 'admin', 6, 1, '列表', '2017-12-19 16:39:01', '127.0.0.1', 2),
(2876, 'admin', 6, 2, '列表', '2017-12-19 16:39:03', '127.0.0.1', 2),
(2877, 'admin', 6, 1, '列表', '2017-12-19 16:41:37', '127.0.0.1', 2),
(2878, 'admin', 6, 2, '列表', '2017-12-19 16:48:56', '127.0.0.1', 2),
(2879, 'admin', 6, 2, '1筆資料(\'0\')', '2017-12-19 16:50:50', '127.0.0.1', 16),
(2880, 'admin', 6, 2, '列表', '2017-12-19 16:51:27', '127.0.0.1', 2),
(2881, 'admin', 6, 1, '列表', '2017-12-19 16:56:14', '127.0.0.1', 2),
(2882, 'admin', 6, 2, '列表', '2017-12-19 16:56:39', '127.0.0.1', 2),
(2883, 'admin', 1, 1, '列表', '2017-12-19 16:58:54', '127.0.0.1', 2),
(2884, 'admin', 6, 1, '列表', '2017-12-19 16:58:59', '127.0.0.1', 2),
(2885, 'admin', 6, 2, '列表', '2017-12-19 16:59:00', '127.0.0.1', 2),
(2886, 'admin', 6, 2, '2筆資料(\'1\',\'2\')', '2017-12-19 17:15:15', '127.0.0.1', 16),
(2887, 'admin', 6, 2, '列表', '2017-12-19 17:20:47', '127.0.0.1', 2),
(2888, 'admin', 6, 1, '列表', '2017-12-19 17:26:01', '127.0.0.1', 2),
(2889, 'admin', 6, 2, '列表', '2017-12-19 17:26:02', '127.0.0.1', 2),
(2890, 'admin', 6, 1, '列表', '2017-12-19 17:35:57', '127.0.0.1', 2),
(2891, 'admin', 6, 2, '列表', '2017-12-19 17:36:03', '127.0.0.1', 2),
(2892, 'admin', 6, 1, '列表', '2017-12-19 17:36:07', '127.0.0.1', 2),
(2893, 'admin', 6, 2, '列表', '2017-12-19 17:36:08', '127.0.0.1', 2),
(2894, 'admin', 6, 1, '列表', '2017-12-19 17:41:42', '127.0.0.1', 2),
(2895, 'admin', 6, 2, '列表', '2017-12-19 17:41:43', '127.0.0.1', 2),
(2896, 'admin', 6, 1, '列表', '2017-12-19 17:41:44', '127.0.0.1', 2),
(2897, 'admin', 6, 2, '列表', '2017-12-19 17:41:46', '127.0.0.1', 2),
(2898, 'admin', 6, 1, '列表', '2017-12-19 17:42:43', '127.0.0.1', 2),
(2899, 'admin', 6, 2, '列表', '2017-12-19 17:42:44', '127.0.0.1', 2),
(2900, 'admin', 0, 0, 'admin登入成功', '2017-12-20 09:19:27', '127.0.0.1', 1),
(2901, 'admin', 6, 2, '列表', '2017-12-20 09:19:35', '127.0.0.1', 2),
(2902, 'admin', 6, 1, '列表', '2017-12-20 09:44:26', '127.0.0.1', 2),
(2903, 'admin', 6, 2, '列表', '2017-12-20 09:44:28', '127.0.0.1', 2),
(2904, 'admin', 6, 1, '列表', '2017-12-20 09:51:20', '127.0.0.1', 2),
(2905, 'admin', 6, 2, '列表', '2017-12-20 09:51:21', '127.0.0.1', 2),
(2906, 'admin', 6, 1, '列表', '2017-12-20 10:01:42', '127.0.0.1', 2),
(2907, 'admin', 6, 2, '列表', '2017-12-20 10:01:47', '127.0.0.1', 2),
(2908, 'admin', 6, 3, '列表', '2017-12-20 10:10:58', '127.0.0.1', 2),
(2909, 'admin', 6, 3, 'id:0', '2017-12-20 10:19:49', '127.0.0.1', 4),
(2910, 'admin', 6, 3, '1筆資料(\'0\')', '2017-12-20 10:20:01', '127.0.0.1', 16),
(2911, 'admin', 6, 3, 'id:0', '2017-12-20 10:20:56', '127.0.0.1', 4),
(2912, 'admin', 6, 3, '列表', '2017-12-20 10:21:57', '127.0.0.1', 2),
(2913, 'admin', 6, 2, '列表', '2017-12-20 10:22:01', '127.0.0.1', 2),
(2914, 'admin', 6, 1, '列表', '2017-12-20 10:22:03', '127.0.0.1', 2),
(2915, 'admin', 6, 3, '列表', '2017-12-20 10:22:04', '127.0.0.1', 2),
(2916, 'admin', 6, 1, '列表', '2017-12-20 10:23:02', '127.0.0.1', 2),
(2917, 'admin', 6, 2, '列表', '2017-12-20 10:23:04', '127.0.0.1', 2),
(2918, 'admin', 6, 3, '列表', '2017-12-20 10:23:06', '127.0.0.1', 2),
(2919, 'admin', 3, 1, '列表', '2017-12-20 10:23:15', '127.0.0.1', 2),
(2920, 'admin', 3, 2, '列表', '2017-12-20 10:23:21', '127.0.0.1', 2),
(2921, 'admin', 6, 3, '列表', '2017-12-20 10:23:36', '127.0.0.1', 2),
(2922, 'admin', 6, 3, 'id:2', '2017-12-20 10:29:45', '127.0.0.1', 4),
(2923, 'admin', 6, 1, '列表', '2017-12-20 10:30:24', '127.0.0.1', 2),
(2924, 'admin', 6, 2, '列表', '2017-12-20 10:30:26', '127.0.0.1', 2),
(2925, 'admin', 6, 3, '列表', '2017-12-20 10:30:29', '127.0.0.1', 2),
(2926, 'admin', 6, 3, 'id:1', '2017-12-20 10:36:39', '127.0.0.1', 8),
(2927, 'admin', 6, 2, '列表', '2017-12-20 10:37:07', '127.0.0.1', 2),
(2928, 'admin', 6, 1, '列表', '2017-12-20 10:37:08', '127.0.0.1', 2),
(2929, 'admin', 6, 3, '列表', '2017-12-20 10:39:10', '127.0.0.1', 2),
(2930, 'admin', 6, 1, '列表', '2017-12-20 10:39:21', '127.0.0.1', 2),
(2931, 'admin', 6, 2, '列表', '2017-12-20 10:39:24', '127.0.0.1', 2),
(2932, 'admin', 6, 3, '列表', '2017-12-20 10:39:28', '127.0.0.1', 2),
(2933, 'admin', 6, 2, '列表', '2017-12-20 10:41:33', '127.0.0.1', 2),
(2934, 'admin', 6, 1, '列表', '2017-12-20 10:41:34', '127.0.0.1', 2),
(2935, 'admin', 6, 3, '列表', '2017-12-20 10:41:35', '127.0.0.1', 2),
(2936, 'admin', 6, 1, '列表', '2017-12-20 10:49:08', '127.0.0.1', 2),
(2937, 'admin', 6, 3, '列表', '2017-12-20 10:49:38', '127.0.0.1', 2),
(2938, 'admin', 6, 1, '列表', '2017-12-20 10:49:44', '127.0.0.1', 2),
(2939, 'admin', 6, 3, '列表', '2017-12-20 10:50:07', '127.0.0.1', 2),
(2940, 'admin', 3, 2, '列表', '2017-12-20 10:53:37', '127.0.0.1', 2),
(2941, 'admin', 3, 3, '列表', '2017-12-20 10:54:28', '127.0.0.1', 2),
(2942, 'admin', 6, 2, '列表', '2017-12-20 10:56:50', '127.0.0.1', 2),
(2943, 'admin', 3, 3, '列表', '2017-12-20 10:57:00', '127.0.0.1', 2),
(2944, 'admin', 3, 3, 'id:44', '2017-12-20 12:05:37', '127.0.0.1', 4),
(2945, 'admin', 3, 3, '列表', '2017-12-20 12:07:08', '127.0.0.1', 2),
(2946, 'admin', 3, 3, 'id:45', '2017-12-20 12:11:51', '127.0.0.1', 4),
(2947, 'admin', 3, 3, '列表', '2017-12-20 12:12:06', '127.0.0.1', 2),
(2948, 'admin', 3, 3, 'id:45', '2017-12-20 13:33:51', '127.0.0.1', 8),
(2949, 'admin', 3, 3, '列表', '2017-12-20 13:35:34', '127.0.0.1', 2),
(2950, 'admin', 3, 3, 'id:45', '2017-12-20 13:35:38', '127.0.0.1', 8),
(2951, 'admin', 3, 3, '列表', '2017-12-20 13:36:22', '127.0.0.1', 2),
(2952, 'admin', 3, 3, 'id:45', '2017-12-20 13:38:40', '127.0.0.1', 8),
(2953, 'admin', 3, 3, '列表', '2017-12-20 13:43:07', '127.0.0.1', 2),
(2954, 'admin', 3, 3, 'id:45', '2017-12-20 13:43:10', '127.0.0.1', 8),
(2955, 'admin', 3, 3, 'id:46', '2017-12-20 13:43:26', '127.0.0.1', 4),
(2956, 'admin', 0, 0, 'admin登入成功', '2017-12-20 13:43:44', '127.0.0.1', 1),
(2957, 'admin', 3, 4, '列表', '2017-12-20 13:44:52', '127.0.0.1', 2),
(2958, 'admin', 3, 3, '列表', '2017-12-20 13:47:50', '127.0.0.1', 2),
(2959, 'admin', 3, 4, '列表', '2017-12-20 13:47:56', '127.0.0.1', 2),
(2960, 'admin', 3, 4, 'id:46', '2017-12-20 13:48:56', '127.0.0.1', 8),
(2961, 'money', 0, 0, 'money登入成功', '2017-12-20 13:49:26', '127.0.0.1', 1),
(2962, 'money', 3, 4, '列表', '2017-12-20 13:49:30', '127.0.0.1', 2),
(2963, 'money', 3, 4, 'id:46', '2017-12-20 13:49:35', '127.0.0.1', 8),
(2964, 'admin', 3, 4, '列表', '2017-12-20 13:49:35', '127.0.0.1', 2),
(2965, 'admin', 3, 3, '列表', '2017-12-20 13:49:37', '127.0.0.1', 2),
(2966, 'admin', 3, 3, 'id:46', '2017-12-20 13:49:46', '127.0.0.1', 8),
(2967, 'admin', 3, 3, '列表', '2017-12-20 13:52:11', '127.0.0.1', 2),
(2968, 'admin', 3, 3, 'id:46', '2017-12-20 13:52:32', '127.0.0.1', 8),
(2969, 'admin', 3, 3, '列表', '2017-12-20 13:52:52', '127.0.0.1', 2),
(2970, 'admin', 3, 3, 'id:46', '2017-12-20 13:55:37', '127.0.0.1', 8),
(2971, 'admin', 3, 3, '列表', '2017-12-20 13:57:04', '127.0.0.1', 2),
(2972, 'admin', 3, 3, 'id:46', '2017-12-20 13:57:18', '127.0.0.1', 8),
(2973, 'admin', 3, 3, 'id:47', '2017-12-20 13:57:24', '127.0.0.1', 4),
(2974, 'admin', 3, 3, 'id:48', '2017-12-20 13:57:31', '127.0.0.1', 4),
(2975, 'admin', 3, 3, '列表', '2017-12-20 13:59:25', '127.0.0.1', 2),
(2976, 'money', 3, 4, '列表', '2017-12-20 13:59:59', '127.0.0.1', 2),
(2977, 'money', 3, 4, 'id:46', '2017-12-20 14:00:04', '127.0.0.1', 8),
(2978, 'admin', 3, 3, 'id:46', '2017-12-20 14:00:08', '127.0.0.1', 8),
(2979, 'admin', 3, 3, '列表', '2017-12-20 14:02:53', '127.0.0.1', 2),
(2980, 'admin', 3, 3, 'id:45', '2017-12-20 14:03:01', '127.0.0.1', 8),
(2981, 'admin', 3, 3, '列表', '2017-12-20 14:04:35', '127.0.0.1', 2),
(2982, 'admin', 3, 3, 'id:45', '2017-12-20 14:05:08', '127.0.0.1', 8),
(2983, 'admin', 3, 3, '列表', '2017-12-20 14:07:27', '127.0.0.1', 2),
(2984, 'admin', 3, 3, 'id:45', '2017-12-20 14:07:31', '127.0.0.1', 8),
(2985, 'admin', 3, 3, '列表', '2017-12-20 14:12:08', '127.0.0.1', 2),
(2986, 'admin', 3, 3, 'id:45', '2017-12-20 14:13:24', '127.0.0.1', 8),
(2987, 'admin', 3, 3, '列表', '2017-12-20 14:16:14', '127.0.0.1', 2),
(2988, 'admin', 3, 3, 'id:45', '2017-12-20 14:16:21', '127.0.0.1', 8),
(2989, 'admin', 3, 3, '列表', '2017-12-20 14:17:41', '127.0.0.1', 2),
(2990, 'admin', 3, 3, 'id:45', '2017-12-20 14:17:47', '127.0.0.1', 8),
(2991, 'admin', 3, 3, '列表', '2017-12-20 14:18:19', '127.0.0.1', 2),
(2992, 'admin', 3, 3, 'id:45', '2017-12-20 14:18:22', '127.0.0.1', 8),
(2993, 'admin', 3, 3, '列表', '2017-12-20 14:18:43', '127.0.0.1', 2),
(2994, 'admin', 3, 3, 'id:45', '2017-12-20 14:18:47', '127.0.0.1', 8),
(2995, 'admin', 3, 3, 'id:46', '2017-12-20 14:18:58', '127.0.0.1', 8),
(2996, 'admin', 3, 3, '列表', '2017-12-20 14:19:32', '127.0.0.1', 2),
(2997, 'admin', 3, 3, 'id:46', '2017-12-20 14:19:35', '127.0.0.1', 8),
(2998, 'admin', 3, 3, 'id:45', '2017-12-20 14:19:40', '127.0.0.1', 8),
(2999, 'admin', 3, 3, '列表', '2017-12-20 14:19:52', '127.0.0.1', 2),
(3000, 'admin', 3, 3, 'id:46', '2017-12-20 14:20:00', '127.0.0.1', 8),
(3001, 'admin', 3, 3, '列表', '2017-12-20 14:22:30', '127.0.0.1', 2),
(3002, 'admin', 3, 3, 'id:49', '2017-12-20 14:25:00', '127.0.0.1', 4),
(3003, 'money', 3, 4, '列表', '2017-12-20 14:25:03', '127.0.0.1', 2),
(3004, 'money', 3, 4, 'id:49', '2017-12-20 14:25:15', '127.0.0.1', 8),
(3005, 'admin', 3, 3, 'id:49', '2017-12-20 14:25:18', '127.0.0.1', 8),
(3006, 'admin', 3, 3, '列表', '2017-12-20 14:28:33', '127.0.0.1', 2),
(3007, 'admin', 3, 3, 'id:45', '2017-12-20 15:31:43', '127.0.0.1', 8),
(3008, 'admin', 3, 4, '列表', '2017-12-20 15:32:55', '127.0.0.1', 2),
(3009, 'admin', 3, 5, '列表', '2017-12-20 15:33:20', '127.0.0.1', 2),
(3010, 'admin', 3, 4, '列表', '2017-12-20 15:36:04', '127.0.0.1', 2),
(3011, 'admin', 3, 3, '列表', '2017-12-20 15:36:05', '127.0.0.1', 2),
(3012, 'admin', 3, 5, '列表', '2017-12-20 15:36:06', '127.0.0.1', 2),
(3013, 'admin', 3, 4, '列表', '2017-12-20 15:36:45', '127.0.0.1', 2),
(3014, 'admin', 3, 3, '列表', '2017-12-20 15:36:46', '127.0.0.1', 2),
(3015, 'admin', 3, 5, '列表', '2017-12-20 15:36:47', '127.0.0.1', 2),
(3016, 'admin', 3, 4, '列表', '2017-12-20 15:51:33', '127.0.0.1', 2),
(3017, 'admin', 3, 3, '列表', '2017-12-20 15:51:34', '127.0.0.1', 2),
(3018, 'admin', 4, 4, '列表', '2017-12-20 15:52:27', '127.0.0.1', 2),
(3019, 'admin', 4, 4, 'id:95', '2017-12-20 16:09:01', '127.0.0.1', 4),
(3020, 'admin', 4, 4, '列表', '2017-12-20 16:09:24', '127.0.0.1', 2),
(3021, 'admin', 4, 4, 'id:95', '2017-12-20 16:15:09', '127.0.0.1', 8),
(3022, 'admin', 4, 4, '列表', '2017-12-20 16:18:03', '127.0.0.1', 2),
(3023, 'admin', 4, 5, '列表', '2017-12-20 16:18:19', '127.0.0.1', 2),
(3024, 'admin', 4, 4, '列表', '2017-12-20 16:29:32', '127.0.0.1', 2),
(3025, 'admin', 4, 4, 'id:96', '2017-12-20 16:29:42', '127.0.0.1', 4),
(3026, 'admin', 4, 5, '列表', '2017-12-20 16:29:44', '127.0.0.1', 2),
(3027, 'admin', 4, 4, '列表', '2017-12-20 16:29:53', '127.0.0.1', 2),
(3028, 'admin', 4, 5, '列表', '2017-12-20 16:30:01', '127.0.0.1', 2);
INSERT INTO `admin_log` (`al_id`, `a_username`, `al_main_key`, `al_fun_key`, `al_descript`, `al_createtime`, `al_ip`, `al_action`) VALUES
(3029, 'admin', 4, 5, 'id:96', '2017-12-20 16:31:05', '127.0.0.1', 8),
(3030, 'admin', 4, 5, 'id:95', '2017-12-20 16:31:12', '127.0.0.1', 8),
(3031, 'admin', 4, 5, '列表', '2017-12-20 16:31:55', '127.0.0.1', 2),
(3032, 'admin', 4, 4, '列表', '2017-12-20 16:32:20', '127.0.0.1', 2),
(3033, 'admin', 4, 5, '列表', '2017-12-20 16:32:21', '127.0.0.1', 2),
(3034, 'admin', 4, 6, '列表', '2017-12-20 16:33:23', '127.0.0.1', 2),
(3035, 'admin', 3, 5, '列表', '2017-12-20 16:35:58', '127.0.0.1', 2),
(3036, 'admin', 4, 6, '列表', '2017-12-20 16:36:03', '127.0.0.1', 2),
(3037, 'admin', 4, 4, '列表', '2017-12-20 16:39:34', '127.0.0.1', 2),
(3038, 'admin', 4, 4, 'id:97', '2017-12-20 16:39:45', '127.0.0.1', 4),
(3039, 'admin', 4, 6, '列表', '2017-12-20 16:39:55', '127.0.0.1', 2),
(3040, 'admin', 3, 5, '列表', '2017-12-20 16:41:33', '127.0.0.1', 2),
(3041, 'admin', 3, 3, '列表', '2017-12-20 16:41:38', '127.0.0.1', 2),
(3042, 'admin', 3, 3, 'id:50', '2017-12-20 16:41:50', '127.0.0.1', 4),
(3043, 'admin', 3, 5, '列表', '2017-12-20 16:41:58', '127.0.0.1', 2),
(3044, 'admin', 3, 3, '列表', '2017-12-20 16:44:32', '127.0.0.1', 2),
(3045, 'admin', 3, 3, 'id:51', '2017-12-20 16:44:43', '127.0.0.1', 4),
(3046, 'admin', 3, 5, '列表', '2017-12-20 16:44:44', '127.0.0.1', 2),
(3047, 'admin', 3, 3, '列表', '2017-12-20 16:45:51', '127.0.0.1', 2),
(3048, 'admin', 3, 5, '列表', '2017-12-20 16:45:56', '127.0.0.1', 2),
(3049, 'admin', 3, 4, '列表', '2017-12-20 16:51:58', '127.0.0.1', 2),
(3050, 'admin', 3, 3, '列表', '2017-12-20 16:51:59', '127.0.0.1', 2),
(3051, 'admin', 3, 5, '列表', '2017-12-20 16:52:06', '127.0.0.1', 2),
(3052, 'admin', 4, 6, '列表', '2017-12-20 16:56:57', '127.0.0.1', 2),
(3053, 'admin', 3, 5, '列表', '2017-12-20 16:57:01', '127.0.0.1', 2),
(3054, 'admin', 3, 3, '列表', '2017-12-20 16:58:28', '127.0.0.1', 2),
(3055, 'admin', 3, 4, '列表', '2017-12-20 16:58:33', '127.0.0.1', 2),
(3056, 'admin', 3, 5, '列表', '2017-12-20 16:58:38', '127.0.0.1', 2),
(3057, 'admin', 3, 4, '列表', '2017-12-20 16:58:44', '127.0.0.1', 2),
(3058, 'admin', 3, 4, 'id:51', '2017-12-20 16:58:49', '127.0.0.1', 8),
(3059, 'admin', 3, 5, '列表', '2017-12-20 16:58:50', '127.0.0.1', 2),
(3060, 'admin', 3, 3, '列表', '2017-12-20 17:00:12', '127.0.0.1', 2),
(3061, 'admin', 3, 3, 'id:52', '2017-12-20 17:00:24', '127.0.0.1', 4),
(3062, 'admin', 3, 5, '列表', '2017-12-20 17:00:28', '127.0.0.1', 2),
(3063, 'admin', 3, 3, '列表', '2017-12-20 17:01:01', '127.0.0.1', 2),
(3064, 'admin', 3, 3, 'id:53', '2017-12-20 17:01:16', '127.0.0.1', 4),
(3065, 'admin', 3, 5, '列表', '2017-12-20 17:01:18', '127.0.0.1', 2),
(3066, 'admin', 3, 3, '列表', '2017-12-20 17:01:23', '127.0.0.1', 2),
(3067, 'admin', 3, 5, '列表', '2017-12-20 17:01:38', '127.0.0.1', 2),
(3068, 'admin', 3, 4, '列表', '2017-12-20 17:01:39', '127.0.0.1', 2),
(3069, 'admin', 3, 4, 'id:53', '2017-12-20 17:01:44', '127.0.0.1', 8),
(3070, 'admin', 3, 5, '列表', '2017-12-20 17:01:46', '127.0.0.1', 2),
(3071, 'admin', 4, 5, '列表', '2017-12-20 17:01:50', '127.0.0.1', 2),
(3072, 'admin', 4, 6, '列表', '2017-12-20 17:01:53', '127.0.0.1', 2),
(3073, 'admin', 3, 3, '列表', '2017-12-20 17:02:00', '127.0.0.1', 2),
(3074, 'admin', 3, 2, '列表', '2017-12-20 17:02:02', '127.0.0.1', 2),
(3075, 'admin', 3, 1, '列表', '2017-12-20 17:02:04', '127.0.0.1', 2),
(3076, 'admin', 3, 4, '列表', '2017-12-20 17:02:06', '127.0.0.1', 2),
(3077, 'admin', 3, 5, '列表', '2017-12-20 17:02:08', '127.0.0.1', 2),
(3078, 'admin', 3, 3, '列表', '2017-12-20 17:02:18', '127.0.0.1', 2),
(3079, 'admin', 3, 4, '列表', '2017-12-20 17:02:24', '127.0.0.1', 2),
(3080, 'admin', 3, 5, '列表', '2017-12-20 17:02:26', '127.0.0.1', 2),
(3081, 'admin', 3, 2, '列表', '2017-12-20 17:02:28', '127.0.0.1', 2),
(3082, 'admin', 4, 5, '列表', '2017-12-20 17:02:31', '127.0.0.1', 2),
(3083, 'admin', 4, 4, '列表', '2017-12-20 17:02:37', '127.0.0.1', 2),
(3084, 'admin', 3, 2, '列表', '2017-12-20 17:02:40', '127.0.0.1', 2),
(3085, 'admin', 4, 5, '列表', '2017-12-20 17:03:08', '127.0.0.1', 2),
(3086, 'admin', 4, 6, '列表', '2017-12-20 17:04:29', '127.0.0.1', 2),
(3087, 'admin', 4, 5, '列表', '2017-12-20 17:04:32', '127.0.0.1', 2),
(3088, 'admin', 4, 5, 'id:95', '2017-12-20 17:04:36', '127.0.0.1', 8),
(3089, 'admin', 3, 3, '列表', '2017-12-20 17:05:05', '127.0.0.1', 2),
(3090, 'admin', 6, 2, '列表', '2017-12-20 17:05:23', '127.0.0.1', 2),
(3091, 'admin', 6, 2, 'id:0', '2017-12-20 17:09:38', '127.0.0.1', 4),
(3092, 'admin', 6, 2, '列表', '2017-12-20 17:12:50', '127.0.0.1', 2),
(3093, 'admin', 6, 2, 'id:0', '2017-12-20 17:25:44', '127.0.0.1', 4),
(3094, 'admin', 6, 2, '2筆資料(\'0\')', '2017-12-20 17:25:48', '127.0.0.1', 16),
(3095, 'admin', 6, 2, '列表', '2017-12-20 17:29:53', '127.0.0.1', 2),
(3096, 'admin', 6, 2, 'id:4', '2017-12-20 17:30:21', '127.0.0.1', 4),
(3097, 'admin', 6, 2, '列表', '2017-12-20 17:30:41', '127.0.0.1', 2),
(3098, 'admin', 6, 3, '列表', '2017-12-20 17:31:42', '127.0.0.1', 2),
(3099, 'admin', 4, 4, '列表', '2017-12-20 17:31:50', '127.0.0.1', 2),
(3100, 'admin', 4, 4, 'id:98', '2017-12-20 17:32:03', '127.0.0.1', 4),
(3101, 'admin', 4, 4, '列表', '2017-12-20 17:32:52', '127.0.0.1', 2),
(3102, 'admin', 6, 2, '列表', '2017-12-20 17:32:55', '127.0.0.1', 2),
(3103, 'admin', 6, 1, '列表', '2017-12-20 17:32:56', '127.0.0.1', 2),
(3104, 'admin', 6, 3, '列表', '2017-12-20 17:32:58', '127.0.0.1', 2),
(3105, 'admin', 6, 2, '列表', '2017-12-20 17:33:03', '127.0.0.1', 2),
(3106, 'admin', 6, 3, '列表', '2017-12-20 17:33:11', '127.0.0.1', 2),
(3107, 'admin', 3, 3, '列表', '2017-12-20 17:33:13', '127.0.0.1', 2),
(3108, 'admin', 6, 2, '列表', '2017-12-20 17:33:25', '127.0.0.1', 2),
(3109, 'admin', 6, 3, '列表', '2017-12-20 17:33:35', '127.0.0.1', 2),
(3110, 'admin', 6, 2, '列表', '2017-12-20 17:33:51', '127.0.0.1', 2),
(3111, 'admin', 3, 3, '列表', '2017-12-20 17:34:03', '127.0.0.1', 2),
(3112, 'admin', 3, 4, '列表', '2017-12-20 17:34:07', '127.0.0.1', 2),
(3113, 'admin', 3, 5, '列表', '2017-12-20 17:34:09', '127.0.0.1', 2),
(3114, 'admin', 4, 5, '列表', '2017-12-20 17:34:11', '127.0.0.1', 2),
(3115, 'admin', 4, 6, '列表', '2017-12-20 17:34:19', '127.0.0.1', 2),
(3116, 'admin', 4, 4, '列表', '2017-12-20 17:34:24', '127.0.0.1', 2),
(3117, 'admin', 4, 5, '列表', '2017-12-20 17:34:25', '127.0.0.1', 2),
(3118, 'admin', 6, 2, '列表', '2017-12-20 17:34:31', '127.0.0.1', 2),
(3119, 'admin', 6, 3, '列表', '2017-12-20 17:34:33', '127.0.0.1', 2),
(3120, 'admin', 6, 2, '列表', '2017-12-20 17:34:58', '127.0.0.1', 2),
(3121, 'admin', 6, 1, '列表', '2017-12-20 17:35:00', '127.0.0.1', 2),
(3122, 'admin', 6, 2, '列表', '2017-12-20 17:35:02', '127.0.0.1', 2),
(3123, 'admin', 6, 3, '列表', '2017-12-20 17:35:17', '127.0.0.1', 2),
(3124, 'admin', 6, 1, '列表', '2017-12-20 17:35:19', '127.0.0.1', 2),
(3125, 'admin', 6, 3, '列表', '2017-12-20 17:35:27', '127.0.0.1', 2),
(3126, 'admin', 6, 2, '列表', '2017-12-20 17:35:29', '127.0.0.1', 2),
(3127, 'admin', 3, 3, '列表', '2017-12-20 17:35:31', '127.0.0.1', 2),
(3128, 'admin', 3, 4, '列表', '2017-12-20 17:35:34', '127.0.0.1', 2),
(3129, 'admin', 3, 5, '列表', '2017-12-20 17:36:30', '127.0.0.1', 2),
(3130, 'admin', 3, 3, '列表', '2017-12-20 17:36:32', '127.0.0.1', 2),
(3131, 'admin', 3, 4, '列表', '2017-12-20 17:36:34', '127.0.0.1', 2),
(3132, 'admin', 3, 5, '列表', '2017-12-20 17:36:35', '127.0.0.1', 2),
(3133, 'admin', 0, 0, 'admin登入成功', '2017-12-21 09:20:58', '127.0.0.1', 1),
(3134, 'admin', 4, 4, '列表', '2017-12-21 09:24:49', '127.0.0.1', 2),
(3135, 'admin', 4, 4, 'id:97', '2017-12-21 09:24:57', '127.0.0.1', 8),
(3136, 'admin', 4, 4, 'id:95', '2017-12-21 09:25:03', '127.0.0.1', 8),
(3137, 'admin', 4, 5, '列表', '2017-12-21 09:25:23', '127.0.0.1', 2),
(3138, 'admin', 4, 6, '列表', '2017-12-21 09:25:24', '127.0.0.1', 2),
(3139, 'admin', 4, 4, '列表', '2017-12-21 09:25:25', '127.0.0.1', 2),
(3140, 'admin', 4, 4, 'id:96', '2017-12-21 09:29:31', '127.0.0.1', 8),
(3141, 'admin', 3, 3, '列表', '2017-12-21 09:29:56', '127.0.0.1', 2),
(3142, 'admin', 4, 4, '列表', '2017-12-21 09:37:00', '127.0.0.1', 2),
(3143, 'admin', 3, 3, '列表', '2017-12-21 09:37:03', '127.0.0.1', 2),
(3144, 'admin', 3, 3, 'id:53', '2017-12-21 09:37:09', '127.0.0.1', 8),
(3145, 'admin', 3, 3, 'id:54', '2017-12-21 09:37:27', '127.0.0.1', 4),
(3146, 'admin', 3, 3, '列表', '2017-12-21 09:40:58', '127.0.0.1', 2),
(3147, 'admin', 3, 3, 'id:55', '2017-12-21 09:41:11', '127.0.0.1', 4),
(3148, 'admin', 3, 3, 'id:55', '2017-12-21 09:41:19', '127.0.0.1', 8),
(3149, 'admin', 3, 3, 'id:53', '2017-12-21 09:41:29', '127.0.0.1', 8),
(3150, 'admin', 3, 4, '列表', '2017-12-21 09:44:48', '127.0.0.1', 2),
(3151, 'admin', 3, 3, '列表', '2017-12-21 09:44:49', '127.0.0.1', 2),
(3152, 'admin', 3, 3, 'id:53', '2017-12-21 09:49:11', '127.0.0.1', 8),
(3153, 'admin', 3, 3, '列表', '2017-12-21 09:55:33', '127.0.0.1', 2),
(3154, 'admin', 3, 3, 'id:53', '2017-12-21 09:55:37', '127.0.0.1', 8),
(3155, 'admin', 3, 4, '列表', '2017-12-21 09:57:11', '127.0.0.1', 2),
(3156, 'admin', 3, 5, '列表', '2017-12-21 09:57:27', '127.0.0.1', 2),
(3157, 'admin', 3, 3, '列表', '2017-12-21 09:57:27', '127.0.0.1', 2),
(3158, 'admin', 3, 4, '列表', '2017-12-21 09:57:29', '127.0.0.1', 2),
(3159, 'admin', 0, 0, 'admin登入成功', '2017-12-21 09:57:47', '127.0.0.1', 1),
(3160, 'admin', 3, 3, '列表', '2017-12-21 09:57:51', '127.0.0.1', 2),
(3161, 'admin', 3, 4, '列表', '2017-12-21 09:57:52', '127.0.0.1', 2),
(3162, 'admin', 3, 3, '列表', '2017-12-21 09:58:01', '127.0.0.1', 2),
(3163, 'admin', 3, 3, 'id:53', '2017-12-21 09:58:10', '127.0.0.1', 8),
(3164, 'admin', 3, 4, 'id:55', '2017-12-21 09:58:24', '127.0.0.1', 8),
(3165, 'admin', 3, 3, 'id:55', '2017-12-21 09:58:26', '127.0.0.1', 8),
(3166, 'admin', 3, 3, '列表', '2017-12-21 10:00:44', '127.0.0.1', 2),
(3167, 'admin', 3, 3, 'id:55', '2017-12-21 10:00:48', '127.0.0.1', 8),
(3168, 'admin', 3, 3, '列表', '2017-12-21 10:01:02', '127.0.0.1', 2),
(3169, 'admin', 3, 3, 'id:55', '2017-12-21 10:01:12', '127.0.0.1', 8),
(3170, 'admin', 3, 3, '列表', '2017-12-21 10:03:34', '127.0.0.1', 2),
(3171, 'admin', 3, 3, 'id:55', '2017-12-21 10:03:37', '127.0.0.1', 8),
(3172, 'admin', 3, 4, '列表', '2017-12-21 10:07:30', '127.0.0.1', 2),
(3173, 'admin', 3, 3, '列表', '2017-12-21 10:07:31', '127.0.0.1', 2),
(3174, 'admin', 3, 3, 'id:53', '2017-12-21 10:08:17', '127.0.0.1', 8),
(3175, 'admin', 3, 4, '列表', '2017-12-21 10:10:01', '127.0.0.1', 2),
(3176, 'admin', 3, 5, '列表', '2017-12-21 10:10:03', '127.0.0.1', 2),
(3177, 'admin', 3, 4, '列表', '2017-12-21 10:10:06', '127.0.0.1', 2),
(3178, 'admin', 3, 5, '列表', '2017-12-21 10:10:39', '127.0.0.1', 2),
(3179, 'admin', 3, 3, '列表', '2017-12-21 10:10:41', '127.0.0.1', 2),
(3180, 'admin', 3, 4, '列表', '2017-12-21 10:10:43', '127.0.0.1', 2),
(3181, 'admin', 3, 4, 'id:53', '2017-12-21 10:11:15', '127.0.0.1', 8),
(3182, 'admin', 3, 3, '列表', '2017-12-21 10:11:17', '127.0.0.1', 2),
(3183, 'admin', 3, 3, 'id:53', '2017-12-21 10:11:20', '127.0.0.1', 8),
(3184, 'admin', 3, 4, '列表', '2017-12-21 10:11:22', '127.0.0.1', 2),
(3185, 'admin', 3, 4, 'id:53', '2017-12-21 10:11:26', '127.0.0.1', 8),
(3186, 'admin', 3, 4, 'id:55', '2017-12-21 10:11:39', '127.0.0.1', 8),
(3187, 'admin', 3, 5, '列表', '2017-12-21 10:13:00', '127.0.0.1', 2),
(3188, 'admin', 3, 3, '列表', '2017-12-21 10:13:01', '127.0.0.1', 2),
(3189, 'admin', 3, 4, '列表', '2017-12-21 10:13:03', '127.0.0.1', 2),
(3190, 'admin', 3, 5, '列表', '2017-12-21 10:14:43', '127.0.0.1', 2),
(3191, 'admin', 3, 3, '列表', '2017-12-21 10:14:44', '127.0.0.1', 2),
(3192, 'admin', 3, 4, '列表', '2017-12-21 10:14:47', '127.0.0.1', 2),
(3193, 'admin', 3, 3, '列表', '2017-12-21 10:15:16', '127.0.0.1', 2),
(3194, 'admin', 3, 3, 'id:55', '2017-12-21 10:15:20', '127.0.0.1', 8),
(3195, 'admin', 6, 1, '列表', '2017-12-21 10:19:32', '127.0.0.1', 2),
(3196, 'admin', 6, 2, '列表', '2017-12-21 10:19:33', '127.0.0.1', 2),
(3197, 'admin', 6, 3, '列表', '2017-12-21 10:19:44', '127.0.0.1', 2),
(3198, 'admin', 3, 2, '列表', '2017-12-21 10:19:47', '127.0.0.1', 2),
(3199, 'admin', 3, 3, '列表', '2017-12-21 10:19:48', '127.0.0.1', 2),
(3200, 'admin', 3, 4, '列表', '2017-12-21 10:20:37', '127.0.0.1', 2),
(3201, 'admin', 3, 5, '列表', '2017-12-21 10:20:39', '127.0.0.1', 2),
(3202, 'admin', 3, 4, '列表', '2017-12-21 10:20:42', '127.0.0.1', 2),
(3203, 'admin', 3, 3, '列表', '2017-12-21 10:20:43', '127.0.0.1', 2),
(3204, 'admin', 3, 4, '列表', '2017-12-21 10:20:47', '127.0.0.1', 2),
(3205, 'admin', 3, 5, '列表', '2017-12-21 10:20:54', '127.0.0.1', 2),
(3206, 'admin', 3, 4, '列表', '2017-12-21 10:20:57', '127.0.0.1', 2),
(3207, 'admin', 3, 3, '列表', '2017-12-21 10:20:58', '127.0.0.1', 2),
(3208, 'admin', 4, 4, '列表', '2017-12-21 10:21:08', '127.0.0.1', 2),
(3209, 'admin', 3, 3, '列表', '2017-12-21 10:21:12', '127.0.0.1', 2),
(3210, 'admin', 3, 4, 'id:53', '2017-12-21 10:31:31', '127.0.0.1', 8),
(3211, 'admin', 3, 4, 'id:55', '2017-12-21 10:31:53', '127.0.0.1', 8),
(3212, 'admin', 3, 4, '列表', '2017-12-21 10:35:44', '127.0.0.1', 2),
(3213, 'admin', 3, 5, '列表', '2017-12-21 10:35:46', '127.0.0.1', 2),
(3214, 'admin', 3, 3, '列表', '2017-12-21 10:35:47', '127.0.0.1', 2),
(3215, 'admin', 3, 3, 'id:53', '2017-12-21 10:38:31', '127.0.0.1', 8),
(3216, 'admin', 3, 3, '列表', '2017-12-21 10:42:01', '127.0.0.1', 2),
(3217, 'admin', 3, 3, 'id:55', '2017-12-21 10:42:11', '127.0.0.1', 8),
(3218, 'admin', 3, 4, '列表', '2017-12-21 10:42:26', '127.0.0.1', 2),
(3219, 'admin', 3, 4, 'id:55', '2017-12-21 10:42:30', '127.0.0.1', 8),
(3220, 'admin', 3, 3, '列表', '2017-12-21 10:42:32', '127.0.0.1', 2),
(3221, 'admin', 3, 3, 'id:55', '2017-12-21 10:42:41', '127.0.0.1', 8),
(3222, 'admin', 3, 3, '列表', '2017-12-21 10:43:17', '127.0.0.1', 2),
(3223, 'admin', 3, 3, 'id:55', '2017-12-21 10:43:38', '127.0.0.1', 8),
(3224, 'admin', 3, 3, '列表', '2017-12-21 10:44:41', '127.0.0.1', 2),
(3225, 'admin', 3, 3, 'id:55', '2017-12-21 10:44:53', '127.0.0.1', 8),
(3226, 'admin', 3, 3, '列表', '2017-12-21 10:45:02', '127.0.0.1', 2),
(3227, 'admin', 3, 3, 'id:55', '2017-12-21 10:45:06', '127.0.0.1', 8),
(3228, 'admin', 3, 4, '列表', '2017-12-21 10:45:09', '127.0.0.1', 2),
(3229, 'admin', 3, 3, '列表', '2017-12-21 10:46:26', '127.0.0.1', 2),
(3230, 'admin', 3, 3, 'id:56', '2017-12-21 10:46:37', '127.0.0.1', 4),
(3231, 'admin', 3, 3, 'id:56', '2017-12-21 10:46:48', '127.0.0.1', 8),
(3232, 'admin', 3, 3, '列表', '2017-12-21 10:46:59', '127.0.0.1', 2),
(3233, 'admin', 3, 3, 'id:57', '2017-12-21 10:47:10', '127.0.0.1', 4),
(3234, 'admin', 3, 3, 'id:57', '2017-12-21 10:47:20', '127.0.0.1', 8),
(3235, 'admin', 3, 3, 'id:58', '2017-12-21 10:47:31', '127.0.0.1', 4),
(3236, 'admin', 3, 4, 'id:58', '2017-12-21 10:47:48', '127.0.0.1', 8),
(3237, 'admin', 3, 3, 'id:58', '2017-12-21 10:48:04', '127.0.0.1', 8),
(3238, 'admin', 3, 3, '列表', '2017-12-21 10:48:15', '127.0.0.1', 2),
(3239, 'admin', 3, 3, 'id:58', '2017-12-21 10:48:30', '127.0.0.1', 8),
(3240, 'admin', 3, 4, '列表', '2017-12-21 10:54:06', '127.0.0.1', 2),
(3241, 'admin', 3, 3, '列表', '2017-12-21 10:54:09', '127.0.0.1', 2),
(3242, 'admin', 3, 3, 'id:58', '2017-12-21 10:57:00', '127.0.0.1', 8),
(3243, 'admin', 3, 3, '列表', '2017-12-21 11:00:15', '127.0.0.1', 2),
(3244, 'admin', 4, 4, '列表', '2017-12-21 11:01:46', '127.0.0.1', 2),
(3245, 'admin', 4, 4, '列表', '2017-12-21 11:01:52', '127.0.0.1', 2),
(3246, 'admin', 4, 5, '列表', '2017-12-21 11:01:54', '127.0.0.1', 2),
(3247, 'admin', 4, 5, 'id:98', '2017-12-21 11:01:59', '127.0.0.1', 8),
(3248, 'admin', 4, 4, 'id:98', '2017-12-21 11:02:01', '127.0.0.1', 8),
(3249, 'admin', 4, 5, '列表', '2017-12-21 11:02:40', '127.0.0.1', 2),
(3250, 'admin', 4, 6, '列表', '2017-12-21 11:02:42', '127.0.0.1', 2),
(3251, 'admin', 4, 4, '列表', '2017-12-21 11:03:29', '127.0.0.1', 2),
(3252, 'admin', 4, 6, '列表', '2017-12-21 11:31:37', '127.0.0.1', 2),
(3253, 'admin', 6, 1, '列表', '2017-12-21 11:31:43', '127.0.0.1', 2),
(3254, 'admin', 6, 2, '列表', '2017-12-21 11:31:45', '127.0.0.1', 2),
(3255, 'admin', 6, 3, '列表', '2017-12-21 11:31:47', '127.0.0.1', 2),
(3256, 'admin', 7, 1, '列表', '2017-12-21 11:32:22', '127.0.0.1', 2),
(3257, 'admin', 4, 6, '列表', '2017-12-21 11:32:27', '127.0.0.1', 2),
(3258, 'admin', 6, 3, '列表', '2017-12-21 11:32:34', '127.0.0.1', 2),
(3259, 'admin', 4, 4, '列表', '2017-12-21 11:33:25', '127.0.0.1', 2),
(3260, 'admin', 4, 6, '列表', '2017-12-21 11:33:27', '127.0.0.1', 2),
(3261, 'admin', 4, 5, '列表', '2017-12-21 11:38:46', '127.0.0.1', 2),
(3262, 'admin', 3, 4, '列表', '2017-12-21 11:39:26', '127.0.0.1', 2),
(3263, 'admin', 3, 5, '列表', '2017-12-21 11:45:14', '127.0.0.1', 2),
(3264, 'admin', 3, 3, '列表', '2017-12-21 12:04:09', '127.0.0.1', 2),
(3265, 'admin', 3, 3, '列表', '2017-12-21 12:16:37', '127.0.0.1', 2),
(3266, 'admin', 7, 1, '列表', '2017-12-21 12:16:43', '127.0.0.1', 2),
(3267, 'admin', 7, 1, 'id:7', '2017-12-21 12:24:09', '127.0.0.1', 8),
(3268, 'admin', 4, 4, '列表', '2017-12-21 14:18:57', '127.0.0.1', 2),
(3269, 'admin', 4, 5, '列表', '2017-12-21 14:18:59', '127.0.0.1', 2),
(3270, 'admin', 3, 3, '列表', '2017-12-21 14:19:05', '127.0.0.1', 2),
(3271, 'admin', 3, 4, '列表', '2017-12-21 14:19:07', '127.0.0.1', 2),
(3272, 'admin', 7, 1, '列表', '2017-12-21 14:19:15', '127.0.0.1', 2),
(3273, 'admin', 1, 1, '列表', '2017-12-21 14:21:34', '127.0.0.1', 2),
(3274, 'admin', 2, 1, '列表', '2017-12-21 14:21:37', '127.0.0.1', 2),
(3275, 'admin', 1, 1, '列表', '2017-12-21 14:22:02', '127.0.0.1', 2),
(3276, 'admin', 7, 1, '列表', '2017-12-21 14:22:49', '127.0.0.1', 2),
(3277, 'admin', 7, 1, 'id:7', '2017-12-21 14:24:17', '127.0.0.1', 8),
(3278, 'admin', 7, 1, '列表', '2017-12-21 14:26:24', '127.0.0.1', 2),
(3279, 'admin', 7, 1, 'id:7', '2017-12-21 14:26:43', '127.0.0.1', 8),
(3280, 'admin', 7, 1, '列表', '2017-12-21 14:27:06', '127.0.0.1', 2),
(3281, 'admin', 7, 1, 'id:7', '2017-12-21 14:27:10', '127.0.0.1', 8),
(3282, 'admin', 7, 1, 'id:4', '2017-12-21 14:27:14', '127.0.0.1', 8),
(3283, 'admin', 7, 1, '列表', '2017-12-21 14:27:31', '127.0.0.1', 2),
(3284, 'admin', 7, 1, 'id:8', '2017-12-21 14:30:00', '127.0.0.1', 4),
(3285, 'admin', 7, 1, '列表', '2017-12-21 14:30:38', '127.0.0.1', 2),
(3286, 'admin', 7, 1, 'id:9', '2017-12-21 14:30:51', '127.0.0.1', 4),
(3287, 'admin', 7, 1, '列表', '2017-12-21 14:31:24', '127.0.0.1', 2),
(3288, 'admin', 7, 1, 'id:10', '2017-12-21 14:31:33', '127.0.0.1', 4),
(3289, 'admin', 7, 1, 'id:10', '2017-12-21 14:31:45', '127.0.0.1', 8),
(3290, 'admin', 7, 1, '列表', '2017-12-21 14:32:15', '127.0.0.1', 2),
(3291, 'admin', 7, 1, 'id:10', '2017-12-21 14:32:56', '127.0.0.1', 8),
(3292, 'admin', 7, 1, '列表', '2017-12-21 14:33:13', '127.0.0.1', 2),
(3293, 'admin', 7, 1, 'id:11', '2017-12-21 14:33:23', '127.0.0.1', 4),
(3294, 'admin', 7, 1, 'id:11', '2017-12-21 14:33:29', '127.0.0.1', 8),
(3295, 'admin', 7, 1, '列表', '2017-12-21 14:33:38', '127.0.0.1', 2),
(3296, 'admin', 7, 1, 'id:12', '2017-12-21 14:34:28', '127.0.0.1', 4),
(3297, 'admin', 7, 1, 'id:12', '2017-12-21 14:34:40', '127.0.0.1', 8),
(3298, 'admin', 7, 1, '列表', '2017-12-21 14:35:38', '127.0.0.1', 2),
(3299, 'admin', 7, 1, 'id:13', '2017-12-21 14:35:55', '127.0.0.1', 4),
(3300, 'admin', 7, 1, 'id:13', '2017-12-21 14:36:04', '127.0.0.1', 8),
(3301, 'admin', 7, 1, '列表', '2017-12-21 14:36:13', '127.0.0.1', 2),
(3302, 'admin', 7, 1, 'id:13', '2017-12-21 14:37:37', '127.0.0.1', 8),
(3303, 'admin', 7, 1, '列表', '2017-12-21 14:38:13', '127.0.0.1', 2),
(3304, 'admin', 6, 2, '列表', '2017-12-21 14:39:41', '127.0.0.1', 2),
(3305, 'admin', 6, 3, '列表', '2017-12-21 14:39:44', '127.0.0.1', 2),
(3306, 'admin', 7, 1, '列表', '2017-12-21 14:39:50', '127.0.0.1', 2),
(3307, 'admin', 5, 2, '列表', '2017-12-21 14:55:53', '127.0.0.1', 2),
(3308, 'admin', 2, 1, '列表', '2017-12-21 15:07:07', '127.0.0.1', 2),
(3309, 'admin', 2, 1, '系統管理員 id:2', '2017-12-21 15:07:12', '127.0.0.1', 8),
(3310, 'admin', 0, 0, 'admin登入成功', '2017-12-21 15:07:23', '127.0.0.1', 1),
(3311, 'admin', 7, 2, '列表', '2017-12-21 15:07:28', '127.0.0.1', 2),
(3312, 'admin', 7, 1, '列表', '2017-12-21 15:08:29', '127.0.0.1', 2),
(3313, 'admin', 7, 2, '列表', '2017-12-21 15:08:31', '127.0.0.1', 2),
(3314, 'admin', 7, 1, '列表', '2017-12-21 15:12:11', '127.0.0.1', 2),
(3315, 'admin', 7, 2, '列表', '2017-12-21 15:12:25', '127.0.0.1', 2),
(3316, 'admin', 7, 1, '列表', '2017-12-21 15:16:23', '127.0.0.1', 2),
(3317, 'admin', 7, 2, '列表', '2017-12-21 15:18:20', '127.0.0.1', 2),
(3318, 'admin', 7, 1, '列表', '2017-12-21 15:19:28', '127.0.0.1', 2),
(3319, 'admin', 7, 2, '列表', '2017-12-21 15:19:29', '127.0.0.1', 2),
(3320, 'admin', 7, 1, '列表', '2017-12-21 15:19:33', '127.0.0.1', 2),
(3321, 'admin', 7, 2, '列表', '2017-12-21 15:19:43', '127.0.0.1', 2),
(3322, 'admin', 5, 2, '列表', '2017-12-21 15:20:56', '127.0.0.1', 2),
(3323, 'admin', 7, 2, '列表', '2017-12-21 15:20:59', '127.0.0.1', 2),
(3324, 'admin', 7, 1, '列表', '2017-12-21 15:25:34', '127.0.0.1', 2),
(3325, 'admin', 7, 2, '列表', '2017-12-21 15:25:35', '127.0.0.1', 2),
(3326, 'admin', 7, 1, '列表', '2017-12-21 15:25:41', '127.0.0.1', 2),
(3327, 'admin', 7, 1, 'id:14', '2017-12-21 15:26:02', '127.0.0.1', 4),
(3328, 'admin', 7, 2, '列表', '2017-12-21 15:26:04', '127.0.0.1', 2),
(3329, 'admin', 7, 1, '列表', '2017-12-21 15:26:56', '127.0.0.1', 2),
(3330, 'admin', 7, 2, '列表', '2017-12-21 15:26:57', '127.0.0.1', 2),
(3331, 'admin', 7, 1, '列表', '2017-12-21 15:27:02', '127.0.0.1', 2),
(3332, 'admin', 7, 2, '列表', '2017-12-21 15:27:17', '127.0.0.1', 2),
(3333, 'admin', 7, 1, '列表', '2017-12-21 15:27:18', '127.0.0.1', 2),
(3334, 'admin', 7, 2, '列表', '2017-12-21 15:29:08', '127.0.0.1', 2),
(3335, 'admin', 7, 1, '列表', '2017-12-21 15:29:10', '127.0.0.1', 2),
(3336, 'admin', 7, 2, '列表', '2017-12-21 15:29:15', '127.0.0.1', 2),
(3337, 'admin', 7, 1, '列表', '2017-12-21 15:29:16', '127.0.0.1', 2),
(3338, 'admin', 7, 2, '列表', '2017-12-21 15:31:27', '127.0.0.1', 2),
(3339, 'admin', 7, 1, '列表', '2017-12-21 15:31:28', '127.0.0.1', 2),
(3340, 'admin', 7, 2, '列表', '2017-12-21 15:33:38', '127.0.0.1', 2),
(3341, 'admin', 5, 2, '列表', '2017-12-21 15:39:32', '127.0.0.1', 2),
(3342, 'admin', 7, 1, '列表', '2017-12-21 16:00:54', '127.0.0.1', 2),
(3343, 'admin', 7, 2, '列表', '2017-12-21 16:00:56', '127.0.0.1', 2),
(3344, 'admin', 7, 1, '列表', '2017-12-21 16:09:10', '127.0.0.1', 2),
(3345, 'admin', 7, 2, '列表', '2017-12-21 16:09:14', '127.0.0.1', 2),
(3346, 'admin', 4, 4, '列表', '2017-12-21 16:09:17', '127.0.0.1', 2),
(3347, 'admin', 4, 5, '列表', '2017-12-21 16:09:18', '127.0.0.1', 2),
(3348, 'admin', 4, 6, '列表', '2017-12-21 16:09:20', '127.0.0.1', 2),
(3349, 'admin', 3, 1, '列表', '2017-12-21 16:09:21', '127.0.0.1', 2),
(3350, 'admin', 3, 2, '列表', '2017-12-21 16:09:22', '127.0.0.1', 2),
(3351, 'admin', 3, 3, '列表', '2017-12-21 16:09:23', '127.0.0.1', 2),
(3352, 'admin', 3, 4, '列表', '2017-12-21 16:09:24', '127.0.0.1', 2),
(3353, 'admin', 3, 5, '列表', '2017-12-21 16:09:25', '127.0.0.1', 2),
(3354, 'admin', 6, 1, '列表', '2017-12-21 16:09:27', '127.0.0.1', 2),
(3355, 'admin', 6, 2, '列表', '2017-12-21 16:09:28', '127.0.0.1', 2),
(3356, 'admin', 7, 1, '列表', '2017-12-21 16:09:32', '127.0.0.1', 2),
(3357, 'admin', 7, 2, '列表', '2017-12-21 16:09:34', '127.0.0.1', 2),
(3358, 'admin', 7, 1, '列表', '2017-12-21 16:09:38', '127.0.0.1', 2),
(3359, 'admin', 5, 2, '列表', '2017-12-21 16:10:12', '127.0.0.1', 2),
(3360, 'admin', 7, 1, '列表', '2017-12-21 16:10:25', '127.0.0.1', 2),
(3361, 'admin', 6, 1, '列表', '2017-12-21 16:10:27', '127.0.0.1', 2),
(3362, 'admin', 6, 2, '列表', '2017-12-21 16:10:29', '127.0.0.1', 2),
(3363, 'admin', 6, 3, '列表', '2017-12-21 16:10:30', '127.0.0.1', 2),
(3364, 'admin', 7, 1, '列表', '2017-12-21 16:10:33', '127.0.0.1', 2),
(3365, 'admin', 7, 2, '列表', '2017-12-21 16:10:58', '127.0.0.1', 2),
(3366, 'admin', 4, 5, '列表', '2017-12-21 16:11:00', '127.0.0.1', 2),
(3367, 'admin', 4, 6, '列表', '2017-12-21 16:11:01', '127.0.0.1', 2),
(3368, 'admin', 4, 4, '列表', '2017-12-21 16:11:26', '127.0.0.1', 2),
(3369, 'admin', 4, 5, '列表', '2017-12-21 16:11:28', '127.0.0.1', 2),
(3370, 'admin', 7, 1, '列表', '2017-12-21 16:11:30', '127.0.0.1', 2),
(3371, 'admin', 5, 2, '列表', '2017-12-21 16:11:32', '127.0.0.1', 2),
(3372, 'admin', 7, 1, '列表', '2017-12-21 16:13:22', '127.0.0.1', 2),
(3373, 'admin', 7, 2, '列表', '2017-12-21 16:13:23', '127.0.0.1', 2),
(3374, 'admin', 4, 4, '列表', '2017-12-21 16:13:25', '127.0.0.1', 2),
(3375, 'admin', 4, 5, '列表', '2017-12-21 16:13:33', '127.0.0.1', 2),
(3376, 'admin', 7, 1, '列表', '2017-12-21 16:13:41', '127.0.0.1', 2),
(3377, 'admin', 7, 2, '列表', '2017-12-21 16:14:07', '127.0.0.1', 2),
(3378, 'admin', 7, 1, '列表', '2017-12-21 16:14:08', '127.0.0.1', 2),
(3379, 'admin', 7, 2, '列表', '2017-12-21 16:16:03', '127.0.0.1', 2),
(3380, 'admin', 7, 1, '列表', '2017-12-21 16:16:06', '127.0.0.1', 2),
(3381, 'admin', 7, 2, '列表', '2017-12-21 16:16:08', '127.0.0.1', 2),
(3382, 'admin', 7, 1, '列表', '2017-12-21 16:19:16', '127.0.0.1', 2),
(3383, 'admin', 7, 1, 'id:7', '2017-12-21 16:19:22', '127.0.0.1', 8),
(3384, 'admin', 7, 2, '列表', '2017-12-21 16:19:24', '127.0.0.1', 2),
(3385, 'admin', 7, 1, '列表', '2017-12-21 16:20:27', '127.0.0.1', 2),
(3386, 'admin', 7, 1, 'id:8', '2017-12-21 16:20:42', '127.0.0.1', 4),
(3387, 'admin', 7, 2, '列表', '2017-12-21 16:20:44', '127.0.0.1', 2),
(3388, 'admin', 7, 1, '列表', '2017-12-21 16:22:35', '127.0.0.1', 2),
(3389, 'admin', 7, 1, 'id:9', '2017-12-21 16:22:45', '127.0.0.1', 4),
(3390, 'admin', 7, 2, '列表', '2017-12-21 16:22:47', '127.0.0.1', 2),
(3391, 'admin', 5, 2, '列表', '2017-12-21 16:23:34', '127.0.0.1', 2),
(3392, 'admin', 7, 2, '列表', '2017-12-21 16:26:20', '127.0.0.1', 2),
(3393, 'admin', 7, 1, '列表', '2017-12-21 16:27:10', '127.0.0.1', 2),
(3394, 'admin', 7, 1, 'id:9', '2017-12-21 16:27:18', '127.0.0.1', 8),
(3395, 'admin', 7, 2, '列表', '2017-12-21 16:27:20', '127.0.0.1', 2),
(3396, 'admin', 7, 1, '列表', '2017-12-21 16:27:34', '127.0.0.1', 2),
(3397, 'admin', 7, 2, '列表', '2017-12-21 16:27:40', '127.0.0.1', 2),
(3398, 'admin', 5, 2, '列表', '2017-12-21 16:27:43', '127.0.0.1', 2),
(3399, 'admin', 7, 1, '列表', '2017-12-21 16:30:13', '127.0.0.1', 2),
(3400, 'admin', 7, 2, '列表', '2017-12-21 16:30:15', '127.0.0.1', 2),
(3401, 'admin', 5, 2, '列表', '2017-12-21 16:30:30', '127.0.0.1', 2),
(3402, 'admin', 7, 1, '列表', '2017-12-21 16:37:29', '127.0.0.1', 2),
(3403, 'admin', 5, 2, '列表', '2017-12-21 16:37:42', '127.0.0.1', 2),
(3404, 'admin', 7, 1, '列表', '2017-12-21 16:37:49', '127.0.0.1', 2),
(3405, 'admin', 7, 2, '列表', '2017-12-21 16:37:57', '127.0.0.1', 2),
(3406, 'admin', 5, 2, '列表', '2017-12-21 16:38:01', '127.0.0.1', 2),
(3407, 'admin', 4, 4, '列表', '2017-12-21 16:38:02', '127.0.0.1', 2),
(3408, 'admin', 5, 2, '列表', '2017-12-21 16:40:54', '127.0.0.1', 2),
(3409, 'admin', 7, 1, '列表', '2017-12-21 16:49:06', '127.0.0.1', 2),
(3410, 'admin', 7, 2, '列表', '2017-12-21 16:51:50', '127.0.0.1', 2),
(3411, 'admin', 5, 2, '列表', '2017-12-21 16:51:52', '127.0.0.1', 2),
(3412, 'admin', 7, 1, '列表', '2017-12-21 16:52:08', '127.0.0.1', 2),
(3413, 'admin', 7, 2, '列表', '2017-12-21 16:52:10', '127.0.0.1', 2),
(3414, 'admin', 2, 1, '列表', '2017-12-21 16:52:28', '127.0.0.1', 2),
(3415, 'admin', 2, 1, '財務 id:4', '2017-12-21 16:52:40', '127.0.0.1', 8),
(3416, 'admin', 2, 1, '行銷客服 id:5', '2017-12-21 16:53:18', '127.0.0.1', 8),
(3417, 'admin', 4, 4, '列表', '2017-12-21 16:53:24', '127.0.0.1', 2),
(3418, 'admin', 4, 6, '列表', '2017-12-21 16:54:46', '127.0.0.1', 2),
(3419, 'admin', 4, 5, '列表', '2017-12-21 16:54:47', '127.0.0.1', 2),
(3420, 'admin', 0, 0, 'admin登入成功', '2017-12-22 15:24:28', '127.0.0.1', 1),
(3421, 'admin', 6, 2, '列表', '2017-12-22 15:42:50', '127.0.0.1', 2),
(3422, 'admin', 0, 0, 'admin登入成功', '2017-12-22 15:43:52', '127.0.0.1', 1),
(3423, 'admin', 6, 2, '列表', '2017-12-22 15:43:57', '127.0.0.1', 2),
(3424, 'admin', 5, 2, '列表', '2017-12-22 15:54:13', '127.0.0.1', 2),
(3425, 'admin', 7, 1, '列表', '2017-12-22 15:54:23', '127.0.0.1', 2),
(3426, 'admin', 7, 2, '列表', '2017-12-22 15:54:25', '127.0.0.1', 2),
(3427, 'admin', 4, 4, '列表', '2017-12-22 15:54:27', '127.0.0.1', 2),
(3428, 'admin', 4, 5, '列表', '2017-12-22 15:54:28', '127.0.0.1', 2),
(3429, 'admin', 4, 6, '列表', '2017-12-22 15:54:29', '127.0.0.1', 2),
(3430, 'admin', 5, 2, '列表', '2017-12-22 15:54:31', '127.0.0.1', 2),
(3431, 'admin', 6, 2, '列表', '2017-12-22 15:55:25', '127.0.0.1', 2),
(3432, 'admin', 5, 2, '列表', '2017-12-22 15:57:15', '127.0.0.1', 2),
(3433, 'admin', 7, 1, '列表', '2017-12-22 15:57:21', '127.0.0.1', 2),
(3434, 'admin', 7, 2, '列表', '2017-12-22 15:57:22', '127.0.0.1', 2),
(3435, 'admin', 6, 2, '列表', '2017-12-22 15:57:24', '127.0.0.1', 2),
(3436, 'admin', 3, 3, '列表', '2017-12-22 15:57:33', '127.0.0.1', 2),
(3437, 'admin', 3, 4, '列表', '2017-12-22 15:57:46', '127.0.0.1', 2),
(3438, 'admin', 6, 2, '列表', '2017-12-22 15:57:51', '127.0.0.1', 2),
(3439, 'admin', 6, 3, '列表', '2017-12-22 15:59:48', '127.0.0.1', 2),
(3440, 'admin', 6, 2, '列表', '2017-12-22 16:24:38', '127.0.0.1', 2),
(3441, 'admin', 6, 3, '列表', '2017-12-22 17:12:04', '127.0.0.1', 2),
(3442, 'admin', 6, 2, '列表', '2017-12-22 17:13:15', '127.0.0.1', 2),
(3443, 'admin', 3, 3, '列表', '2017-12-22 17:13:17', '127.0.0.1', 2),
(3444, 'admin', 3, 4, '列表', '2017-12-22 17:13:23', '127.0.0.1', 2),
(3445, 'admin', 6, 2, '列表', '2017-12-22 17:13:48', '127.0.0.1', 2),
(3446, 'admin', 6, 3, '列表', '2017-12-22 17:14:59', '127.0.0.1', 2),
(3447, 'admin', 6, 2, '列表', '2017-12-22 17:18:37', '127.0.0.1', 2),
(3448, 'admin', 6, 3, '列表', '2017-12-22 17:24:42', '127.0.0.1', 2),
(3449, 'admin', 6, 2, '列表', '2017-12-22 17:24:45', '127.0.0.1', 2),
(3450, 'admin', 6, 3, '列表', '2017-12-22 17:25:07', '127.0.0.1', 2),
(3451, 'admin', 6, 2, '列表', '2017-12-22 17:25:09', '127.0.0.1', 2),
(3452, 'admin', 6, 3, '列表', '2017-12-22 17:28:50', '127.0.0.1', 2),
(3453, 'admin', 6, 1, '列表', '2017-12-22 17:28:56', '127.0.0.1', 2),
(3454, 'admin', 6, 2, '列表', '2017-12-22 17:28:57', '127.0.0.1', 2),
(3455, 'admin', 6, 3, '列表', '2017-12-22 17:29:01', '127.0.0.1', 2),
(3456, 'admin', 6, 2, '列表', '2017-12-22 17:39:18', '127.0.0.1', 2),
(3457, 'admin', 6, 3, '列表', '2017-12-22 17:39:22', '127.0.0.1', 2),
(3458, 'admin', 6, 2, '列表', '2017-12-22 17:40:14', '127.0.0.1', 2),
(3459, 'admin', 3, 3, '列表', '2017-12-22 17:40:55', '127.0.0.1', 2),
(3460, 'admin', 3, 4, '列表', '2017-12-22 17:47:51', '127.0.0.1', 2),
(3461, 'admin', 3, 5, '列表', '2017-12-22 17:47:52', '127.0.0.1', 2),
(3462, 'admin', 3, 4, '列表', '2017-12-22 17:48:13', '127.0.0.1', 2),
(3463, 'admin', 0, 0, 'admin登入成功', '2017-12-25 09:25:29', '127.0.0.1', 1),
(3464, 'admin', 6, 2, '列表', '2017-12-25 09:31:16', '127.0.0.1', 2),
(3465, 'admin', 6, 3, '列表', '2017-12-25 09:37:45', '127.0.0.1', 2),
(3466, 'admin', 6, 2, '列表', '2017-12-25 09:37:46', '127.0.0.1', 2),
(3467, 'money', 0, 0, 'money登入成功', '2017-12-25 09:42:57', '127.0.0.1', 1),
(3468, 'money', 6, 2, '列表', '2017-12-25 09:43:05', '127.0.0.1', 2),
(3469, 'money', 6, 3, '列表', '2017-12-25 09:58:46', '127.0.0.1', 2),
(3470, 'money', 6, 2, '列表', '2017-12-25 09:58:48', '127.0.0.1', 2),
(3471, 'money', 6, 1, '列表', '2017-12-25 09:59:16', '127.0.0.1', 2),
(3472, 'money', 6, 3, '列表', '2017-12-25 09:59:30', '127.0.0.1', 2),
(3473, 'money', 6, 2, '列表', '2017-12-25 09:59:31', '127.0.0.1', 2),
(3474, 'money', 6, 3, '列表', '2017-12-25 09:59:34', '127.0.0.1', 2),
(3475, 'money', 6, 2, '列表', '2017-12-25 10:10:54', '127.0.0.1', 2),
(3476, 'money', 6, 3, '列表', '2017-12-25 10:10:56', '127.0.0.1', 2),
(3477, 'money', 6, 2, '列表', '2017-12-25 10:26:21', '127.0.0.1', 2),
(3478, 'money', 3, 2, '列表', '2017-12-25 10:26:23', '127.0.0.1', 2),
(3479, 'money', 3, 3, '列表', '2017-12-25 10:26:24', '127.0.0.1', 2),
(3480, 'money', 3, 1, '列表', '2017-12-25 10:26:26', '127.0.0.1', 2),
(3481, 'money', 6, 2, '列表', '2017-12-25 10:26:28', '127.0.0.1', 2),
(3482, 'money', 6, 3, '列表', '2017-12-25 10:26:29', '127.0.0.1', 2),
(3483, 'money', 6, 2, '列表', '2017-12-25 10:27:00', '127.0.0.1', 2),
(3484, 'money', 6, 3, '列表', '2017-12-25 10:27:02', '127.0.0.1', 2),
(3485, 'money', 6, 2, '列表', '2017-12-25 10:27:04', '127.0.0.1', 2),
(3486, 'money', 6, 1, '列表', '2017-12-25 10:28:48', '127.0.0.1', 2),
(3487, 'money', 6, 2, '列表', '2017-12-25 10:28:48', '127.0.0.1', 2),
(3488, 'money', 6, 3, '列表', '2017-12-25 10:28:53', '127.0.0.1', 2),
(3489, 'money', 6, 2, '列表', '2017-12-25 10:28:55', '127.0.0.1', 2),
(3490, 'money', 6, 3, '列表', '2017-12-25 10:32:45', '127.0.0.1', 2),
(3491, 'money', 6, 2, '列表', '2017-12-25 10:32:46', '127.0.0.1', 2),
(3492, 'money', 6, 3, '列表', '2017-12-25 10:36:59', '127.0.0.1', 2),
(3493, 'money', 6, 2, '列表', '2017-12-25 10:37:01', '127.0.0.1', 2),
(3494, 'money', 6, 3, '列表', '2017-12-25 10:41:51', '127.0.0.1', 2),
(3495, 'money', 6, 2, '列表', '2017-12-25 10:41:53', '127.0.0.1', 2),
(3496, 'money', 6, 3, '列表', '2017-12-25 10:45:13', '127.0.0.1', 2),
(3497, 'money', 6, 2, '列表', '2017-12-25 10:45:14', '127.0.0.1', 2),
(3498, 'money', 6, 3, '列表', '2017-12-25 10:55:13', '127.0.0.1', 2),
(3499, 'money', 6, 2, '列表', '2017-12-25 10:55:14', '127.0.0.1', 2),
(3500, 'money', 6, 1, '列表', '2017-12-25 10:55:18', '127.0.0.1', 2),
(3501, 'money', 6, 2, '列表', '2017-12-25 10:55:19', '127.0.0.1', 2),
(3502, 'money', 6, 3, '列表', '2017-12-25 13:43:20', '127.0.0.1', 2),
(3503, 'money', 6, 2, '列表', '2017-12-25 13:47:51', '127.0.0.1', 2),
(3504, 'money', 6, 3, '列表', '2017-12-25 13:48:34', '127.0.0.1', 2),
(3505, 'money', 6, 2, '列表', '2017-12-25 13:48:53', '127.0.0.1', 2),
(3506, 'money', 6, 3, '列表', '2017-12-25 14:04:34', '127.0.0.1', 2),
(3507, 'money', 6, 2, '列表', '2017-12-25 14:04:38', '127.0.0.1', 2),
(3508, 'money', 6, 3, '列表', '2017-12-25 14:20:16', '127.0.0.1', 2),
(3509, 'money', 6, 2, '列表', '2017-12-25 14:20:40', '127.0.0.1', 2),
(3510, 'money', 6, 3, '列表', '2017-12-25 14:22:45', '127.0.0.1', 2),
(3511, 'money', 6, 2, '列表', '2017-12-25 14:24:35', '127.0.0.1', 2),
(3512, 'money', 3, 3, '列表', '2017-12-25 14:25:27', '127.0.0.1', 2),
(3513, 'money', 3, 4, '列表', '2017-12-25 14:25:29', '127.0.0.1', 2),
(3514, 'money', 3, 5, '列表', '2017-12-25 14:26:00', '127.0.0.1', 2),
(3515, 'money', 4, 5, '列表', '2017-12-25 14:26:03', '127.0.0.1', 2),
(3516, 'money', 4, 4, '列表', '2017-12-25 14:26:05', '127.0.0.1', 2),
(3517, 'money', 3, 4, '列表', '2017-12-25 14:26:11', '127.0.0.1', 2),
(3518, 'money', 7, 2, '列表', '2017-12-25 14:26:21', '127.0.0.1', 2),
(3519, 'money', 7, 1, '列表', '2017-12-25 14:26:23', '127.0.0.1', 2),
(3520, 'money', 5, 2, '列表', '2017-12-25 14:26:28', '127.0.0.1', 2),
(3521, 'money', 6, 2, '列表', '2017-12-25 14:26:32', '127.0.0.1', 2),
(3522, 'money', 6, 1, '列表', '2017-12-25 14:26:34', '127.0.0.1', 2),
(3523, 'money', 6, 2, '列表', '2017-12-25 14:26:52', '127.0.0.1', 2),
(3524, 'money', 6, 3, '列表', '2017-12-25 14:27:06', '127.0.0.1', 2),
(3525, 'money', 6, 1, '列表', '2017-12-25 14:27:07', '127.0.0.1', 2),
(3526, 'money', 6, 2, '列表', '2017-12-25 14:27:08', '127.0.0.1', 2),
(3527, 'money', 6, 3, '列表', '2017-12-25 14:27:18', '127.0.0.1', 2),
(3528, 'admin', 0, 0, 'admin????', '2017-12-25 16:26:53', '::1', 1),
(3529, 'admin', 4, 4, '??', '2017-12-25 16:30:24', '::1', 2),
(3530, 'admin', 0, 0, 'admin????', '2017-12-25 16:31:37', '::1', 1),
(3531, 'admin', 0, 0, 'admin????', '2017-12-25 18:05:57', '::1', 1),
(3532, 'admin', 0, 0, 'admin????', '2017-12-25 18:08:17', '::1', 1),
(3533, 'admin', 0, 0, 'admin????', '2017-12-26 09:32:46', '::1', 1),
(3534, 'admin', 5, 2, '??', '2017-12-26 09:33:22', '::1', 2),
(3535, 'admin', 7, 1, '??', '2017-12-26 09:33:33', '::1', 2),
(3536, 'admin', 6, 1, '??', '2017-12-26 09:33:39', '::1', 2),
(3537, 'admin', 1, 1, '??', '2017-12-26 09:59:42', '::1', 2),
(3538, 'admin', 1, 2, '??', '2017-12-26 09:59:47', '::1', 2),
(3539, 'admin', 1, 1, '??', '2017-12-26 09:59:48', '::1', 2),
(3540, 'admin', 1, 2, '??', '2017-12-26 09:59:48', '::1', 2),
(3541, 'admin', 1, 1, '??', '2017-12-26 09:59:50', '::1', 2),
(3542, 'admin', 2, 1, '??', '2017-12-26 10:08:08', '::1', 2),
(3543, 'admin', 1, 2, '??', '2017-12-26 10:09:31', '::1', 2),
(3544, 'admin', 6, 3, '??', '2017-12-26 10:11:11', '::1', 2),
(3545, 'admin', 2, 1, '??', '2017-12-26 10:11:45', '::1', 2),
(3546, 'admin', 6, 3, '??', '2017-12-26 10:13:25', '::1', 2),
(3547, 'admin', 6, 1, '??', '2017-12-26 10:13:31', '::1', 2),
(3548, 'admin', 6, 2, '??', '2017-12-26 10:13:33', '::1', 2),
(3549, 'admin', 6, 3, '??', '2017-12-26 10:13:34', '::1', 2),
(3550, 'admin', 6, 2, '??', '2017-12-26 10:13:49', '::1', 2),
(3551, 'admin', 6, 1, '??', '2017-12-26 10:13:51', '::1', 2),
(3552, 'admin', 6, 3, '??', '2017-12-26 10:13:54', '::1', 2),
(3553, 'admin', 6, 2, '??', '2017-12-26 10:16:45', '::1', 2),
(3554, 'admin', 6, 3, '??', '2017-12-26 10:16:48', '::1', 2),
(3555, 'admin', 3, 1, '??', '2017-12-26 10:17:37', '::1', 2),
(3556, 'admin', 3, 2, '??', '2017-12-26 10:18:08', '::1', 2),
(3557, 'admin', 4, 4, '??', '2017-12-26 10:19:26', '::1', 2),
(3558, 'admin', 4, 5, '??', '2017-12-26 10:19:51', '::1', 2),
(3559, 'admin', 7, 1, '??', '2017-12-26 10:20:58', '::1', 2),
(3560, 'admin', 4, 4, '??', '2017-12-26 10:21:06', '::1', 2),
(3561, 'admin', 3, 3, '??', '2017-12-26 10:30:26', '::1', 2),
(3562, 'admin', 6, 1, '??', '2017-12-26 10:35:47', '::1', 2),
(3563, 'admin', 6, 2, '??', '2017-12-26 10:35:49', '::1', 2),
(3564, 'admin', 5, 2, '??', '2017-12-26 10:36:48', '::1', 2),
(3565, 'admin', 6, 1, '??', '2017-12-26 10:38:01', '::1', 2),
(3566, 'admin', 7, 1, '??', '2017-12-26 10:38:31', '::1', 2),
(3567, 'admin', 7, 2, '??', '2017-12-26 10:39:29', '::1', 2),
(3568, 'admin', 7, 1, '??', '2017-12-26 10:40:42', '::1', 2),
(3569, 'admin', 7, 2, '??', '2017-12-26 10:40:44', '::1', 2),
(3570, 'admin', 7, 1, '??', '2017-12-26 10:40:45', '::1', 2),
(3571, 'admin', 7, 2, '??', '2017-12-26 10:40:50', '::1', 2),
(3572, 'admin', 7, 1, '??', '2017-12-26 10:41:03', '::1', 2),
(3573, 'admin', 2, 1, '??', '2017-12-26 10:41:59', '::1', 2),
(3574, 'admin', 6, 1, '??', '2017-12-26 10:42:02', '::1', 2),
(3575, 'admin', 6, 2, '??', '2017-12-26 10:42:08', '::1', 2),
(3576, 'admin', 6, 1, '??', '2017-12-26 10:42:09', '::1', 2),
(3577, 'admin', 6, 3, '??', '2017-12-26 10:42:10', '::1', 2),
(3578, 'admin', 6, 2, '??', '2017-12-26 10:42:11', '::1', 2),
(3579, 'admin', 6, 1, '??', '2017-12-26 10:42:11', '::1', 2),
(3580, 'admin', 6, 2, '??', '2017-12-26 10:42:12', '::1', 2),
(3581, 'admin', 6, 3, '??', '2017-12-26 10:42:14', '::1', 2),
(3582, 'admin', 6, 1, '??', '2017-12-26 10:42:16', '::1', 2),
(3583, 'admin', 6, 2, '??', '2017-12-26 10:42:16', '::1', 2),
(3584, 'admin', 7, 1, '??', '2017-12-26 10:43:14', '::1', 2),
(3585, 'admin', 7, 2, '??', '2017-12-26 10:43:16', '::1', 2),
(3586, 'admin', 5, 2, '??', '2017-12-26 10:43:19', '::1', 2),
(3587, 'admin', 6, 1, '??', '2017-12-26 10:47:18', '::1', 2),
(3588, 'admin', 2, 1, '??', '2017-12-26 11:45:59', '::1', 2),
(3589, 'admin', 6, 1, '??', '2017-12-26 11:46:04', '::1', 2),
(3590, 'admin', 2, 1, '??', '2017-12-26 12:00:52', '::1', 2),
(3591, 'admin', 6, 1, '??', '2017-12-26 12:01:04', '::1', 2),
(3592, 'admin', 5, 2, '??', '2017-12-26 12:14:45', '::1', 2),
(3593, 'admin', 6, 1, '??', '2017-12-26 12:14:49', '::1', 2),
(3594, 'admin', 5, 2, '??', '2017-12-26 14:09:16', '::1', 2),
(3595, 'admin', 6, 1, '??', '2017-12-26 14:09:17', '::1', 2),
(3596, 'admin', 1, 1, '??', '2017-12-26 14:30:55', '::1', 2),
(3597, 'admin', 6, 1, '??', '2017-12-26 14:35:15', '::1', 2),
(3598, 'admin', 5, 2, '??', '2017-12-26 14:52:27', '::1', 2),
(3599, 'admin', 6, 1, '??', '2017-12-26 14:58:57', '::1', 2),
(3600, 'admin', 6, 1, 'Facebook id:4', '2017-12-26 15:05:03', '::1', 8),
(3601, 'admin', 6, 1, 'youtube id:0', '2017-12-26 15:07:12', '::1', 4),
(3602, 'admin', 6, 1, '??', '2017-12-26 15:07:34', '::1', 2),
(3603, 'admin', 6, 1, '2???(\'0\')', '2017-12-26 15:07:42', '::1', 16),
(3604, 'admin', 6, 1, 'youtube id:0', '2017-12-26 15:08:00', '::1', 4),
(3605, 'admin', 6, 1, 'ffff id:0', '2017-12-26 15:08:22', '::1', 4),
(3606, 'admin', 6, 1, '3???(\'0\')', '2017-12-26 15:10:58', '::1', 16),
(3607, 'admin', 6, 1, 'youtube id:0', '2017-12-26 15:12:57', '::1', 4),
(3608, 'admin', 6, 1, '??', '2017-12-26 15:20:40', '::1', 2),
(3609, 'admin', 6, 1, 'ddd id:0', '2017-12-26 15:20:55', '::1', 4),
(3610, 'admin', 6, 1, '2???(\'0\')', '2017-12-26 15:20:58', '::1', 16),
(3611, 'admin', 6, 1, '??', '2017-12-26 15:25:14', '::1', 2),
(3612, 'admin', 6, 1, 'ttt id:0', '2017-12-26 15:34:41', '::1', 4),
(3613, 'admin', 6, 1, 'sss id:0', '2017-12-26 15:34:48', '::1', 4),
(3614, 'admin', 6, 1, '2???(\'0\')', '2017-12-26 15:35:41', '::1', 16),
(3615, 'admin', 6, 1, 'ddd id:6', '2017-12-26 15:36:15', '::1', 4),
(3616, 'admin', 6, 1, 'sss id:7', '2017-12-26 15:36:19', '::1', 4),
(3617, 'admin', 6, 1, '??', '2017-12-26 15:38:08', '::1', 2),
(3618, 'admin', 6, 2, '??', '2017-12-26 15:38:10', '::1', 2),
(3619, 'admin', 6, 1, '??', '2017-12-26 15:38:11', '::1', 2),
(3620, 'admin', 6, 1, '1???(\'7\')', '2017-12-26 15:40:30', '::1', 16),
(3621, 'admin', 6, 1, '1???(\'6\')', '2017-12-26 15:40:32', '::1', 16),
(3622, 'admin', 5, 2, '??', '2017-12-26 15:40:39', '::1', 2),
(3623, 'admin', 6, 1, '??', '2017-12-26 15:43:26', '::1', 2),
(3624, 'admin', 5, 2, '??', '2017-12-26 16:07:12', '::1', 2),
(3625, 'admin', 6, 2, '??', '2017-12-26 16:11:26', '::1', 2),
(3626, 'admin', 6, 3, '??', '2017-12-26 16:11:27', '::1', 2),
(3627, 'admin', 6, 1, '??', '2017-12-26 16:11:28', '::1', 2),
(3628, 'admin', 2, 1, '??', '2017-12-26 16:11:30', '::1', 2),
(3629, 'admin', 2, 1, '????? id:2', '2017-12-26 16:11:42', '::1', 8),
(3630, 'admin', 2, 1, '??', '2017-12-26 16:11:45', '::1', 2),
(3631, 'admin', 6, 1, '??', '2017-12-26 16:12:08', '::1', 2),
(3632, 'admin', 1, 1, '??', '2017-12-26 16:12:11', '::1', 2),
(3633, 'admin', 2, 1, '??', '2017-12-26 16:12:25', '::1', 2),
(3634, 'admin', 2, 1, 'admin id:2', '2017-12-26 16:13:07', '::1', 8),
(3635, 'admin', 1, 1, '??', '2017-12-26 16:13:12', '::1', 2),
(3636, 'admin', 0, 0, 'admin????', '2017-12-26 16:13:21', '::1', 1),
(3637, 'admin', 6, 1, '??', '2017-12-26 16:13:26', '::1', 2),
(3638, 'admin', 5, 2, '??', '2017-12-26 16:15:13', '::1', 2),
(3639, 'admin', 6, 1, '??', '2017-12-26 16:15:15', '::1', 2),
(3640, 'admin', 6, 1, 'sdfaf id:8', '2017-12-26 16:16:49', '::1', 4),
(3641, 'admin', 6, 1, '??', '2017-12-26 16:16:57', '::1', 2),
(3642, 'admin', 6, 3, '??', '2017-12-26 16:17:05', '::1', 2),
(3643, 'admin', 6, 2, '??', '2017-12-26 16:17:06', '::1', 2),
(3644, 'admin', 6, 1, '??', '2017-12-26 16:17:08', '::1', 2),
(3645, 'admin', 6, 2, '??', '2017-12-26 16:33:17', '::1', 2),
(3646, 'admin', 6, 1, '??', '2017-12-26 16:36:45', '::1', 2),
(3647, 'admin', 6, 1, 'youtube id:8', '2017-12-26 16:48:02', '::1', 8),
(3648, 'admin', 6, 1, 'twitter id:9', '2017-12-26 16:48:20', '::1', 4),
(3649, 'admin', 6, 1, '??', '2017-12-26 16:50:33', '::1', 2),
(3650, 'admin', 6, 2, '??', '2017-12-26 17:32:00', '::1', 2),
(3651, 'admin', 6, 3, '??', '2017-12-26 17:32:01', '::1', 2),
(3652, 'admin', 6, 1, '??', '2017-12-26 17:32:02', '::1', 2),
(3653, 'admin', 2, 1, '??', '2017-12-26 17:32:04', '::1', 2),
(3654, 'admin', 8, 1, '??', '2017-12-26 17:44:52', '::1', 2),
(3655, 'admin', 6, 1, '??', '2017-12-26 18:07:48', '::1', 2),
(3656, 'admin', 8, 1, '??', '2017-12-26 18:08:00', '::1', 2),
(3657, 'admin', 6, 1, '??', '2017-12-26 18:14:58', '::1', 2),
(3658, 'admin', 8, 1, '??', '2017-12-26 18:15:37', '::1', 2),
(3659, 'admin', 0, 0, 'admin????', '2017-12-27 09:50:29', '::1', 1),
(3660, 'admin', 8, 1, '??', '2017-12-27 09:50:33', '::1', 2),
(3661, 'admin', 6, 1, '??', '2017-12-27 10:00:28', '::1', 2),
(3662, 'admin', 8, 1, '??', '2017-12-27 10:00:54', '::1', 2),
(3663, 'admin', 6, 1, '??', '2017-12-27 10:48:09', '::1', 2),
(3664, 'admin', 8, 1, '??', '2017-12-27 10:48:13', '::1', 2),
(3665, 'admin', 6, 1, '??', '2017-12-27 11:01:11', '::1', 2),
(3666, 'admin', 1, 1, '??', '2017-12-27 11:01:14', '::1', 2),
(3667, 'admin', 6, 1, '??', '2017-12-27 11:01:22', '::1', 2),
(3668, 'admin', 2, 1, '??', '2017-12-27 11:01:24', '::1', 2),
(3669, 'admin', 2, 1, 'admin id:2', '2017-12-27 11:01:36', '::1', 8),
(3670, 'admin', 2, 1, '??', '2017-12-27 11:01:37', '::1', 2),
(3671, 'admin', 0, 0, 'admin????', '2017-12-27 11:01:46', '::1', 1),
(3672, 'admin', 1, 1, '??', '2017-12-27 11:02:00', '::1', 2),
(3673, 'admin', 2, 1, '??', '2017-12-27 11:02:03', '::1', 2),
(3674, 'admin', 2, 1, 'admin id:2', '2017-12-27 11:02:16', '::1', 8),
(3675, 'admin', 2, 1, '??', '2017-12-27 11:02:26', '::1', 2),
(3676, 'admin', 2, 1, 'admin id:2', '2017-12-27 11:02:31', '::1', 8),
(3677, 'admin', 0, 0, 'admin????', '2017-12-27 11:02:39', '::1', 1),
(3678, 'admin', 8, 1, '??', '2017-12-27 11:02:43', '::1', 2),
(3679, 'admin', 2, 1, '??', '2017-12-27 11:19:37', '::1', 2),
(3680, 'admin', 8, 1, '??', '2017-12-27 11:39:57', '::1', 2),
(3681, 'admin', 8, 2, '??', '2017-12-27 11:42:49', '::1', 2),
(3682, 'admin', 8, 1, '??', '2017-12-27 11:42:59', '::1', 2),
(3683, 'admin', 8, 2, '??', '2017-12-27 11:43:00', '::1', 2),
(3684, 'admin', 8, 1, '??', '2017-12-27 11:43:01', '::1', 2),
(3685, 'admin', 8, 2, '??', '2017-12-27 11:43:06', '::1', 2),
(3686, 'admin', 8, 1, '??', '2017-12-27 11:51:24', '::1', 2),
(3687, 'admin', 8, 2, '??', '2017-12-27 11:51:25', '::1', 2),
(3688, 'admin', 8, 1, '??', '2017-12-27 11:56:52', '::1', 2),
(3689, 'admin', 8, 2, '??', '2017-12-27 11:56:52', '::1', 2),
(3690, 'admin', 8, 1, '??', '2017-12-27 11:56:53', '::1', 2),
(3691, 'admin', 8, 2, '??', '2017-12-27 11:56:54', '::1', 2),
(3692, 'admin', 8, 1, '??', '2017-12-27 11:56:55', '::1', 2),
(3693, 'admin', 8, 2, '??', '2017-12-27 11:56:57', '::1', 2),
(3694, 'admin', 8, 1, '??', '2017-12-27 11:57:24', '::1', 2),
(3695, 'admin', 8, 2, '??', '2017-12-27 11:59:02', '::1', 2),
(3696, 'admin', 8, 1, '??', '2017-12-27 11:59:04', '::1', 2),
(3697, 'admin', 8, 2, '??', '2017-12-27 12:00:24', '::1', 2),
(3698, 'admin', 8, 1, '??', '2017-12-27 12:00:25', '::1', 2),
(3699, 'admin', 8, 2, '??', '2017-12-27 12:00:26', '::1', 2),
(3700, 'admin', 8, 1, '??', '2017-12-27 12:12:21', '::1', 2),
(3701, 'admin', 8, 2, '??', '2017-12-27 12:12:22', '::1', 2),
(3702, 'admin', 8, 1, '??', '2017-12-27 12:13:01', '::1', 2),
(3703, 'admin', 8, 2, '??', '2017-12-27 12:13:46', '::1', 2),
(3704, 'admin', 8, 1, '??', '2017-12-27 12:13:47', '::1', 2),
(3705, 'admin', 8, 2, '??', '2017-12-27 12:13:47', '::1', 2),
(3706, 'admin', 8, 1, '??', '2017-12-27 12:13:48', '::1', 2),
(3707, 'admin', 8, 2, '??', '2017-12-27 12:13:48', '::1', 2),
(3708, 'admin', 8, 1, '??', '2017-12-27 12:13:49', '::1', 2),
(3709, 'admin', 8, 2, '??', '2017-12-27 12:13:50', '::1', 2),
(3710, 'admin', 8, 1, '??', '2017-12-27 12:14:54', '::1', 2),
(3711, 'admin', 8, 2, '??', '2017-12-27 12:14:55', '::1', 2),
(3712, 'admin', 8, 1, '??', '2017-12-27 12:16:14', '::1', 2),
(3713, 'admin', 8, 2, '??', '2017-12-27 12:16:15', '::1', 2),
(3714, 'admin', 8, 1, '??', '2017-12-27 12:16:16', '::1', 2),
(3715, 'admin', 8, 2, '??', '2017-12-27 12:16:16', '::1', 2),
(3716, 'admin', 8, 1, '??', '2017-12-27 13:43:43', '::1', 2),
(3717, 'admin', 8, 2, '??', '2017-12-27 13:43:44', '::1', 2),
(3718, 'admin', 8, 1, '??', '2017-12-27 13:48:34', '::1', 2),
(3719, 'admin', 8, 2, '??', '2017-12-27 13:50:01', '::1', 2),
(3720, 'admin', 8, 1, '??', '2017-12-27 13:50:06', '::1', 2),
(3721, 'admin', 6, 1, '??', '2017-12-27 14:23:38', '::1', 2),
(3722, 'admin', 6, 2, '??', '2017-12-27 14:28:27', '::1', 2),
(3723, 'admin', 8, 1, '??', '2017-12-27 14:34:27', '::1', 2),
(3724, 'admin', 6, 2, '??', '2017-12-27 14:44:04', '::1', 2),
(3725, 'admin', 8, 1, '??', '2017-12-27 14:44:39', '::1', 2),
(3726, 'admin', 8, 1, 'ccc id:5', '2017-12-27 14:45:32', '::1', 4),
(3727, 'admin', 8, 1, '1???(\'5\')', '2017-12-27 14:45:39', '::1', 16),
(3728, 'admin', 8, 1, 'ccc id:6', '2017-12-27 14:45:49', '::1', 4),
(3729, 'admin', 8, 1, '??', '2017-12-27 14:49:20', '::1', 2),
(3730, 'admin', 8, 1, 'ddd id:9', '2017-12-27 15:01:01', '::1', 4),
(3731, 'admin', 8, 1, '1???(\'9\')', '2017-12-27 15:01:12', '::1', 16),
(3732, 'admin', 8, 1, '1???(\'8\')', '2017-12-27 15:01:20', '::1', 16),
(3733, 'admin', 8, 1, 'ccc id:6', '2017-12-27 15:01:26', '::1', 8),
(3734, 'admin', 8, 1, '?? id:4', '2017-12-27 15:01:30', '::1', 8),
(3735, 'admin', 8, 1, 'vito id:3', '2017-12-27 15:01:33', '::1', 8),
(3736, 'admin', 8, 1, '?? id:7', '2017-12-27 15:01:36', '::1', 8),
(3737, 'admin', 8, 1, 'max id:1', '2017-12-27 15:02:02', '::1', 8),
(3738, 'admin', 8, 1, 'wade id:2', '2017-12-27 15:02:20', '::1', 8),
(3739, 'admin', 8, 1, 'ccc id:6', '2017-12-27 15:02:26', '::1', 8),
(3740, 'admin', 6, 1, '??', '2017-12-27 15:03:01', '::1', 2),
(3741, 'admin', 6, 1, '?? id:5', '2017-12-27 15:03:05', '::1', 8),
(3742, 'admin', 6, 1, '??', '2017-12-27 15:03:07', '::1', 2),
(3743, 'admin', 8, 1, '??', '2017-12-27 15:03:08', '::1', 2),
(3744, 'admin', 6, 1, '??', '2017-12-27 15:03:09', '::1', 2),
(3745, 'admin', 5, 2, '??', '2017-12-27 15:04:06', '::1', 2),
(3746, 'admin', 7, 1, '??', '2017-12-27 15:04:12', '::1', 2),
(3747, 'admin', 7, 1, 'id:9', '2017-12-27 15:04:18', '::1', 8),
(3748, 'admin', 4, 4, '??', '2017-12-27 15:04:24', '::1', 2),
(3749, 'admin', 4, 4, 'id:97', '2017-12-27 15:04:33', '::1', 8),
(3750, 'admin', 6, 1, '??', '2017-12-27 15:04:42', '::1', 2),
(3751, 'admin', 6, 2, '??', '2017-12-27 15:04:43', '::1', 2),
(3752, 'admin', 6, 1, '??', '2017-12-27 15:04:44', '::1', 2),
(3753, 'admin', 6, 3, '??', '2017-12-27 15:04:45', '::1', 2),
(3754, 'admin', 6, 2, '??', '2017-12-27 15:04:47', '::1', 2),
(3755, 'admin', 6, 2, 'id:3', '2017-12-27 15:04:52', '::1', 8),
(3756, 'admin', 8, 1, '??', '2017-12-27 15:08:24', '::1', 2),
(3757, 'admin', 8, 1, '?? id:10', '2017-12-27 15:08:56', '::1', 4),
(3758, 'admin', 8, 1, '?? id:4', '2017-12-27 15:29:51', '::1', 8),
(3759, 'admin', 8, 1, 'max id:1', '2017-12-27 15:30:06', '::1', 8),
(3760, 'admin', 8, 1, 'wade id:2', '2017-12-27 15:30:15', '::1', 8),
(3761, 'admin', 8, 1, 'vito id:3', '2017-12-27 15:30:29', '::1', 8),
(3762, 'admin', 8, 1, '妙娟 id:4', '2017-12-27 15:31:04', '::1', 8),
(3763, 'admin', 8, 1, '1筆資料(\'6\')', '2017-12-27 15:31:13', '::1', 16),
(3764, 'admin', 8, 1, '1筆資料(\'7\')', '2017-12-27 15:31:15', '::1', 16),
(3765, 'admin', 8, 1, '1筆資料(\'10\')', '2017-12-27 15:31:17', '::1', 16),
(3766, 'admin', 8, 1, '列表', '2017-12-27 15:31:21', '::1', 2),
(3767, 'admin', 8, 2, '列表', '2017-12-27 15:31:22', '::1', 2),
(3768, 'admin', 8, 1, '列表', '2017-12-27 15:31:24', '::1', 2),
(3769, 'admin', 6, 1, '列表', '2017-12-27 15:31:31', '::1', 2),
(3770, 'admin', 6, 1, '微信 id:5', '2017-12-27 15:31:41', '::1', 8),
(3771, 'admin', 6, 1, '列表', '2017-12-27 15:31:43', '::1', 2),
(3772, 'admin', 6, 2, '列表', '2017-12-27 15:31:44', '::1', 2),
(3773, 'admin', 6, 2, 'id:3', '2017-12-27 15:32:12', '::1', 8),
(3774, 'admin', 6, 1, '列表', '2017-12-27 15:32:19', '::1', 2),
(3775, 'admin', 6, 2, '列表', '2017-12-27 15:32:19', '::1', 2),
(3776, 'admin', 6, 3, '列表', '2017-12-27 15:32:20', '::1', 2),
(3777, 'admin', 3, 1, '列表', '2017-12-27 15:32:22', '::1', 2),
(3778, 'admin', 5, 2, '列表', '2017-12-27 15:32:24', '::1', 2),
(3779, 'admin', 8, 1, '列表', '2017-12-27 15:32:26', '::1', 2),
(3780, 'admin', 1, 1, '列表', '2017-12-27 16:44:45', '::1', 2),
(3781, 'admin', 2, 1, '列表', '2017-12-27 16:44:58', '::1', 2),
(3782, 'admin', 2, 1, 'admin id:2', '2017-12-27 16:45:08', '::1', 8),
(3783, 'admin', 8, 1, '列表', '2017-12-27 16:45:11', '::1', 2),
(3784, 'admin', 8, 1, 'ccc id:2', '2017-12-27 17:43:10', '::1', 4),
(3785, 'admin', 8, 1, '列表', '2017-12-27 17:44:29', '::1', 2),
(3786, 'admin', 8, 1, 'aaa id:2', '2017-12-27 17:44:42', '::1', 8),
(3787, 'admin', 8, 1, 'ss id:3', '2017-12-27 17:45:42', '::1', 4),
(3788, 'admin', 8, 1, '12:00 id:2', '2017-12-27 17:45:54', '::1', 8),
(3789, 'admin', 8, 1, 'qq id:4', '2017-12-27 17:46:18', '::1', 4),
(3790, 'admin', 8, 1, 'qq id:4', '2017-12-27 17:46:25', '::1', 8),
(3791, 'admin', 8, 1, 'ss id:3', '2017-12-27 17:50:12', '::1', 8),
(3792, 'admin', 6, 1, '列表', '2017-12-27 17:50:27', '::1', 2),
(3793, 'admin', 6, 1, 'twitter id:9', '2017-12-27 17:50:34', '::1', 8),
(3794, 'admin', 8, 1, '列表', '2017-12-27 17:50:41', '::1', 2),
(3795, 'admin', 8, 1, '12:00 id:2', '2017-12-27 17:51:13', '::1', 8);
INSERT INTO `admin_log` (`al_id`, `a_username`, `al_main_key`, `al_fun_key`, `al_descript`, `al_createtime`, `al_ip`, `al_action`) VALUES
(3796, 'admin', 8, 1, '列表', '2017-12-27 17:57:32', '::1', 2),
(3797, 'admin', 8, 1, 'ss id:5', '2017-12-27 17:57:42', '::1', 4),
(3798, 'admin', 8, 1, '1筆資料(\'2\')', '2017-12-27 17:57:49', '::1', 16),
(3799, 'admin', 8, 1, 'ss id:5', '2017-12-27 17:57:57', '::1', 8),
(3800, 'admin', 0, 0, 'admin登入成功', '2017-12-28 09:41:58', '::1', 1),
(3801, 'admin', 8, 1, '列表', '2017-12-28 09:42:02', '::1', 2),
(3802, 'admin', 8, 1, 'xx id:6', '2017-12-28 09:55:58', '::1', 4),
(3803, 'admin', 8, 1, 'xx id:6', '2017-12-28 09:56:06', '::1', 8),
(3804, 'admin', 8, 1, '列表', '2017-12-28 09:57:47', '::1', 2),
(3805, 'admin', 8, 1, '12:00 id:6', '2017-12-28 09:58:08', '::1', 8),
(3806, 'admin', 8, 1, '列表', '2017-12-28 09:58:18', '::1', 2),
(3807, 'admin', 8, 1, 'ss id:6', '2017-12-28 10:02:40', '::1', 8),
(3808, 'admin', 8, 1, 'asd id:7', '2017-12-28 10:03:01', '::1', 4),
(3809, 'admin', 8, 1, 'asd id:7', '2017-12-28 10:03:10', '::1', 8),
(3810, 'admin', 6, 1, '列表', '2017-12-28 10:06:39', '::1', 2),
(3811, 'admin', 6, 1, 'Facebook id:4', '2017-12-28 10:06:43', '::1', 8),
(3812, 'admin', 8, 1, '列表', '2017-12-28 10:06:54', '::1', 2),
(3813, 'admin', 8, 1, '1筆資料(\'3\')', '2017-12-28 10:15:17', '::1', 16),
(3814, 'admin', 8, 1, '1筆資料(\'4\')', '2017-12-28 10:15:21', '::1', 16),
(3815, 'admin', 8, 1, '1筆資料(\'5\')', '2017-12-28 10:15:23', '::1', 16),
(3816, 'admin', 8, 1, '2筆資料(\'6\',\'7\')', '2017-12-28 10:15:28', '::1', 16),
(3817, 'admin', 8, 1, 'zz id:8', '2017-12-28 10:15:37', '::1', 4),
(3818, 'admin', 8, 1, 'zz id:8', '2017-12-28 10:15:52', '::1', 8),
(3819, 'admin', 8, 1, 'fun開玩 id:1', '2017-12-28 10:16:29', '::1', 8),
(3820, 'admin', 8, 1, '列表', '2017-12-28 11:25:12', '::1', 2),
(3821, 'admin', 8, 1, 'aad id:9', '2017-12-28 12:04:47', '::1', 4),
(3822, 'admin', 8, 1, 'aad id:9', '2017-12-28 12:06:15', '::1', 8),
(3823, 'admin', 0, 0, 'admin登入成功', '2017-12-28 16:04:36', '::1', 1),
(3824, 'admin', 8, 1, '列表', '2017-12-28 16:04:41', '::1', 2),
(3825, 'admin', 0, 0, 'admin登入成功', '2017-12-28 16:53:16', '::1', 1),
(3826, 'admin', 8, 1, '列表', '2017-12-28 16:53:24', '::1', 2),
(3827, 'admin', 8, 1, '列表', '2017-12-28 17:32:26', '::1', 2),
(3828, 'admin', 0, 0, 'admin登入成功', '2017-12-29 09:54:15', '::1', 1),
(3829, 'admin', 8, 1, '列表', '2017-12-29 09:54:23', '::1', 2),
(3830, 'admin', 6, 1, '列表', '2017-12-29 09:55:01', '::1', 2),
(3831, 'admin', 6, 2, '列表', '2017-12-29 09:55:03', '::1', 2),
(3832, 'admin', 6, 3, '列表', '2017-12-29 09:55:31', '::1', 2),
(3833, 'admin', 6, 1, '列表', '2017-12-29 09:55:35', '::1', 2),
(3834, 'admin', 6, 2, '列表', '2017-12-29 09:55:37', '::1', 2),
(3835, 'admin', 6, 3, '列表', '2017-12-29 09:55:38', '::1', 2),
(3836, 'admin', 6, 2, '列表', '2017-12-29 09:55:40', '::1', 2),
(3837, 'admin', 6, 3, '列表', '2017-12-29 09:55:41', '::1', 2),
(3838, 'admin', 6, 2, '列表', '2017-12-29 09:57:33', '::1', 2),
(3839, 'admin', 6, 3, '列表', '2017-12-29 09:57:36', '::1', 2),
(3840, 'admin', 6, 2, '列表', '2017-12-29 09:57:59', '::1', 2),
(3841, 'admin', 6, 3, '列表', '2017-12-29 09:59:25', '::1', 2),
(3842, 'admin', 8, 1, '列表', '2017-12-29 10:03:34', '::1', 2),
(3843, 'admin', 8, 1, 'zz id:8', '2017-12-29 11:06:06', '::1', 8),
(3844, 'admin', 1, 1, '列表', '2017-12-29 11:09:16', '::1', 2),
(3845, 'admin', 2, 1, '列表', '2017-12-29 11:09:20', '::1', 2),
(3846, 'admin', 2, 1, 'admin id:2', '2017-12-29 11:09:36', '::1', 8),
(3847, 'admin', 8, 1, '列表', '2017-12-29 11:10:08', '::1', 2),
(3848, 'admin', 2, 1, '列表', '2017-12-29 11:58:11', '::1', 2),
(3849, 'admin', 1, 1, '列表', '2017-12-29 11:58:17', '::1', 2),
(3850, 'admin', 8, 1, '列表', '2017-12-29 11:58:18', '::1', 2),
(3851, 'admin', 1, 1, '列表', '2017-12-29 11:58:19', '::1', 2),
(3852, 'admin', 2, 1, '列表', '2017-12-29 11:58:20', '::1', 2),
(3853, 'admin', 1, 1, '列表', '2017-12-29 11:58:20', '::1', 2),
(3854, 'admin', 8, 1, '列表', '2017-12-29 11:58:21', '::1', 2),
(3855, 'admin', 6, 3, '列表', '2017-12-29 12:15:46', '::1', 2),
(3856, 'admin', 8, 1, '列表', '2017-12-29 12:18:23', '::1', 2),
(3857, 'admin', 6, 3, '列表', '2017-12-29 12:24:45', '::1', 2),
(3858, 'admin', 8, 1, '列表', '2017-12-29 14:21:52', '::1', 2),
(3859, 'admin', 6, 3, '列表', '2017-12-29 14:49:25', '::1', 2),
(3860, 'admin', 8, 1, '列表', '2017-12-29 15:00:13', '::1', 2),
(3861, 'admin', 6, 3, '列表', '2017-12-29 15:07:00', '::1', 2),
(3862, 'admin', 8, 1, '列表', '2017-12-29 15:09:27', '::1', 2),
(3863, 'admin', 6, 3, '列表', '2017-12-29 15:17:17', '::1', 2),
(3864, 'admin', 8, 1, '列表', '2017-12-29 15:38:25', '::1', 2),
(3865, 'admin', 6, 3, '列表', '2017-12-29 15:57:38', '::1', 2),
(3866, 'admin', 8, 1, '列表', '2017-12-29 16:02:48', '::1', 2),
(3867, 'admin', 8, 1, 'fun開玩 id:1', '2017-12-29 16:15:02', '::1', 8),
(3868, 'admin', 8, 1, '1筆資料(\'10\')', '2017-12-29 16:16:09', '::1', 16),
(3869, 'admin', 8, 1, 'fun開玩 id:1', '2017-12-29 16:20:15', '::1', 8),
(3870, 'admin', 8, 1, '列表', '2017-12-29 16:31:34', '::1', 2),
(3871, 'admin', 8, 1, '1筆資料(\'8\')', '2017-12-29 16:34:18', '::1', 16),
(3872, 'admin', 8, 1, '4筆資料(\'9\',\'11\',\'12\',\'13\')', '2017-12-29 16:34:25', '::1', 16),
(3873, 'admin', 8, 1, '列表', '2017-12-29 16:47:12', '::1', 2),
(3874, 'admin', 5, 2, '列表', '2017-12-29 16:47:16', '::1', 2),
(3875, 'admin', 7, 1, '列表', '2017-12-29 16:47:22', '::1', 2),
(3876, 'admin', 7, 2, '列表', '2017-12-29 16:47:32', '::1', 2),
(3877, 'admin', 4, 4, '列表', '2017-12-29 16:47:38', '::1', 2),
(3878, 'admin', 4, 4, 'id:98', '2017-12-29 16:47:45', '::1', 8),
(3879, 'admin', 4, 5, '列表', '2017-12-29 16:47:47', '::1', 2),
(3880, 'admin', 4, 6, '列表', '2017-12-29 16:47:49', '::1', 2),
(3881, 'admin', 4, 5, '列表', '2017-12-29 16:47:50', '::1', 2),
(3882, 'admin', 4, 6, '列表', '2017-12-29 16:47:54', '::1', 2),
(3883, 'admin', 3, 1, '列表', '2017-12-29 16:47:56', '::1', 2),
(3884, 'admin', 6, 1, '列表', '2017-12-29 16:48:09', '::1', 2),
(3885, 'admin', 6, 2, '列表', '2017-12-29 16:48:10', '::1', 2),
(3886, 'admin', 6, 3, '列表', '2017-12-29 16:48:11', '::1', 2),
(3887, 'admin', 6, 2, '列表', '2017-12-29 16:48:13', '::1', 2),
(3888, 'admin', 6, 1, '列表', '2017-12-29 16:48:13', '::1', 2),
(3889, 'admin', 6, 2, '列表', '2017-12-29 16:48:14', '::1', 2),
(3890, 'admin', 6, 3, '列表', '2017-12-29 16:48:14', '::1', 2),
(3891, 'admin', 8, 1, '列表', '2017-12-29 16:48:20', '::1', 2),
(3892, 'admin', 7, 1, '列表', '2017-12-29 16:48:22', '::1', 2),
(3893, 'admin', 7, 2, '列表', '2017-12-29 16:48:23', '::1', 2),
(3894, 'admin', 6, 1, '列表', '2017-12-29 16:48:25', '::1', 2),
(3895, 'admin', 6, 3, '列表', '2017-12-29 16:48:26', '::1', 2),
(3896, 'admin', 6, 2, '列表', '2017-12-29 16:48:26', '::1', 2),
(3897, 'admin', 6, 1, '列表', '2017-12-29 16:48:27', '::1', 2),
(3898, 'admin', 2, 1, '列表', '2017-12-29 16:48:29', '::1', 2),
(3899, 'admin', 1, 1, '列表', '2017-12-29 16:48:44', '::1', 2),
(3900, 'admin', 1, 2, '列表', '2017-12-29 16:48:46', '::1', 2),
(3901, 'admin', 4, 4, '列表', '2017-12-29 17:14:43', '::1', 2),
(3902, 'admin', 8, 1, '列表', '2017-12-29 17:14:51', '::1', 2),
(3903, 'admin', 8, 1, 'fun開玩 id:1', '2017-12-29 17:38:22', '::1', 8),
(3904, 'admin', 8, 1, '列表', '2017-12-29 17:52:14', '::1', 2),
(3905, 'admin', 8, 1, '美眉看MTV id:14', '2017-12-29 17:54:11', '::1', 4),
(3906, 'admin', 8, 1, '列表', '2017-12-29 17:55:20', '::1', 2),
(3907, 'admin', 8, 1, 'fun開玩 id:1', '2017-12-29 18:19:04', '::1', 8),
(3908, 'admin', 8, 1, '列表', '2018-01-02 12:22:24', '127.0.0.1', 2),
(3909, 'admin', 5, 2, '列表', '2018-01-02 12:22:31', '127.0.0.1', 2),
(3910, 'admin', 8, 1, '列表', '2018-01-02 13:49:18', '127.0.0.1', 2),
(3911, 'admin', 5, 2, '列表', '2018-01-02 13:51:20', '127.0.0.1', 2),
(3912, 'admin', 8, 1, '列表', '2018-01-02 13:55:32', '127.0.0.1', 2),
(3913, 'admin', 5, 2, '列表', '2018-01-02 13:55:34', '127.0.0.1', 2),
(3914, 'admin', 7, 1, '列表', '2018-01-02 13:57:54', '127.0.0.1', 2),
(3915, 'admin', 7, 2, '列表', '2018-01-02 13:57:58', '127.0.0.1', 2),
(3916, 'admin', 7, 1, '列表', '2018-01-02 13:57:58', '127.0.0.1', 2),
(3917, 'admin', 5, 2, '列表', '2018-01-02 13:58:01', '127.0.0.1', 2),
(3918, 'admin', 7, 1, '列表', '2018-01-02 14:01:19', '127.0.0.1', 2),
(3919, 'admin', 5, 2, '列表', '2018-01-02 14:01:23', '127.0.0.1', 2),
(3920, 'admin', 8, 1, '列表', '2018-01-02 14:02:33', '127.0.0.1', 2),
(3921, 'admin', 6, 1, '列表', '2018-01-02 14:02:38', '127.0.0.1', 2),
(3922, 'admin', 6, 2, '列表', '2018-01-02 14:02:39', '127.0.0.1', 2),
(3923, 'admin', 6, 1, '列表', '2018-01-02 14:02:40', '127.0.0.1', 2),
(3924, 'admin', 6, 2, '列表', '2018-01-02 14:02:44', '127.0.0.1', 2),
(3925, 'admin', 6, 3, '列表', '2018-01-02 14:02:45', '127.0.0.1', 2),
(3926, 'admin', 6, 2, '列表', '2018-01-02 14:02:46', '127.0.0.1', 2),
(3927, 'admin', 6, 3, '列表', '2018-01-02 14:02:48', '127.0.0.1', 2),
(3928, 'admin', 3, 1, '列表', '2018-01-02 14:02:50', '127.0.0.1', 2),
(3929, 'admin', 3, 4, '列表', '2018-01-02 14:02:51', '127.0.0.1', 2),
(3930, 'admin', 3, 2, '列表', '2018-01-02 14:02:51', '127.0.0.1', 2),
(3931, 'admin', 3, 3, '列表', '2018-01-02 14:02:52', '127.0.0.1', 2),
(3932, 'admin', 3, 4, '列表', '2018-01-02 14:02:52', '127.0.0.1', 2),
(3933, 'admin', 3, 3, '列表', '2018-01-02 14:02:53', '127.0.0.1', 2),
(3934, 'admin', 3, 4, '列表', '2018-01-02 14:02:54', '127.0.0.1', 2),
(3935, 'admin', 3, 5, '列表', '2018-01-02 14:02:55', '127.0.0.1', 2),
(3936, 'admin', 4, 4, '列表', '2018-01-02 14:02:56', '127.0.0.1', 2),
(3937, 'admin', 4, 5, '列表', '2018-01-02 14:02:58', '127.0.0.1', 2),
(3938, 'admin', 4, 6, '列表', '2018-01-02 14:02:58', '127.0.0.1', 2),
(3939, 'admin', 7, 1, '列表', '2018-01-02 14:02:59', '127.0.0.1', 2),
(3940, 'admin', 7, 2, '列表', '2018-01-02 14:03:00', '127.0.0.1', 2),
(3941, 'admin', 5, 2, '列表', '2018-01-02 14:03:02', '127.0.0.1', 2),
(3942, 'admin', 7, 1, '列表', '2018-01-02 14:03:04', '127.0.0.1', 2),
(3943, 'admin', 7, 2, '列表', '2018-01-02 14:03:06', '127.0.0.1', 2),
(3944, 'admin', 7, 1, '列表', '2018-01-02 14:03:08', '127.0.0.1', 2),
(3945, 'admin', 5, 2, '列表', '2018-01-02 14:03:14', '127.0.0.1', 2),
(3946, 'admin', 6, 2, '列表', '2018-01-02 14:03:39', '127.0.0.1', 2),
(3947, 'admin', 5, 2, '列表', '2018-01-02 14:06:43', '127.0.0.1', 2),
(3948, 'admin', 4, 5, '列表', '2018-01-02 14:11:42', '127.0.0.1', 2),
(3949, 'admin', 4, 4, '列表', '2018-01-02 14:11:43', '127.0.0.1', 2),
(3950, 'admin', 4, 5, '列表', '2018-01-02 14:11:44', '127.0.0.1', 2),
(3951, 'admin', 8, 1, '列表', '2018-01-02 14:14:31', '127.0.0.1', 2),
(3952, 'admin', 5, 2, '列表', '2018-01-02 14:14:34', '127.0.0.1', 2),
(3953, 'admin', 4, 5, '列表', '2018-01-02 14:20:21', '127.0.0.1', 2),
(3954, 'admin', 4, 4, '列表', '2018-01-02 14:21:39', '127.0.0.1', 2),
(3955, 'admin', 4, 5, '列表', '2018-01-02 14:21:40', '127.0.0.1', 2),
(3956, 'admin', 3, 1, '列表', '2018-01-02 14:21:42', '127.0.0.1', 2),
(3957, 'admin', 3, 3, '列表', '2018-01-02 14:21:43', '127.0.0.1', 2),
(3958, 'admin', 3, 4, '列表', '2018-01-02 14:21:43', '127.0.0.1', 2),
(3959, 'admin', 7, 1, '列表', '2018-01-02 14:21:45', '127.0.0.1', 2),
(3960, 'admin', 4, 5, '列表', '2018-01-02 14:21:47', '127.0.0.1', 2),
(3961, 'admin', 4, 4, '列表', '2018-01-02 14:23:27', '127.0.0.1', 2),
(3962, 'admin', 4, 5, '列表', '2018-01-02 14:23:33', '127.0.0.1', 2),
(3963, 'admin', 4, 4, '列表', '2018-01-02 14:25:47', '127.0.0.1', 2),
(3964, 'admin', 8, 1, '列表', '2018-01-02 14:27:57', '127.0.0.1', 2),
(3965, 'admin', 7, 1, '列表', '2018-01-02 14:28:01', '127.0.0.1', 2),
(3966, 'admin', 4, 4, '列表', '2018-01-02 14:28:04', '127.0.0.1', 2),
(3967, 'admin', 4, 5, '列表', '2018-01-02 14:30:15', '127.0.0.1', 2),
(3968, 'admin', 4, 6, '列表', '2018-01-02 14:30:24', '127.0.0.1', 2),
(3969, 'admin', 4, 5, '列表', '2018-01-02 14:30:26', '127.0.0.1', 2),
(3970, 'admin', 8, 1, '列表', '2018-01-02 14:30:27', '127.0.0.1', 2),
(3971, 'admin', 5, 2, '列表', '2018-01-02 14:30:29', '127.0.0.1', 2),
(3972, 'admin', 7, 1, '列表', '2018-01-02 14:30:34', '127.0.0.1', 2),
(3973, 'admin', 7, 2, '列表', '2018-01-02 14:30:35', '127.0.0.1', 2),
(3974, 'admin', 4, 4, '列表', '2018-01-02 14:30:44', '127.0.0.1', 2),
(3975, 'admin', 4, 5, '列表', '2018-01-02 14:30:45', '127.0.0.1', 2),
(3976, 'admin', 5, 2, '列表', '2018-01-02 14:33:29', '127.0.0.1', 2),
(3977, 'admin', 6, 2, '列表', '2018-01-02 14:33:46', '127.0.0.1', 2),
(3978, 'admin', 5, 2, '列表', '2018-01-02 14:34:39', '127.0.0.1', 2),
(3979, 'admin', 4, 5, '列表', '2018-01-02 14:37:30', '127.0.0.1', 2),
(3980, 'admin', 6, 2, '列表', '2018-01-02 14:38:02', '127.0.0.1', 2),
(3981, 'admin', 6, 1, '列表', '2018-01-02 14:38:10', '127.0.0.1', 2),
(3982, 'admin', 6, 2, '列表', '2018-01-02 14:38:11', '127.0.0.1', 2),
(3983, 'admin', 6, 3, '列表', '2018-01-02 14:38:16', '127.0.0.1', 2),
(3984, 'admin', 6, 2, '列表', '2018-01-02 14:38:51', '127.0.0.1', 2),
(3985, 'admin', 6, 3, '列表', '2018-01-02 14:39:11', '127.0.0.1', 2),
(3986, 'admin', 6, 2, '列表', '2018-01-02 14:39:12', '127.0.0.1', 2),
(3987, 'admin', 6, 3, '列表', '2018-01-02 14:39:13', '127.0.0.1', 2),
(3988, 'admin', 6, 2, '列表', '2018-01-02 14:39:13', '127.0.0.1', 2),
(3989, 'admin', 6, 3, '列表', '2018-01-02 14:39:21', '127.0.0.1', 2),
(3990, 'admin', 7, 1, '列表', '2018-01-02 14:39:44', '127.0.0.1', 2),
(3991, 'admin', 8, 1, '列表', '2018-01-02 14:39:50', '127.0.0.1', 2),
(3992, 'admin', 5, 2, '列表', '2018-01-02 14:39:52', '127.0.0.1', 2),
(3993, 'admin', 8, 1, '列表', '2018-01-02 14:41:33', '127.0.0.1', 2),
(3994, 'admin', 8, 1, '列表', '2018-01-02 15:27:18', '127.0.0.1', 2),
(3995, 'admin', 4, 4, '列表', '2018-01-02 15:28:49', '127.0.0.1', 2),
(3996, 'admin', 4, 5, '列表', '2018-01-02 15:28:49', '127.0.0.1', 2),
(3997, 'admin', 4, 6, '列表', '2018-01-02 15:28:50', '127.0.0.1', 2),
(3998, 'admin', 5, 2, '列表', '2018-01-02 15:28:51', '127.0.0.1', 2),
(3999, 'admin', 7, 1, '列表', '2018-01-02 15:29:00', '127.0.0.1', 2),
(4000, 'admin', 7, 2, '列表', '2018-01-02 15:29:01', '127.0.0.1', 2),
(4001, 'admin', 4, 4, '列表', '2018-01-02 15:29:02', '127.0.0.1', 2),
(4002, 'admin', 4, 5, '列表', '2018-01-02 15:29:03', '127.0.0.1', 2),
(4003, 'admin', 4, 6, '列表', '2018-01-02 15:29:03', '127.0.0.1', 2),
(4004, 'admin', 4, 4, '列表', '2018-01-02 15:29:04', '127.0.0.1', 2),
(4005, 'admin', 4, 5, '列表', '2018-01-02 15:29:05', '127.0.0.1', 2),
(4006, 'admin', 5, 2, '列表', '2018-01-02 15:29:30', '127.0.0.1', 2),
(4007, 'admin', 4, 5, '列表', '2018-01-02 15:29:34', '127.0.0.1', 2),
(4008, 'admin', 6, 2, '列表', '2018-01-02 15:32:57', '127.0.0.1', 2),
(4009, 'admin', 7, 1, '列表', '2018-01-02 15:33:13', '127.0.0.1', 2),
(4010, 'admin', 5, 2, '列表', '2018-01-02 15:34:42', '127.0.0.1', 2),
(4011, 'admin', 4, 4, '列表', '2018-01-02 15:34:45', '127.0.0.1', 2),
(4012, 'admin', 4, 5, '列表', '2018-01-02 15:34:46', '127.0.0.1', 2),
(4013, 'admin', 5, 2, '列表', '2018-01-02 15:34:49', '127.0.0.1', 2),
(4014, 'admin', 4, 5, '列表', '2018-01-02 15:35:51', '127.0.0.1', 2),
(4015, 'admin', 6, 2, '列表', '2018-01-02 15:35:56', '127.0.0.1', 2),
(4016, 'admin', 5, 2, '列表', '2018-01-02 15:36:04', '127.0.0.1', 2),
(4017, 'admin', 7, 1, '列表', '2018-01-02 15:36:06', '127.0.0.1', 2),
(4018, 'admin', 7, 2, '列表', '2018-01-02 15:36:34', '127.0.0.1', 2),
(4019, 'admin', 5, 2, '列表', '2018-01-02 15:36:35', '127.0.0.1', 2),
(4020, 'admin', 8, 1, '列表', '2018-01-02 15:36:37', '127.0.0.1', 2),
(4021, 'admin', 7, 1, '列表', '2018-01-02 15:36:39', '127.0.0.1', 2),
(4022, 'admin', 7, 2, '列表', '2018-01-02 15:36:40', '127.0.0.1', 2),
(4023, 'admin', 5, 2, '列表', '2018-01-02 15:36:41', '127.0.0.1', 2),
(4024, 'admin', 8, 1, '列表', '2018-01-02 15:36:42', '127.0.0.1', 2),
(4025, 'admin', 4, 4, '列表', '2018-01-02 15:36:44', '127.0.0.1', 2),
(4026, 'admin', 4, 5, '列表', '2018-01-02 15:36:44', '127.0.0.1', 2),
(4027, 'admin', 3, 1, '列表', '2018-01-02 15:36:46', '127.0.0.1', 2),
(4028, 'admin', 3, 2, '列表', '2018-01-02 15:36:46', '127.0.0.1', 2),
(4029, 'admin', 3, 3, '列表', '2018-01-02 15:36:47', '127.0.0.1', 2),
(4030, 'admin', 3, 4, '列表', '2018-01-02 15:36:47', '127.0.0.1', 2),
(4031, 'admin', 3, 3, '列表', '2018-01-02 15:36:48', '127.0.0.1', 2),
(4032, 'admin', 3, 4, '列表', '2018-01-02 15:36:50', '127.0.0.1', 2),
(4033, 'admin', 3, 5, '列表', '2018-01-02 15:36:54', '127.0.0.1', 2),
(4034, 'admin', 3, 4, '列表', '2018-01-02 15:37:03', '127.0.0.1', 2),
(4035, 'admin', 3, 3, '列表', '2018-01-02 15:37:04', '127.0.0.1', 2),
(4036, 'admin', 3, 4, '列表', '2018-01-02 15:37:05', '127.0.0.1', 2),
(4037, 'admin', 5, 2, '列表', '2018-01-02 15:39:19', '127.0.0.1', 2),
(4038, 'admin', 7, 1, '列表', '2018-01-02 15:40:39', '127.0.0.1', 2),
(4039, 'admin', 4, 4, '列表', '2018-01-02 15:40:40', '127.0.0.1', 2),
(4040, 'admin', 4, 5, '列表', '2018-01-02 15:40:40', '127.0.0.1', 2),
(4041, 'admin', 4, 6, '列表', '2018-01-02 15:40:41', '127.0.0.1', 2),
(4042, 'admin', 3, 1, '列表', '2018-01-02 15:40:42', '127.0.0.1', 2),
(4043, 'admin', 3, 3, '列表', '2018-01-02 15:40:43', '127.0.0.1', 2),
(4044, 'admin', 3, 4, '列表', '2018-01-02 15:40:43', '127.0.0.1', 2),
(4045, 'admin', 3, 5, '列表', '2018-01-02 15:40:44', '127.0.0.1', 2),
(4046, 'admin', 6, 1, '列表', '2018-01-02 15:40:46', '127.0.0.1', 2),
(4047, 'admin', 6, 2, '列表', '2018-01-02 15:40:46', '127.0.0.1', 2),
(4048, 'admin', 6, 3, '列表', '2018-01-02 15:40:47', '127.0.0.1', 2),
(4049, 'admin', 2, 1, '列表', '2018-01-02 15:40:49', '127.0.0.1', 2),
(4050, 'admin', 3, 3, '列表', '2018-01-02 15:42:36', '127.0.0.1', 2),
(4051, 'admin', 3, 5, '列表', '2018-01-02 15:42:36', '127.0.0.1', 2),
(4052, 'admin', 3, 4, '列表', '2018-01-02 15:42:37', '127.0.0.1', 2),
(4053, 'admin', 3, 3, '列表', '2018-01-02 15:42:39', '127.0.0.1', 2),
(4054, 'admin', 3, 4, '列表', '2018-01-02 15:44:28', '127.0.0.1', 2),
(4055, 'admin', 3, 5, '列表', '2018-01-02 15:44:29', '127.0.0.1', 2),
(4056, 'admin', 4, 5, '列表', '2018-01-02 15:44:30', '127.0.0.1', 2),
(4057, 'admin', 4, 6, '列表', '2018-01-02 15:44:31', '127.0.0.1', 2),
(4058, 'admin', 8, 1, '列表', '2018-01-02 15:47:03', '127.0.0.1', 2),
(4059, 'admin', 4, 4, '列表', '2018-01-02 15:47:52', '127.0.0.1', 2),
(4060, 'admin', 4, 5, '列表', '2018-01-02 15:47:53', '127.0.0.1', 2),
(4061, 'admin', 4, 6, '列表', '2018-01-02 15:47:53', '127.0.0.1', 2),
(4062, 'admin', 4, 5, '列表', '2018-01-02 15:47:54', '127.0.0.1', 2),
(4063, 'admin', 4, 4, '列表', '2018-01-02 15:48:10', '127.0.0.1', 2),
(4064, 'admin', 4, 5, '列表', '2018-01-02 15:48:11', '127.0.0.1', 2),
(4065, 'admin', 4, 6, '列表', '2018-01-02 15:48:11', '127.0.0.1', 2),
(4066, 'admin', 4, 5, '列表', '2018-01-02 15:48:12', '127.0.0.1', 2),
(4067, 'admin', 4, 6, '列表', '2018-01-02 15:48:40', '127.0.0.1', 2),
(4068, 'admin', 4, 5, '列表', '2018-01-02 15:48:41', '127.0.0.1', 2),
(4069, 'admin', 3, 1, '列表', '2018-01-02 15:48:42', '127.0.0.1', 2),
(4070, 'admin', 3, 3, '列表', '2018-01-02 15:48:43', '127.0.0.1', 2),
(4071, 'admin', 3, 4, '列表', '2018-01-02 15:48:43', '127.0.0.1', 2),
(4072, 'admin', 3, 5, '列表', '2018-01-02 15:48:46', '127.0.0.1', 2),
(4073, 'admin', 4, 5, '列表', '2018-01-02 15:48:48', '127.0.0.1', 2),
(4074, 'admin', 4, 6, '列表', '2018-01-02 15:48:49', '127.0.0.1', 2),
(4075, 'admin', 4, 5, '列表', '2018-01-02 15:50:56', '127.0.0.1', 2),
(4076, 'admin', 4, 6, '列表', '2018-01-02 15:50:57', '127.0.0.1', 2),
(4077, 'admin', 7, 1, '列表', '2018-01-02 15:50:59', '127.0.0.1', 2),
(4078, 'admin', 8, 1, '列表', '2018-01-02 15:51:00', '127.0.0.1', 2),
(4079, 'admin', 5, 2, '列表', '2018-01-02 15:51:02', '127.0.0.1', 2),
(4080, 'admin', 6, 1, '列表', '2018-01-02 15:51:08', '127.0.0.1', 2),
(4081, 'admin', 6, 2, '列表', '2018-01-02 15:51:09', '127.0.0.1', 2),
(4082, 'admin', 6, 3, '列表', '2018-01-02 15:51:09', '127.0.0.1', 2),
(4083, 'admin', 6, 1, '列表', '2018-01-02 15:54:16', '127.0.0.1', 2),
(4084, 'admin', 6, 2, '列表', '2018-01-02 15:54:23', '127.0.0.1', 2),
(4085, 'admin', 6, 1, '列表', '2018-01-02 15:54:27', '127.0.0.1', 2),
(4086, 'admin', 6, 2, '列表', '2018-01-02 15:54:27', '127.0.0.1', 2),
(4087, 'admin', 7, 1, '列表', '2018-01-02 16:30:04', '127.0.0.1', 2),
(4088, 'admin', 7, 2, '列表', '2018-01-02 16:30:05', '127.0.0.1', 2),
(4089, 'admin', 5, 2, '列表', '2018-01-02 16:30:10', '127.0.0.1', 2),
(4090, 'admin', 6, 1, '列表', '2018-01-02 16:57:16', '127.0.0.1', 2),
(4091, 'admin', 6, 2, '列表', '2018-01-02 16:57:18', '127.0.0.1', 2),
(4092, 'admin', 0, 0, 'admin登入成功', '2018-01-02 17:12:27', '::1', 1),
(4093, 'admin', 7, 1, '列表', '2018-01-02 17:12:34', '::1', 2),
(4094, 'admin', 7, 2, '列表', '2018-01-02 17:12:35', '::1', 2),
(4095, 'admin', 7, 1, '列表', '2018-01-02 17:12:50', '::1', 2),
(4096, 'admin', 8, 1, '列表', '2018-01-02 17:12:51', '::1', 2),
(4097, 'admin', 5, 2, '列表', '2018-01-02 17:12:58', '::1', 2),
(4098, 'admin', 8, 1, '列表', '2018-01-02 17:13:07', '::1', 2),
(4099, 'admin', 3, 1, '列表', '2018-01-02 17:13:38', '::1', 2),
(4100, 'admin', 3, 3, '列表', '2018-01-02 17:13:39', '::1', 2),
(4101, 'admin', 7, 1, '列表', '2018-01-02 17:13:42', '::1', 2),
(4102, 'admin', 3, 2, '列表', '2018-01-02 17:13:43', '::1', 2),
(4103, 'admin', 3, 3, '列表', '2018-01-02 17:13:44', '::1', 2),
(4104, 'admin', 3, 4, '列表', '2018-01-02 17:13:45', '::1', 2),
(4105, 'admin', 3, 1, '列表', '2018-01-02 17:21:16', '::1', 2),
(4106, 'admin', 3, 3, '列表', '2018-01-02 17:21:18', '::1', 2),
(4107, 'admin', 3, 4, '列表', '2018-01-02 17:21:19', '::1', 2),
(4108, 'admin', 6, 1, '列表', '2018-01-02 17:30:06', '127.0.0.1', 2),
(4109, 'admin', 6, 2, '列表', '2018-01-02 17:30:07', '127.0.0.1', 2),
(4110, 'admin', 6, 3, '列表', '2018-01-02 17:30:11', '127.0.0.1', 2),
(4111, 'admin', 6, 2, '列表', '2018-01-02 17:30:12', '127.0.0.1', 2),
(4112, 'admin', 6, 3, '列表', '2018-01-02 17:32:06', '127.0.0.1', 2),
(4113, 'admin', 6, 2, '列表', '2018-01-02 17:32:08', '127.0.0.1', 2),
(4114, 'admin', 6, 1, '列表', '2018-01-02 17:33:06', '127.0.0.1', 2),
(4115, 'admin', 6, 2, '列表', '2018-01-02 17:33:07', '127.0.0.1', 2),
(4116, 'admin', 6, 3, '列表', '2018-01-02 17:33:09', '127.0.0.1', 2),
(4117, 'admin', 6, 2, '列表', '2018-01-02 17:33:10', '127.0.0.1', 2),
(4118, 'admin', 6, 3, '列表', '2018-01-02 17:33:12', '127.0.0.1', 2),
(4119, 'admin', 6, 2, '列表', '2018-01-02 17:33:17', '127.0.0.1', 2),
(4120, 'admin', 6, 1, '列表', '2018-01-02 17:33:22', '127.0.0.1', 2),
(4121, 'admin', 6, 3, '列表', '2018-01-02 17:33:24', '127.0.0.1', 2),
(4122, 'admin', 6, 1, '列表', '2018-01-02 17:33:26', '127.0.0.1', 2),
(4123, 'admin', 6, 2, '列表', '2018-01-02 17:33:28', '127.0.0.1', 2),
(4124, 'admin', 6, 3, '列表', '2018-01-02 17:35:19', '127.0.0.1', 2),
(4125, 'admin', 6, 2, '列表', '2018-01-02 17:35:32', '127.0.0.1', 2),
(4126, 'admin', 6, 3, '列表', '2018-01-02 17:38:16', '127.0.0.1', 2),
(4127, 'admin', 6, 2, '列表', '2018-01-02 17:41:33', '127.0.0.1', 2),
(4128, 'admin', 6, 3, '列表', '2018-01-02 17:41:33', '127.0.0.1', 2),
(4129, 'admin', 3, 2, '列表', '2018-01-02 17:41:34', '127.0.0.1', 2),
(4130, 'admin', 3, 4, '列表', '2018-01-02 17:41:35', '127.0.0.1', 2),
(4131, 'admin', 3, 3, '列表', '2018-01-02 17:41:35', '127.0.0.1', 2),
(4132, 'admin', 3, 4, '列表', '2018-01-02 17:41:36', '127.0.0.1', 2),
(4133, 'admin', 3, 5, '列表', '2018-01-02 17:41:36', '127.0.0.1', 2),
(4134, 'admin', 4, 4, '列表', '2018-01-02 17:41:37', '127.0.0.1', 2),
(4135, 'admin', 4, 5, '列表', '2018-01-02 17:41:38', '127.0.0.1', 2),
(4136, 'admin', 4, 6, '列表', '2018-01-02 17:41:39', '127.0.0.1', 2),
(4137, 'admin', 7, 1, '列表', '2018-01-02 17:41:40', '127.0.0.1', 2),
(4138, 'admin', 7, 2, '列表', '2018-01-02 17:41:41', '127.0.0.1', 2),
(4139, 'admin', 5, 2, '列表', '2018-01-02 17:41:42', '127.0.0.1', 2),
(4140, 'admin', 8, 1, '列表', '2018-01-02 17:41:43', '127.0.0.1', 2),
(4141, 'admin', 5, 2, '列表', '2018-01-02 17:41:45', '127.0.0.1', 2),
(4142, 'admin', 3, 2, '列表', '2018-01-02 18:01:56', '127.0.0.1', 2),
(4143, 'admin', 3, 3, '列表', '2018-01-02 18:01:57', '127.0.0.1', 2),
(4144, 'admin', 3, 4, '列表', '2018-01-02 18:01:57', '127.0.0.1', 2),
(4145, 'admin', 6, 2, '列表', '2018-01-02 18:01:59', '127.0.0.1', 2),
(4146, 'admin', 0, 0, 'admin登入成功', '2018-01-03 09:34:28', '127.0.0.1', 1),
(4147, 'admin', 6, 2, '列表', '2018-01-03 09:34:33', '127.0.0.1', 2),
(4148, 'admin', 1, 1, '列表', '2018-01-03 09:34:36', '127.0.0.1', 2),
(4149, 'admin', 1, 2, '列表', '2018-01-03 09:59:15', '127.0.0.1', 2),
(4150, 'admin', 2, 1, '列表', '2018-01-03 09:59:16', '127.0.0.1', 2),
(4151, 'admin', 6, 1, '列表', '2018-01-03 09:59:18', '127.0.0.1', 2),
(4152, 'admin', 6, 2, '列表', '2018-01-03 09:59:18', '127.0.0.1', 2),
(4153, 'admin', 6, 3, '列表', '2018-01-03 09:59:19', '127.0.0.1', 2),
(4154, 'admin', 3, 1, '列表', '2018-01-03 09:59:20', '127.0.0.1', 2),
(4155, 'admin', 3, 2, '列表', '2018-01-03 09:59:21', '127.0.0.1', 2),
(4156, 'admin', 6, 2, '列表', '2018-01-03 10:00:15', '127.0.0.1', 2),
(4157, 'admin', 6, 3, '列表', '2018-01-03 10:00:33', '127.0.0.1', 2),
(4158, 'admin', 6, 3, 'id:3', '2018-01-03 10:01:04', '127.0.0.1', 4),
(4159, 'admin', 6, 2, '列表', '2018-01-03 10:02:05', '127.0.0.1', 2),
(4160, 'admin', 6, 3, '列表', '2018-01-03 10:05:56', '127.0.0.1', 2),
(4161, 'admin', 6, 2, '列表', '2018-01-03 10:06:07', '127.0.0.1', 2),
(4162, 'admin', 6, 3, '列表', '2018-01-03 10:18:05', '127.0.0.1', 2),
(4163, 'admin', 0, 0, 'admin登入成功', '2018-01-03 10:18:22', '::1', 1),
(4164, 'admin', 6, 2, '列表', '2018-01-03 10:25:16', '127.0.0.1', 2),
(4165, 'admin', 6, 3, '列表', '2018-01-03 10:33:21', '127.0.0.1', 2),
(4166, 'admin', 6, 2, '列表', '2018-01-03 10:33:37', '127.0.0.1', 2),
(4167, 'admin', 8, 1, '列表', '2018-01-03 10:39:05', '127.0.0.1', 2),
(4168, 'admin', 2, 1, '列表', '2018-01-03 10:40:45', '127.0.0.1', 2),
(4169, 'admin', 6, 2, '列表', '2018-01-03 10:41:06', '127.0.0.1', 2),
(4170, 'admin', 6, 1, '列表', '2018-01-03 10:41:07', '127.0.0.1', 2),
(4171, 'admin', 6, 2, '列表', '2018-01-03 10:47:43', '127.0.0.1', 2),
(4172, 'admin', 6, 3, '列表', '2018-01-03 10:47:44', '127.0.0.1', 2),
(4173, 'admin', 6, 1, '列表', '2018-01-03 10:47:44', '127.0.0.1', 2),
(4174, 'admin', 6, 2, '列表', '2018-01-03 10:49:18', '127.0.0.1', 2),
(4175, 'admin', 6, 3, '列表', '2018-01-03 10:54:09', '127.0.0.1', 2),
(4176, 'admin', 6, 3, 'id:1', '2018-01-03 10:54:16', '127.0.0.1', 8),
(4177, 'admin', 6, 3, 'id:3', '2018-01-03 10:54:33', '127.0.0.1', 8),
(4178, 'admin', 6, 3, 'id:2', '2018-01-03 10:55:00', '127.0.0.1', 8),
(4179, 'admin', 6, 3, 'id:1', '2018-01-03 10:55:47', '127.0.0.1', 8),
(4180, 'admin', 6, 2, '列表', '2018-01-03 11:00:18', '127.0.0.1', 2),
(4181, 'admin', 6, 3, '列表', '2018-01-03 11:00:19', '127.0.0.1', 2),
(4182, 'admin', 6, 2, '列表', '2018-01-03 11:00:20', '127.0.0.1', 2),
(4183, 'admin', 6, 1, '列表', '2018-01-03 11:00:23', '127.0.0.1', 2),
(4184, 'admin', 5, 2, '列表', '2018-01-03 11:00:26', '127.0.0.1', 2),
(4185, 'admin', 6, 2, '列表', '2018-01-03 11:01:37', '127.0.0.1', 2),
(4186, 'admin', 6, 3, '列表', '2018-01-03 11:09:51', '127.0.0.1', 2),
(4187, 'admin', 6, 1, '列表', '2018-01-03 11:09:56', '127.0.0.1', 2),
(4188, 'admin', 3, 1, '列表', '2018-01-03 11:10:00', '127.0.0.1', 2),
(4189, 'admin', 6, 3, '列表', '2018-01-03 11:14:12', '127.0.0.1', 2),
(4190, 'admin', 6, 1, '列表', '2018-01-03 11:14:16', '127.0.0.1', 2),
(4191, 'admin', 6, 3, '列表', '2018-01-03 11:14:18', '127.0.0.1', 2),
(4192, 'admin', 3, 1, '列表', '2018-01-03 11:18:37', '::1', 2),
(4193, 'admin', 1, 1, '列表', '2018-01-03 11:18:49', '::1', 2),
(4194, 'admin', 2, 1, '列表', '2018-01-03 11:18:58', '::1', 2),
(4195, 'admin', 1, 1, '列表', '2018-01-03 11:19:00', '::1', 2),
(4196, 'admin', 3, 4, '列表', '2018-01-03 11:25:31', '::1', 2),
(4197, 'admin', 1, 1, '列表', '2018-01-03 11:27:50', '::1', 2),
(4198, 'admin', 6, 1, '列表', '2018-01-03 11:28:04', '127.0.0.1', 2),
(4199, 'admin', 2, 1, '列表', '2018-01-03 11:28:09', '127.0.0.1', 2),
(4200, 'admin', 2, 1, 'admin id:2', '2018-01-03 11:28:19', '127.0.0.1', 8),
(4201, 'admin', 2, 1, '列表', '2018-01-03 11:28:21', '127.0.0.1', 2),
(4202, 'admin', 1, 1, '列表', '2018-01-03 11:28:33', '127.0.0.1', 2),
(4203, 'admin', 0, 0, 'admin登入成功', '2018-01-03 11:28:43', '127.0.0.1', 1),
(4204, 'admin', 6, 4, '列表', '2018-01-03 11:28:49', '127.0.0.1', 2),
(4205, 'admin', 6, 3, '列表', '2018-01-03 11:28:50', '127.0.0.1', 2),
(4206, 'admin', 6, 2, '列表', '2018-01-03 11:32:07', '127.0.0.1', 2),
(4207, 'admin', 6, 2, 'id:1', '2018-01-03 11:37:11', '127.0.0.1', 4),
(4208, 'admin', 6, 2, 'id:2', '2018-01-03 11:37:21', '127.0.0.1', 4),
(4209, 'admin', 6, 2, 'id:3', '2018-01-03 11:37:58', '127.0.0.1', 4),
(4210, 'admin', 6, 2, '列表', '2018-01-03 11:38:01', '127.0.0.1', 2),
(4211, 'admin', 6, 2, '1筆資料(\'1\')', '2018-01-03 11:41:13', '127.0.0.1', 16),
(4212, 'admin', 6, 2, '1筆資料(\'2\')', '2018-01-03 11:41:16', '127.0.0.1', 16),
(4213, 'admin', 6, 2, '1筆資料(\'3\')', '2018-01-03 11:41:18', '127.0.0.1', 16),
(4214, 'admin', 6, 2, 'id:4', '2018-01-03 11:41:33', '127.0.0.1', 4),
(4215, 'admin', 6, 2, 'id:4', '2018-01-03 11:42:02', '127.0.0.1', 8),
(4216, 'admin', 6, 2, '列表', '2018-01-03 11:44:57', '127.0.0.1', 2),
(4217, 'admin', 6, 2, '1筆資料(\'4\')', '2018-01-03 11:50:43', '127.0.0.1', 16),
(4218, 'admin', 6, 2, 'id:5', '2018-01-03 11:50:51', '127.0.0.1', 4),
(4219, 'admin', 6, 2, '列表', '2018-01-03 11:51:24', '127.0.0.1', 2),
(4220, 'admin', 0, 0, 'admin登入成功', '2018-01-04 09:53:43', '::1', 1),
(4221, 'admin', 8, 1, '列表', '2018-01-04 09:56:32', '::1', 2),
(4222, 'admin', 8, 1, '1筆資料(\'20\')', '2018-01-04 09:59:02', '::1', 16),
(4223, 'admin', 8, 1, '列表', '2018-01-04 10:04:56', '::1', 2),
(4224, 'admin', 8, 1, '列表', '2018-01-04 10:32:04', '::1', 2),
(4225, 'admin', 6, 3, '列表', '2018-01-04 10:32:49', '::1', 2),
(4226, 'admin', 8, 1, '列表', '2018-01-04 10:32:52', '::1', 2),
(4227, 'admin', 0, 0, 'admin登入成功', '2018-01-04 10:33:40', '::1', 1),
(4228, 'admin', 8, 1, '列表', '2018-01-04 10:33:45', '::1', 2),
(4229, 'admin', 5, 2, '列表', '2018-01-04 11:58:35', '::1', 2),
(4230, 'admin', 8, 1, '列表', '2018-01-04 11:58:59', '::1', 2),
(4231, 'admin', 0, 0, 'admin登入成功', '2018-01-04 13:48:23', '::1', 1),
(4232, 'admin', 8, 1, '列表', '2018-01-04 13:48:29', '::1', 2),
(4233, 'admin', 8, 1, 'fun開玩 id:1', '2018-01-04 13:48:43', '::1', 8),
(4234, 'admin', 8, 1, '列表', '2018-01-04 13:55:49', '::1', 2),
(4235, 'admin', 8, 1, 'fun開玩 id:1', '2018-01-04 13:56:05', '::1', 8),
(4236, 'admin', 0, 0, 'admin登入成功', '2018-01-04 14:49:05', '::1', 1),
(4237, 'admin', 8, 1, '列表', '2018-01-04 14:49:15', '::1', 2),
(4238, 'admin', 8, 1, 'fun開玩 id:1', '2018-01-04 14:52:09', '::1', 8),
(4239, 'admin', 8, 1, '列表', '2018-01-04 15:18:23', '::1', 2),
(4240, 'admin', 8, 1, '列表', '2018-01-04 15:44:33', '::1', 2),
(4241, 'admin', 8, 1, '美眉看MTV id:14', '2018-01-04 15:46:45', '::1', 8),
(4242, 'admin', 8, 1, '列表', '2018-01-04 15:46:48', '::1', 2),
(4243, 'admin', 8, 1, 'fun開玩 id:1', '2018-01-04 15:48:25', '::1', 8),
(4244, 'admin', 8, 1, '美眉看MTV id:14', '2018-01-04 15:49:45', '::1', 8),
(4245, 'admin', 8, 1, 'fun開玩 id:1', '2018-01-04 15:49:54', '::1', 8),
(4246, 'admin', 8, 1, '列表', '2018-01-04 15:51:07', '::1', 2),
(4247, 'admin', 8, 1, 'fun開玩 id:1', '2018-01-04 16:13:16', '::1', 8),
(4248, 'admin', 8, 1, '列表', '2018-01-04 16:13:27', '::1', 2),
(4249, 'admin', 8, 1, 'fun開玩 id:1', '2018-01-04 16:17:45', '::1', 8),
(4250, 'admin', 8, 1, '列表', '2018-01-04 16:31:27', '::1', 2),
(4251, 'admin', 8, 1, 'fun開玩 id:1', '2018-01-04 16:31:40', '::1', 8),
(4252, 'admin', 8, 1, '列表', '2018-01-04 16:31:43', '::1', 2),
(4253, 'admin', 8, 1, 'fun開玩 id:1', '2018-01-04 16:45:51', '::1', 8),
(4254, 'admin', 8, 1, '列表', '2018-01-04 16:49:12', '::1', 2),
(4255, 'admin', 8, 1, 'fun開玩 id:1', '2018-01-04 16:50:42', '::1', 8),
(4256, 'admin', 8, 1, '列表', '2018-01-04 16:55:08', '::1', 2),
(4257, 'admin', 8, 1, 'fun開玩 id:1', '2018-01-04 16:56:41', '::1', 8),
(4258, 'admin', 8, 1, '列表', '2018-01-04 17:05:52', '::1', 2),
(4259, 'admin', 8, 1, 'fun開玩 id:1', '2018-01-04 17:06:07', '::1', 8),
(4260, 'admin', 8, 1, '列表', '2018-01-04 17:24:39', '::1', 2),
(4261, 'admin', 8, 1, 'fun開玩 id:1', '2018-01-04 17:43:37', '::1', 8),
(4262, 'admin', 8, 1, 'qwer id:21', '2018-01-04 17:45:27', '::1', 4),
(4263, 'admin', 8, 1, 'fun開玩 id:1', '2018-01-05 14:34:53', '::1', 8),
(4264, 'admin', 8, 1, '美眉看MTV id:14', '2018-01-05 14:35:00', '::1', 8),
(4265, 'admin', 8, 1, '3筆資料(\'19\',\'20\',\'21\')', '2018-01-05 14:35:10', '::1', 16),
(4266, 'admin', 8, 1, '列表', '2018-01-05 14:36:56', '::1', 2),
(4267, 'admin', 5, 2, '列表', '2018-01-05 14:44:23', '::1', 2),
(4268, 'admin', 8, 1, '列表', '2018-01-05 14:44:26', '::1', 2),
(4269, 'admin', 5, 2, '列表', '2018-01-05 15:30:15', '::1', 2),
(4270, 'admin', 6, 2, '列表', '2018-01-05 15:30:21', '::1', 2),
(4271, 'admin', 8, 1, '列表', '2018-01-05 15:32:51', '::1', 2),
(4272, 'admin', 6, 2, '列表', '2018-01-05 15:51:21', '::1', 2),
(4273, 'admin', 8, 1, '列表', '2018-01-05 15:55:08', '::1', 2),
(4274, 'admin', 6, 2, '列表', '2018-01-05 16:06:11', '::1', 2),
(4275, 'admin', 6, 3, '列表', '2018-01-05 16:08:38', '::1', 2),
(4276, 'admin', 6, 4, '列表', '2018-01-05 16:08:45', '::1', 2),
(4277, 'admin', 6, 2, '列表', '2018-01-05 16:08:57', '::1', 2),
(4278, 'admin', 6, 3, '列表', '2018-01-05 16:13:49', '::1', 2),
(4279, 'admin', 6, 2, '列表', '2018-01-05 16:14:02', '::1', 2),
(4280, 'admin', 8, 1, '列表', '2018-01-05 16:17:29', '::1', 2),
(4281, 'admin', 1, 1, '列表', '2018-01-05 16:19:40', '::1', 2),
(4282, 'admin', 1, 2, '列表', '2018-01-05 16:19:41', '::1', 2),
(4283, 'admin', 2, 1, '列表', '2018-01-05 16:19:44', '::1', 2),
(4284, 'admin', 8, 1, '列表', '2018-01-05 16:19:52', '::1', 2),
(4285, 'admin', 2, 1, '列表', '2018-01-05 16:20:30', '::1', 2),
(4286, 'admin', 8, 1, '列表', '2018-01-05 16:20:32', '::1', 2),
(4287, 'admin', 2, 1, '列表', '2018-01-05 16:27:54', '::1', 2),
(4288, 'admin', 5, 2, '列表', '2018-01-05 16:29:28', '::1', 2),
(4289, 'admin', 8, 1, '列表', '2018-01-05 16:29:29', '::1', 2),
(4290, 'admin', 8, 1, '美眉看MTV id:14', '2018-01-05 16:46:18', '::1', 8),
(4291, 'admin', 8, 1, '列表', '2018-01-05 16:46:34', '::1', 2),
(4292, 'admin', 8, 1, '美眉看MTV id:14', '2018-01-05 17:56:54', '::1', 8),
(4293, 'admin', 8, 1, '列表', '2018-01-05 17:56:57', '::1', 2),
(4294, 'admin', 8, 1, '美眉看MTV id:14', '2018-01-05 17:57:13', '::1', 8),
(4295, 'admin', 8, 1, 'fun開玩 id:1', '2018-01-05 17:57:28', '::1', 8),
(4296, 'admin', 8, 1, '列表', '2018-01-05 17:57:57', '::1', 2),
(4297, 'admin', 8, 1, '美眉看MTV id:14', '2018-01-05 17:58:39', '::1', 8),
(4298, 'admin', 8, 1, 'fun開玩 id:1', '2018-01-05 17:59:22', '::1', 8),
(4299, 'admin', 0, 0, 'admin登入成功', '2018-01-08 10:15:00', '::1', 1),
(4300, 'admin', 8, 1, '列表', '2018-01-08 10:15:05', '::1', 2),
(4301, 'admin', 8, 1, '美眉看MTV id:14', '2018-01-08 11:00:51', '::1', 8),
(4302, 'admin', 8, 1, '列表', '2018-01-08 11:02:33', '::1', 2),
(4303, 'admin', 0, 0, 'admin登入成功', '2018-01-08 14:09:41', '::1', 1),
(4304, 'admin', 8, 1, '列表', '2018-01-08 14:09:44', '::1', 2),
(4305, 'admin', 0, 0, 'admin登入成功', '2018-01-08 14:11:30', '::1', 1),
(4306, 'admin', 8, 1, '列表', '2018-01-08 14:11:40', '::1', 2),
(4307, 'admin', 6, 2, '列表', '2018-01-08 14:41:31', '::1', 2),
(4308, 'admin', 8, 1, '列表', '2018-01-08 14:42:19', '::1', 2),
(4309, 'admin', 8, 1, 'fun開玩 id:1', '2018-01-08 14:45:34', '::1', 8),
(4310, 'admin', 8, 1, '列表', '2018-01-08 14:45:38', '::1', 2),
(4311, 'admin', 8, 1, 'fun開玩 id:1', '2018-01-08 14:52:38', '::1', 8),
(4312, 'admin', 8, 1, '列表', '2018-01-08 14:54:31', '::1', 2),
(4313, 'admin', 4, 4, '列表', '2018-01-08 14:54:33', '::1', 2),
(4314, 'admin', 4, 5, '列表', '2018-01-08 14:54:34', '::1', 2),
(4315, 'admin', 4, 4, '列表', '2018-01-08 14:54:34', '::1', 2),
(4316, 'admin', 4, 5, '列表', '2018-01-08 14:54:40', '::1', 2),
(4317, 'admin', 5, 2, '列表', '2018-01-08 14:54:41', '::1', 2),
(4318, 'admin', 6, 2, '列表', '2018-01-08 14:55:30', '::1', 2),
(4319, 'admin', 6, 3, '列表', '2018-01-08 14:55:34', '::1', 2),
(4320, 'admin', 5, 2, '列表', '2018-01-08 14:57:44', '::1', 2),
(4321, 'admin', 3, 4, '列表', '2018-01-08 14:58:50', '::1', 2),
(4322, 'admin', 5, 2, '列表', '2018-01-08 15:06:05', '::1', 2),
(4323, 'admin', 6, 2, '列表', '2018-01-08 15:08:36', '::1', 2),
(4324, 'admin', 5, 2, '列表', '2018-01-08 15:09:27', '::1', 2),
(4325, 'admin', 3, 4, '列表', '2018-01-08 15:22:43', '::1', 2),
(4326, 'admin', 5, 2, '列表', '2018-01-08 15:23:11', '::1', 2),
(4327, 'admin', 4, 4, '列表', '2018-01-08 15:23:43', '::1', 2),
(4328, 'admin', 4, 5, '列表', '2018-01-08 15:23:45', '::1', 2),
(4329, 'admin', 7, 1, '列表', '2018-01-08 15:23:53', '::1', 2),
(4330, 'admin', 5, 2, '列表', '2018-01-08 15:23:59', '::1', 2),
(4331, 'admin', 3, 4, '列表', '2018-01-08 15:35:11', '::1', 2),
(4332, 'admin', 4, 4, '列表', '2018-01-08 15:35:43', '::1', 2),
(4333, 'admin', 4, 5, '列表', '2018-01-08 15:35:45', '::1', 2),
(4334, 'admin', 6, 3, '列表', '2018-01-08 15:36:02', '::1', 2),
(4335, 'admin', 5, 2, '列表', '2018-01-08 15:36:13', '::1', 2),
(4336, 'admin', 4, 5, '列表', '2018-01-08 15:36:47', '::1', 2),
(4337, 'admin', 6, 3, '列表', '2018-01-08 15:36:54', '::1', 2),
(4338, 'admin', 4, 5, '列表', '2018-01-08 15:37:02', '::1', 2),
(4339, 'admin', 5, 2, '列表', '2018-01-08 15:42:54', '::1', 2),
(4340, 'admin', 4, 5, '列表', '2018-01-08 15:43:00', '::1', 2),
(4341, 'admin', 4, 4, '列表', '2018-01-08 15:43:04', '::1', 2),
(4342, 'admin', 4, 5, '列表', '2018-01-08 15:43:10', '::1', 2),
(4343, 'admin', 4, 4, '列表', '2018-01-08 15:43:12', '::1', 2),
(4344, 'admin', 4, 5, '列表', '2018-01-08 15:43:14', '::1', 2),
(4345, 'admin', 4, 4, '列表', '2018-01-08 15:43:16', '::1', 2),
(4346, 'admin', 4, 4, 'id:143', '2018-01-08 15:45:28', '::1', 4),
(4347, 'admin', 4, 5, '列表', '2018-01-08 15:45:34', '::1', 2),
(4348, 'admin', 4, 4, '列表', '2018-01-08 15:45:41', '::1', 2),
(4349, 'admin', 4, 5, '列表', '2018-01-08 15:45:42', '::1', 2),
(4350, 'admin', 4, 4, '列表', '2018-01-08 15:45:44', '::1', 2),
(4351, 'admin', 4, 5, '列表', '2018-01-08 16:01:16', '::1', 2),
(4352, 'admin', 4, 4, 'id:144', '2018-01-08 16:03:38', '::1', 4),
(4353, 'admin', 4, 5, '列表', '2018-01-08 16:03:46', '::1', 2),
(4354, 'admin', 4, 4, '列表', '2018-01-08 16:03:49', '::1', 2),
(4355, 'admin', 7, 2, '列表', '2018-01-08 16:06:13', '::1', 2),
(4356, 'admin', 7, 1, '列表', '2018-01-08 16:06:15', '::1', 2),
(4357, 'admin', 7, 1, 'id:11', '2018-01-08 16:06:59', '::1', 4),
(4358, 'admin', 7, 1, '列表', '2018-01-08 16:08:13', '::1', 2),
(4359, 'admin', 7, 1, 'id:7', '2018-01-08 16:13:46', '::1', 8),
(4360, 'admin', 7, 1, '列表', '2018-01-08 16:14:43', '::1', 2),
(4361, 'admin', 7, 1, 'id:11', '2018-01-08 16:16:37', '::1', 8),
(4362, 'admin', 7, 1, 'id:10', '2018-01-08 16:16:51', '::1', 8),
(4363, 'admin', 4, 4, '列表', '2018-01-08 16:17:39', '::1', 2),
(4364, 'admin', 6, 2, '列表', '2018-01-08 16:17:54', '::1', 2),
(4365, 'admin', 6, 3, '列表', '2018-01-08 16:17:54', '::1', 2),
(4366, 'admin', 4, 5, '列表', '2018-01-08 16:19:36', '::1', 2),
(4367, 'admin', 4, 4, '列表', '2018-01-08 16:19:38', '::1', 2),
(4368, 'admin', 4, 5, '列表', '2018-01-08 16:19:50', '::1', 2),
(4369, 'admin', 4, 4, '列表', '2018-01-08 16:19:54', '::1', 2),
(4370, 'admin', 4, 4, 'id:145', '2018-01-08 16:20:40', '::1', 4),
(4371, 'admin', 4, 5, '列表', '2018-01-08 16:20:47', '::1', 2),
(4372, 'admin', 6, 3, '列表', '2018-01-08 16:21:16', '::1', 2),
(4373, 'admin', 4, 4, '列表', '2018-01-08 16:22:15', '::1', 2),
(4374, 'admin', 4, 5, '列表', '2018-01-08 16:22:16', '::1', 2),
(4375, 'admin', 4, 5, 'id:145', '2018-01-08 16:22:32', '::1', 8),
(4376, 'admin', 6, 3, '列表', '2018-01-08 16:22:38', '::1', 2),
(4377, 'admin', 4, 5, '列表', '2018-01-08 16:22:49', '::1', 2),
(4378, 'admin', 4, 5, 'id:145', '2018-01-08 16:24:36', '::1', 8),
(4379, 'admin', 6, 2, '列表', '2018-01-08 16:36:54', '::1', 2),
(4380, 'admin', 6, 3, '列表', '2018-01-08 16:36:55', '::1', 2),
(4381, 'admin', 4, 4, '列表', '2018-01-08 16:37:06', '::1', 2),
(4382, 'admin', 4, 4, 'id:146', '2018-01-08 16:37:26', '::1', 4),
(4383, 'admin', 6, 3, '列表', '2018-01-08 16:37:33', '::1', 2),
(4384, 'admin', 4, 5, '列表', '2018-01-08 16:37:50', '::1', 2),
(4385, 'admin', 4, 4, '列表', '2018-01-08 16:37:51', '::1', 2),
(4386, 'admin', 4, 5, '列表', '2018-01-08 16:37:52', '::1', 2),
(4387, 'admin', 4, 4, '列表', '2018-01-08 16:37:53', '::1', 2),
(4388, 'admin', 4, 5, '列表', '2018-01-08 16:37:55', '::1', 2),
(4389, 'admin', 4, 5, 'id:139', '2018-01-08 16:38:28', '::1', 8),
(4390, 'admin', 3, 4, '列表', '2018-01-08 16:38:32', '::1', 2),
(4391, 'admin', 3, 3, '列表', '2018-01-08 16:38:39', '::1', 2),
(4392, 'admin', 4, 5, '列表', '2018-01-08 16:38:45', '::1', 2),
(4393, 'admin', 4, 5, 'id:146', '2018-01-08 16:40:03', '::1', 8),
(4394, 'admin', 4, 4, '列表', '2018-01-08 16:40:23', '::1', 2),
(4395, 'admin', 6, 2, '列表', '2018-01-08 16:40:29', '::1', 2),
(4396, 'admin', 6, 3, '列表', '2018-01-08 16:40:30', '::1', 2),
(4397, 'admin', 4, 5, '列表', '2018-01-08 16:40:58', '::1', 2),
(4398, 'admin', 4, 5, 'id:146', '2018-01-08 16:41:37', '::1', 8),
(4399, 'admin', 6, 3, '列表', '2018-01-08 16:43:11', '::1', 2),
(4400, 'admin', 4, 5, '列表', '2018-01-08 16:43:23', '::1', 2),
(4401, 'admin', 7, 1, '列表', '2018-01-08 16:43:40', '::1', 2),
(4402, 'admin', 7, 1, 'id:12', '2018-01-08 16:45:52', '::1', 4),
(4403, 'admin', 7, 1, 'id:12', '2018-01-08 16:46:01', '::1', 8),
(4404, 'admin', 7, 1, '列表', '2018-01-08 16:51:58', '::1', 2),
(4405, 'admin', 7, 1, 'id:12', '2018-01-08 16:57:46', '::1', 8),
(4406, 'admin', 7, 1, '列表', '2018-01-08 17:09:23', '::1', 2),
(4407, 'admin', 7, 1, 'id:12', '2018-01-08 17:15:28', '::1', 8),
(4408, 'admin', 7, 1, '列表', '2018-01-08 17:16:21', '::1', 2),
(4409, 'admin', 4, 4, '列表', '2018-01-08 17:17:19', '::1', 2),
(4410, 'admin', 5, 2, '列表', '2018-01-08 17:26:57', '::1', 2),
(4411, 'admin', 7, 2, '列表', '2018-01-08 17:27:00', '::1', 2),
(4412, 'admin', 7, 1, '列表', '2018-01-08 17:27:02', '::1', 2),
(4413, 'admin', 7, 2, '列表', '2018-01-08 17:28:46', '::1', 2),
(4414, 'admin', 6, 3, '列表', '2018-01-08 17:31:14', '::1', 2),
(4415, 'admin', 7, 1, '列表', '2018-01-08 17:31:17', '::1', 2),
(4416, 'admin', 5, 2, '列表', '2018-01-08 17:31:20', '::1', 2),
(4417, 'admin', 6, 2, '列表', '2018-01-08 17:31:31', '::1', 2),
(4418, 'admin', 6, 3, '列表', '2018-01-08 17:31:34', '::1', 2),
(4419, 'admin', 4, 4, '列表', '2018-01-08 17:31:53', '::1', 2),
(4420, 'admin', 6, 3, '列表', '2018-01-08 17:32:04', '::1', 2),
(4421, 'admin', 4, 4, '列表', '2018-01-08 17:32:11', '::1', 2),
(4422, 'admin', 4, 4, 'id:147', '2018-01-08 17:32:34', '::1', 4),
(4423, 'admin', 4, 5, '列表', '2018-01-08 17:32:38', '::1', 2),
(4424, 'admin', 4, 4, '列表', '2018-01-08 17:33:09', '::1', 2),
(4425, 'admin', 4, 5, '列表', '2018-01-08 17:33:11', '::1', 2),
(4426, 'admin', 4, 4, '列表', '2018-01-08 17:33:13', '::1', 2),
(4427, 'admin', 4, 4, 'id:148', '2018-01-08 17:33:30', '::1', 4),
(4428, 'admin', 4, 5, '列表', '2018-01-08 17:33:31', '::1', 2),
(4429, 'admin', 4, 4, '列表', '2018-01-08 17:33:45', '::1', 2),
(4430, 'admin', 4, 4, 'id:149', '2018-01-08 17:34:46', '::1', 4),
(4431, 'admin', 4, 5, '列表', '2018-01-08 17:34:49', '::1', 2),
(4432, 'admin', 4, 4, '列表', '2018-01-08 17:36:17', '::1', 2),
(4433, 'admin', 4, 4, 'id:150', '2018-01-08 17:38:29', '::1', 4),
(4434, 'admin', 4, 4, 'id:151', '2018-01-08 17:39:25', '::1', 4),
(4435, 'admin', 4, 5, '列表', '2018-01-08 17:39:28', '::1', 2),
(4436, 'admin', 4, 5, 'id:151', '2018-01-08 17:39:40', '::1', 8),
(4437, 'admin', 6, 3, '列表', '2018-01-08 17:39:44', '::1', 2),
(4438, 'admin', 3, 3, '列表', '2018-01-08 17:39:50', '::1', 2),
(4439, 'admin', 6, 3, '列表', '2018-01-08 17:39:55', '::1', 2),
(4440, 'admin', 3, 1, '列表', '2018-01-08 17:40:01', '::1', 2),
(4441, 'admin', 4, 5, '列表', '2018-01-08 17:40:02', '::1', 2),
(4442, 'admin', 4, 4, '列表', '2018-01-08 17:40:04', '::1', 2),
(4443, 'admin', 4, 5, '列表', '2018-01-08 17:40:08', '::1', 2),
(4444, 'admin', 4, 4, '列表', '2018-01-08 17:40:11', '::1', 2),
(4445, 'admin', 4, 5, '列表', '2018-01-09 10:20:11', '::1', 2),
(4446, 'admin', 4, 4, '列表', '2018-01-09 10:20:17', '::1', 2),
(4447, 'admin', 4, 5, '列表', '2018-01-09 10:31:00', '::1', 2),
(4448, 'admin', 7, 1, '列表', '2018-01-09 10:31:31', '::1', 2),
(4449, 'admin', 7, 1, 'id:10', '2018-01-09 10:31:45', '::1', 8),
(4450, 'admin', 7, 1, 'id:12', '2018-01-09 10:31:56', '::1', 8),
(4451, 'admin', 7, 1, 'id:10', '2018-01-09 10:32:04', '::1', 8),
(4452, 'admin', 4, 5, '列表', '2018-01-09 10:32:18', '::1', 2),
(4453, 'admin', 8, 1, '列表', '2018-01-09 10:32:28', '::1', 2),
(4454, 'admin', 8, 1, 'fun開玩 id:1', '2018-01-09 10:32:47', '::1', 8),
(4455, 'admin', 4, 5, '列表', '2018-01-09 10:34:02', '::1', 2),
(4456, 'admin', 3, 4, '列表', '2018-01-09 10:41:01', '::1', 2),
(4457, 'admin', 4, 5, '列表', '2018-01-09 10:41:10', '::1', 2),
(4458, 'admin', 3, 4, '列表', '2018-01-09 10:42:05', '::1', 2),
(4459, 'admin', 6, 2, '列表', '2018-01-09 10:42:18', '::1', 2),
(4460, 'admin', 6, 3, '列表', '2018-01-09 10:43:00', '::1', 2),
(4461, 'admin', 6, 2, '列表', '2018-01-09 10:43:15', '::1', 2),
(4462, 'admin', 6, 3, '列表', '2018-01-09 10:46:23', '::1', 2),
(4463, 'admin', 6, 4, '列表', '2018-01-09 10:47:15', '::1', 2),
(4464, 'admin', 8, 1, '列表', '2018-01-09 11:15:18', '::1', 2),
(4465, 'admin', 8, 1, 'fun開玩 id:1', '2018-01-09 11:15:54', '::1', 8),
(4466, 'admin', 6, 1, '列表', '2018-01-09 11:19:48', '::1', 2),
(4467, 'admin', 6, 3, '列表', '2018-01-09 11:20:02', '::1', 2),
(4468, 'admin', 8, 1, '列表', '2018-01-09 11:26:12', '::1', 2),
(4469, 'admin', 4, 5, '列表', '2018-01-09 11:46:23', '::1', 2),
(4470, 'admin', 4, 4, '列表', '2018-01-09 11:46:26', '::1', 2),
(4471, 'admin', 4, 5, '列表', '2018-01-09 11:46:30', '::1', 2),
(4472, 'admin', 4, 4, '列表', '2018-01-09 11:46:34', '::1', 2),
(4473, 'admin', 4, 5, '列表', '2018-01-09 11:50:19', '::1', 2),
(4474, 'admin', 6, 2, '列表', '2018-01-09 12:08:41', '::1', 2),
(4475, 'admin', 6, 1, '列表', '2018-01-09 12:09:37', '::1', 2),
(4476, 'admin', 6, 2, '列表', '2018-01-09 12:09:41', '::1', 2),
(4477, 'admin', 6, 3, '列表', '2018-01-09 12:09:48', '::1', 2),
(4478, 'admin', 6, 1, '列表', '2018-01-09 12:16:20', '::1', 2),
(4479, 'admin', 6, 1, 'Facebook id:4', '2018-01-09 12:16:27', '::1', 8),
(4480, 'admin', 6, 1, 'Facebook123 id:4', '2018-01-09 12:16:35', '::1', 8),
(4481, 'admin', 6, 1, '列表', '2018-01-09 12:16:37', '::1', 2),
(4482, 'admin', 6, 1, 'Facebook id:4', '2018-01-09 12:16:49', '::1', 8),
(4483, 'admin', 6, 1, 'Facebook123 id:4', '2018-01-09 12:17:02', '::1', 8),
(4484, 'admin', 6, 1, 'Facebook id:4', '2018-01-09 12:17:08', '::1', 8),
(4485, 'admin', 6, 1, '列表', '2018-01-09 12:17:54', '::1', 2),
(4486, 'admin', 6, 2, '列表', '2018-01-09 12:17:55', '::1', 2),
(4487, 'admin', 6, 3, '列表', '2018-01-09 12:17:55', '::1', 2),
(4488, 'admin', 6, 2, '列表', '2018-01-09 12:17:58', '::1', 2),
(4489, 'admin', 6, 3, '列表', '2018-01-09 12:18:00', '::1', 2),
(4490, 'admin', 6, 1, '列表', '2018-01-09 12:18:04', '::1', 2),
(4491, 'admin', 6, 2, '列表', '2018-01-09 12:18:06', '::1', 2),
(4492, 'admin', 6, 3, '列表', '2018-01-09 12:18:07', '::1', 2),
(4493, 'admin', 6, 4, '列表', '2018-01-09 12:19:18', '::1', 2),
(4494, 'admin', 3, 3, '列表', '2018-01-09 12:19:26', '::1', 2),
(4495, 'admin', 4, 5, '列表', '2018-01-09 12:19:37', '::1', 2),
(4496, 'admin', 6, 3, '列表', '2018-01-09 12:20:11', '::1', 2),
(4497, 'admin', 6, 3, 'id:3', '2018-01-09 13:39:33', '::1', 8),
(4498, 'admin', 3, 1, '列表', '2018-01-09 13:54:11', '::1', 2),
(4499, 'admin', 0, 0, 'admin登入成功', '2018-01-09 13:54:38', '::1', 1),
(4500, 'admin', 6, 1, '列表', '2018-01-09 13:54:53', '::1', 2),
(4501, 'admin', 6, 3, '列表', '2018-01-09 13:54:56', '::1', 2),
(4502, 'admin', 6, 4, '列表', '2018-01-09 14:05:59', '::1', 2),
(4503, 'admin', 6, 3, '列表', '2018-01-09 14:06:02', '::1', 2),
(4504, 'admin', 6, 4, '列表', '2018-01-09 14:15:01', '::1', 2),
(4505, 'admin', 6, 2, '列表', '2018-01-09 14:15:17', '::1', 2),
(4506, 'admin', 6, 3, '列表', '2018-01-09 14:15:18', '::1', 2),
(4507, 'admin', 4, 4, '列表', '2018-01-09 14:15:48', '::1', 2),
(4508, 'admin', 6, 3, '列表', '2018-01-09 14:16:01', '::1', 2),
(4509, 'admin', 6, 4, '列表', '2018-01-09 14:16:09', '::1', 2),
(4510, 'admin', 4, 4, '列表', '2018-01-09 14:16:11', '::1', 2),
(4511, 'admin', 4, 4, 'id:152', '2018-01-09 14:16:36', '::1', 4),
(4512, 'admin', 4, 5, '列表', '2018-01-09 14:16:41', '::1', 2),
(4513, 'admin', 4, 5, 'id:152', '2018-01-09 14:16:47', '::1', 8),
(4514, 'admin', 6, 4, '列表', '2018-01-09 14:16:50', '::1', 2),
(4515, 'admin', 6, 3, '列表', '2018-01-09 14:16:51', '::1', 2),
(4516, 'admin', 6, 4, '列表', '2018-01-09 14:19:10', '::1', 2),
(4517, 'admin', 3, 4, '列表', '2018-01-09 14:20:03', '::1', 2),
(4518, 'admin', 6, 4, '列表', '2018-01-09 14:25:13', '::1', 2),
(4519, 'admin', 6, 3, '列表', '2018-01-09 14:25:17', '::1', 2),
(4520, 'admin', 6, 4, '列表', '2018-01-09 14:28:48', '::1', 2),
(4521, 'admin', 6, 2, '列表', '2018-01-09 14:32:02', '::1', 2),
(4522, 'admin', 6, 3, '列表', '2018-01-09 14:32:04', '::1', 2),
(4523, 'admin', 6, 4, '列表', '2018-01-09 14:32:26', '::1', 2),
(4524, 'admin', 6, 3, '列表', '2018-01-09 14:32:28', '::1', 2),
(4525, 'admin', 6, 4, '列表', '2018-01-09 14:32:34', '::1', 2),
(4526, 'admin', 6, 3, '列表', '2018-01-09 14:32:36', '::1', 2),
(4527, 'admin', 6, 4, '列表', '2018-01-09 14:33:03', '::1', 2),
(4528, 'admin', 6, 3, '列表', '2018-01-09 14:33:04', '::1', 2),
(4529, 'admin', 3, 4, '列表', '2018-01-09 15:26:12', '::1', 2),
(4530, 'admin', 6, 2, '列表', '2018-01-09 17:45:36', '::1', 2),
(4531, 'admin', 6, 3, '列表', '2018-01-09 17:45:37', '::1', 2),
(4532, 'admin', 8, 1, '列表', '2018-01-10 10:16:30', '::1', 2),
(4533, 'admin', 3, 4, '列表', '2018-01-10 10:40:00', '::1', 2),
(4534, 'admin', 6, 3, '列表', '2018-01-10 10:40:21', '::1', 2),
(4535, 'admin', 6, 3, '1筆資料(\'15\')', '2018-01-10 10:40:28', '::1', 16),
(4536, 'admin', 6, 3, '列表', '2018-01-10 10:46:17', '::1', 2),
(4537, 'admin', 0, 0, 'admin登入成功', '2018-01-10 11:55:31', '::1', 1),
(4538, 'admin', 5, 2, '列表', '2018-01-10 11:55:34', '::1', 2),
(4539, 'admin', 3, 4, '列表', '2018-01-10 11:58:42', '::1', 2),
(4540, 'admin', 5, 2, '列表', '2018-01-10 12:05:15', '::1', 2),
(4541, 'admin', 3, 3, '列表', '2018-01-10 12:15:16', '::1', 2),
(4542, 'admin', 3, 2, '列表', '2018-01-10 12:15:18', '::1', 2),
(4543, 'admin', 4, 4, '列表', '2018-01-10 12:15:22', '::1', 2),
(4544, 'admin', 6, 1, '列表', '2018-01-10 12:15:25', '::1', 2),
(4545, 'admin', 6, 2, '列表', '2018-01-10 12:15:27', '::1', 2),
(4546, 'admin', 0, 0, 'admin登入成功', '2018-01-10 14:19:58', '::1', 1),
(4547, 'admin', 6, 3, '列表', '2018-01-10 14:20:02', '::1', 2),
(4548, 'admin', 0, 0, 'admin登入成功', '2018-01-10 14:23:22', '::1', 1),
(4549, 'admin', 6, 4, '列表', '2018-01-10 14:23:26', '::1', 2),
(4550, 'admin', 3, 4, '列表', '2018-01-10 14:44:01', '::1', 2),
(4551, 'admin', 6, 4, '列表', '2018-01-10 17:02:04', '::1', 2),
(4552, 'pkbar', 0, 0, 'pkbar登入失敗-帳密不正確', '2018-01-10 17:27:52', '127.0.0.1', 1),
(4553, 'admin', 0, 0, 'admin登入成功', '2018-01-10 17:28:06', '::1', 1),
(4554, 'admin', 5, 2, '列表', '2018-01-10 17:28:10', '::1', 2),
(4555, 'admin', 3, 1, '列表', '2018-01-10 17:57:04', '::1', 2),
(4556, 'admin', 3, 2, '列表', '2018-01-10 17:57:06', '::1', 2),
(4557, 'admin', 1, 1, '列表', '2018-01-10 17:58:56', '::1', 2),
(4558, 'admin', 2, 1, '列表', '2018-01-10 17:58:58', '::1', 2),
(4559, 'admin', 4, 4, '列表', '2018-01-10 17:58:59', '::1', 2),
(4560, 'admin', 4, 5, '列表', '2018-01-10 17:59:00', '::1', 2),
(4561, 'admin', 8, 1, '列表', '2018-01-10 18:04:01', '::1', 2),
(4562, 'admin', 8, 1, 'fun開玩 id:1', '2018-01-10 18:14:23', '::1', 8),
(4563, 'admin', 3, 4, '列表', '2018-01-10 18:31:54', '::1', 2),
(4564, 'admin', 0, 0, 'admin登入成功', '2018-01-11 11:20:52', '::1', 1),
(4565, 'admin', 4, 5, '列表', '2018-01-11 11:20:55', '::1', 2),
(4566, 'admin', 4, 4, '列表', '2018-01-11 11:21:00', '::1', 2),
(4567, 'admin', 4, 5, '列表', '2018-01-11 11:21:08', '::1', 2),
(4568, 'admin', 4, 6, '列表', '2018-01-11 11:21:47', '::1', 2),
(4569, 'admin', 7, 1, '列表', '2018-01-11 11:22:05', '::1', 2),
(4570, 'admin', 7, 2, '列表', '2018-01-11 11:22:16', '::1', 2),
(4571, 'admin', 5, 2, '列表', '2018-01-11 11:22:25', '::1', 2),
(4572, 'admin', 6, 3, '列表', '2018-01-11 11:22:47', '::1', 2),
(4573, 'admin', 6, 2, '列表', '2018-01-11 11:34:16', '211.23.116.62', 2),
(4574, 'admin', 6, 1, '列表', '2018-01-11 11:34:17', '211.23.116.62', 2),
(4575, 'admin', 2, 1, '列表', '2018-01-11 11:34:20', '211.23.116.62', 2),
(4576, 'admin', 8, 1, '列表', '2018-01-11 11:35:38', '211.23.116.62', 2),
(4577, 'admin', 8, 1, '美眉看MTV id:14', '2018-01-11 11:36:50', '211.23.116.62', 8),
(4578, 'admin', 8, 1, '列表', '2018-01-11 11:37:06', '211.23.116.62', 2),
(4579, 'admin', 5, 2, '列表', '2018-01-11 11:37:10', '211.23.116.62', 2);
INSERT INTO `admin_log` (`al_id`, `a_username`, `al_main_key`, `al_fun_key`, `al_descript`, `al_createtime`, `al_ip`, `al_action`) VALUES
(4580, 'admin', 0, 0, 'admin登入成功', '2018-01-11 12:09:42', '211.23.116.62', 1),
(4581, 'admin', 5, 2, '列表', '2018-01-11 12:09:45', '211.23.116.62', 2),
(4582, 'admin', 6, 3, '列表', '2018-01-11 12:32:00', '211.23.116.62', 2),
(4583, 'admin', 7, 1, '列表', '2018-01-11 12:32:38', '211.23.116.62', 2),
(4584, 'admin', 6, 3, '列表', '2018-01-11 12:34:47', '211.23.116.62', 2),
(4585, 'admin', 6, 4, '列表', '2018-01-11 13:33:51', '211.23.116.62', 2),
(4586, 'admin', 6, 3, '列表', '2018-01-11 13:33:52', '211.23.116.62', 2),
(4587, 'admin', 6, 2, '列表', '2018-01-11 13:33:53', '211.23.116.62', 2),
(4588, 'admin', 6, 3, '列表', '2018-01-11 13:33:53', '211.23.116.62', 2),
(4589, 'admin', 5, 2, '列表', '2018-01-11 13:34:51', '211.23.116.62', 2),
(4590, 'admin', 6, 3, '列表', '2018-01-11 13:41:37', '211.23.116.62', 2),
(4591, 'admin', 6, 4, '列表', '2018-01-11 13:41:41', '211.23.116.62', 2),
(4592, 'admin', 6, 1, '列表', '2018-01-11 13:41:42', '211.23.116.62', 2),
(4593, 'admin', 6, 3, '列表', '2018-01-11 13:41:43', '211.23.116.62', 2),
(4594, 'admin', 5, 2, '列表', '2018-01-11 13:41:47', '211.23.116.62', 2),
(4595, 'admin', 0, 0, 'admin登入失敗-帳密不正確', '2018-01-11 13:44:42', '211.23.116.62', 1),
(4596, 'admin', 0, 0, 'admin登入成功', '2018-01-11 13:44:48', '211.23.116.62', 1),
(4597, 'admin', 3, 1, '列表', '2018-01-11 13:44:52', '211.23.116.62', 2),
(4598, 'admin', 6, 1, '列表', '2018-01-11 13:44:55', '211.23.116.62', 2),
(4599, 'admin', 2, 1, '列表', '2018-01-11 13:44:57', '211.23.116.62', 2),
(4600, 'admin', 6, 3, '列表', '2018-01-11 13:45:57', '211.23.116.62', 2),
(4601, 'admin', 6, 3, '列表', '2018-01-11 13:47:14', '211.23.116.62', 2),
(4602, 'admin', 5, 2, '列表', '2018-01-11 13:57:02', '211.23.116.62', 2),
(4603, 'admin', 6, 2, '列表', '2018-01-11 14:34:09', '211.23.116.62', 2),
(4604, 'admin', 0, 0, 'admin登入成功', '2018-01-11 15:11:24', '211.23.116.62', 1),
(4605, 'admin', 5, 2, '列表', '2018-01-11 15:11:27', '211.23.116.62', 2),
(4606, 'admin', 6, 3, '列表', '2018-01-11 15:14:36', '211.23.116.62', 2),
(4607, 'admin', 6, 2, '列表', '2018-01-11 15:40:53', '211.23.116.62', 2),
(4608, 'admin', 6, 4, '列表', '2018-01-11 15:40:54', '211.23.116.62', 2),
(4609, 'admin', 6, 3, '列表', '2018-01-11 15:40:56', '211.23.116.62', 2),
(4610, 'admin', 5, 2, '列表', '2018-01-11 15:40:58', '211.23.116.62', 2),
(4611, 'admin', 7, 1, '列表', '2018-01-11 15:54:08', '211.23.116.62', 2),
(4612, 'admin', 7, 1, 'id:4', '2018-01-11 15:54:13', '211.23.116.62', 8),
(4613, 'admin', 5, 2, '列表', '2018-01-11 15:54:58', '211.23.116.62', 2),
(4614, 'admin', 4, 5, '列表', '2018-01-11 15:55:00', '211.23.116.62', 2),
(4615, 'admin', 5, 2, '列表', '2018-01-11 15:55:05', '211.23.116.62', 2),
(4616, 'admin', 6, 3, '列表', '2018-01-11 15:56:54', '211.23.116.62', 2),
(4617, 'admin', 5, 2, '列表', '2018-01-11 15:57:03', '211.23.116.62', 2),
(4618, 'admin', 6, 3, '列表', '2018-01-11 15:59:48', '211.23.116.62', 2),
(4619, 'admin', 5, 2, '列表', '2018-01-11 16:00:13', '211.23.116.62', 2),
(4620, 'admin', 7, 1, '列表', '2018-01-11 16:00:24', '211.23.116.62', 2),
(4621, 'admin', 6, 3, '列表', '2018-01-11 16:00:34', '211.23.116.62', 2),
(4622, 'admin', 6, 4, '列表', '2018-01-11 16:03:23', '211.23.116.62', 2),
(4623, 'admin', 6, 2, '列表', '2018-01-11 16:03:24', '211.23.116.62', 2),
(4624, 'admin', 4, 4, '列表', '2018-01-11 16:03:28', '211.23.116.62', 2),
(4625, 'admin', 4, 5, '列表', '2018-01-11 16:03:30', '211.23.116.62', 2),
(4626, 'admin', 6, 2, '列表', '2018-01-11 16:03:48', '211.23.116.62', 2),
(4627, 'admin', 6, 3, '列表', '2018-01-11 16:07:47', '211.23.116.62', 2),
(4628, 'admin', 0, 0, 'admin登入成功', '2018-01-11 16:12:03', '211.23.116.62', 1),
(4629, 'admin', 5, 2, '列表', '2018-01-11 16:12:06', '211.23.116.62', 2),
(4630, 'admin', 4, 4, '列表', '2018-01-11 16:12:17', '211.23.116.62', 2),
(4631, 'admin', 4, 5, '列表', '2018-01-11 16:12:18', '211.23.116.62', 2),
(4632, 'admin', 6, 2, '列表', '2018-01-11 16:12:40', '211.23.116.62', 2),
(4633, 'admin', 6, 3, '列表', '2018-01-11 16:12:48', '211.23.116.62', 2),
(4634, 'admin', 5, 2, '列表', '2018-01-11 16:13:10', '211.23.116.62', 2),
(4635, 'admin', 4, 4, '列表', '2018-01-11 16:16:42', '211.23.116.62', 2),
(4636, 'admin', 6, 3, '列表', '2018-01-11 16:16:47', '211.23.116.62', 2),
(4637, 'admin', 6, 4, '列表', '2018-01-11 16:16:56', '211.23.116.62', 2),
(4638, 'admin', 6, 4, 'id:4', '2018-01-11 16:17:10', '211.23.116.62', 4),
(4639, 'admin', 5, 2, '列表', '2018-01-11 16:17:16', '211.23.116.62', 2),
(4640, 'admin', 6, 3, '列表', '2018-01-11 16:29:20', '211.23.116.62', 2),
(4641, 'admin', 0, 0, 'admin登入成功', '2018-01-11 16:33:22', '211.23.116.62', 1),
(4642, 'admin', 5, 2, '列表', '2018-01-11 16:33:25', '211.23.116.62', 2),
(4643, 'admin', 6, 2, '列表', '2018-01-11 16:34:42', '211.23.116.62', 2),
(4644, 'admin', 6, 3, '列表', '2018-01-11 16:34:44', '211.23.116.62', 2),
(4645, 'admin', 5, 2, '列表', '2018-01-11 16:35:56', '211.23.116.62', 2),
(4646, 'admin', 7, 1, '列表', '2018-01-11 16:38:25', '211.23.116.62', 2),
(4647, 'admin', 5, 2, '列表', '2018-01-11 16:42:17', '211.23.116.62', 2),
(4648, 'admin', 4, 5, '列表', '2018-01-11 16:44:02', '211.23.116.62', 2),
(4649, 'admin', 6, 3, '列表', '2018-01-11 16:44:07', '211.23.116.62', 2),
(4650, 'admin', 5, 2, '列表', '2018-01-11 16:44:18', '211.23.116.62', 2),
(4651, 'admin', 8, 1, '列表', '2018-01-11 16:49:14', '211.23.116.62', 2),
(4652, 'admin', 0, 0, 'admin登入成功', '2018-01-11 17:05:26', '211.23.116.62', 1),
(4653, 'admin', 6, 2, '列表', '2018-01-11 17:05:30', '211.23.116.62', 2),
(4654, 'admin', 6, 3, '列表', '2018-01-11 17:05:31', '211.23.116.62', 2),
(4655, 'admin', 6, 3, 'id:20', '2018-01-11 17:06:04', '211.23.116.62', 4),
(4656, 'admin', 5, 2, '列表', '2018-01-11 17:07:51', '211.23.116.62', 2),
(4657, 'admin', 6, 3, '列表', '2018-01-11 17:11:04', '211.23.116.62', 2),
(4658, 'admin', 5, 2, '列表', '2018-01-11 17:16:37', '211.23.116.62', 2),
(4659, 'admin', 6, 3, '列表', '2018-01-11 17:22:19', '211.23.116.62', 2),
(4660, 'admin', 0, 0, 'admin登入成功', '2018-01-11 17:25:57', '211.23.116.62', 1),
(4661, 'admin', 8, 1, '列表', '2018-01-11 17:26:04', '211.23.116.62', 2),
(4662, 'admin', 5, 2, '列表', '2018-01-11 17:26:22', '211.23.116.62', 2),
(4663, 'admin', 7, 1, '列表', '2018-01-11 17:26:25', '211.23.116.62', 2),
(4664, 'admin', 5, 2, '列表', '2018-01-11 17:27:37', '211.23.116.62', 2),
(4665, 'admin', 4, 4, '列表', '2018-01-11 17:45:38', '211.23.116.62', 2),
(4666, 'admin', 5, 2, '列表', '2018-01-11 17:45:53', '211.23.116.62', 2),
(4667, 'admin', 7, 1, '列表', '2018-01-11 17:46:22', '211.23.116.62', 2),
(4668, 'admin', 7, 2, '列表', '2018-01-11 17:47:05', '211.23.116.62', 2),
(4669, 'admin', 7, 1, '列表', '2018-01-11 17:47:25', '211.23.116.62', 2),
(4670, 'admin', 7, 1, 'id:4', '2018-01-11 17:47:51', '211.23.116.62', 8),
(4671, 'admin', 7, 1, 'id:13', '2018-01-11 17:48:06', '211.23.116.62', 4),
(4672, 'admin', 7, 1, 'id:13', '2018-01-11 17:48:16', '211.23.116.62', 8),
(4673, 'admin', 5, 2, '列表', '2018-01-11 17:49:10', '211.23.116.62', 2),
(4674, 'admin', 6, 3, '列表', '2018-01-11 17:50:23', '211.23.116.62', 2),
(4675, 'admin', 6, 4, '列表', '2018-01-11 17:50:29', '211.23.116.62', 2),
(4676, 'admin', 6, 3, '列表', '2018-01-11 17:50:30', '211.23.116.62', 2),
(4677, 'admin', 6, 2, '列表', '2018-01-11 17:50:31', '211.23.116.62', 2),
(4678, 'admin', 5, 2, '列表', '2018-01-11 17:50:34', '211.23.116.62', 2),
(4679, 'admin', 7, 2, '列表', '2018-01-11 17:50:41', '211.23.116.62', 2),
(4680, 'admin', 7, 1, '列表', '2018-01-11 17:50:44', '211.23.116.62', 2),
(4681, 'admin', 5, 2, '列表', '2018-01-11 17:52:39', '211.23.116.62', 2),
(4682, 'admin', 8, 1, '列表', '2018-01-11 18:12:26', '211.23.116.62', 2),
(4683, 'admin', 5, 2, '列表', '2018-01-11 18:31:42', '211.23.116.62', 2),
(4684, 'admin', 8, 1, '列表', '2018-01-11 18:40:36', '211.23.116.62', 2),
(4685, 'admin', 3, 1, '列表', '2018-01-11 18:41:38', '211.23.116.62', 2),
(4686, 'admin', 5, 2, '列表', '2018-01-11 18:41:44', '211.23.116.62', 2),
(4687, 'admin', 0, 0, 'admin登入成功', '2018-01-11 20:05:09', '118.170.206.237', 1),
(4688, 'admin', 6, 1, '列表', '2018-01-11 20:05:18', '118.170.206.237', 2),
(4689, 'admin', 5, 2, '列表', '2018-01-11 20:05:25', '118.170.206.237', 2),
(4690, 'admin', 8, 1, '列表', '2018-01-11 20:06:08', '118.170.206.237', 2),
(4691, 'admin', 6, 2, '列表', '2018-01-12 11:29:07', '211.23.116.62', 2),
(4692, 'admin', 6, 3, '列表', '2018-01-12 11:29:08', '211.23.116.62', 2),
(4693, 'admin', 7, 1, '列表', '2018-01-12 11:37:28', '211.23.116.62', 2),
(4694, 'admin', 5, 2, '列表', '2018-01-12 11:37:29', '211.23.116.62', 2),
(4695, 'admin', 6, 1, '列表', '2018-01-12 13:49:38', '211.23.116.62', 2),
(4696, 'admin', 6, 3, '列表', '2018-01-12 13:49:40', '211.23.116.62', 2),
(4697, 'admin', 0, 0, 'admin登入成功', '2018-01-12 14:12:16', '211.23.116.62', 1),
(4698, 'admin', 5, 2, '列表', '2018-01-12 14:12:33', '211.23.116.62', 2),
(4699, 'admin', 6, 3, '列表', '2018-01-12 14:12:37', '211.23.116.62', 2),
(4700, 'admin', 5, 2, '列表', '2018-01-12 14:12:47', '211.23.116.62', 2),
(4701, 'admin', 6, 3, '列表', '2018-01-12 14:13:23', '211.23.116.62', 2),
(4702, 'admin', 4, 5, '列表', '2018-01-12 14:13:42', '211.23.116.62', 2),
(4703, 'admin', 4, 6, '列表', '2018-01-12 14:13:54', '211.23.116.62', 2),
(4704, 'admin', 4, 5, '列表', '2018-01-12 14:13:55', '211.23.116.62', 2),
(4705, 'admin', 4, 4, '列表', '2018-01-12 14:13:56', '211.23.116.62', 2),
(4706, 'admin', 5, 2, '列表', '2018-01-12 14:13:59', '211.23.116.62', 2),
(4707, 'admin', 7, 1, '列表', '2018-01-12 14:14:01', '211.23.116.62', 2),
(4708, 'admin', 5, 2, '列表', '2018-01-12 14:14:04', '211.23.116.62', 2),
(4709, 'admin', 6, 1, '列表', '2018-01-12 14:17:34', '211.23.116.62', 2),
(4710, 'admin', 6, 2, '列表', '2018-01-12 14:17:35', '211.23.116.62', 2),
(4711, 'admin', 6, 3, '列表', '2018-01-12 14:17:36', '211.23.116.62', 2),
(4712, 'admin', 6, 1, '列表', '2018-01-12 14:17:37', '211.23.116.62', 2),
(4713, 'admin', 6, 3, '列表', '2018-01-12 14:17:38', '211.23.116.62', 2),
(4714, 'admin', 5, 2, '列表', '2018-01-12 14:27:22', '211.23.116.62', 2),
(4715, 'admin', 6, 2, '列表', '2018-01-12 14:27:55', '211.23.116.62', 2),
(4716, 'admin', 5, 2, '列表', '2018-01-12 14:28:25', '211.23.116.62', 2),
(4717, 'admin', 6, 2, '列表', '2018-01-12 14:28:30', '211.23.116.62', 2),
(4718, 'admin', 5, 2, '列表', '2018-01-12 14:29:31', '211.23.116.62', 2),
(4719, 'admin', 6, 3, '列表', '2018-01-12 14:42:47', '211.23.116.62', 2),
(4720, 'admin', 6, 2, '列表', '2018-01-12 14:42:48', '211.23.116.62', 2),
(4721, 'admin', 6, 3, '列表', '2018-01-12 14:42:49', '211.23.116.62', 2),
(4722, 'admin', 6, 4, '列表', '2018-01-12 14:43:07', '211.23.116.62', 2),
(4723, 'admin', 6, 1, '列表', '2018-01-12 14:43:11', '211.23.116.62', 2),
(4724, 'admin', 6, 4, '列表', '2018-01-12 14:43:43', '211.23.116.62', 2),
(4725, 'admin', 6, 1, '列表', '2018-01-12 14:44:32', '211.23.116.62', 2),
(4726, 'admin', 6, 3, '列表', '2018-01-12 14:44:33', '211.23.116.62', 2),
(4727, 'admin', 6, 1, '列表', '2018-01-12 15:01:37', '211.23.116.62', 2),
(4728, 'admin', 6, 3, '列表', '2018-01-12 15:06:18', '211.23.116.62', 2),
(4729, 'admin', 5, 2, '列表', '2018-01-12 15:10:08', '211.23.116.62', 2),
(4730, 'admin', 4, 5, '列表', '2018-01-12 15:20:00', '211.23.116.62', 2),
(4731, 'admin', 6, 3, '列表', '2018-01-12 15:20:19', '211.23.116.62', 2),
(4732, 'admin', 6, 4, '列表', '2018-01-12 15:20:32', '211.23.116.62', 2),
(4733, 'admin', 6, 3, '列表', '2018-01-12 15:20:35', '211.23.116.62', 2),
(4734, 'admin', 6, 4, '列表', '2018-01-12 15:21:18', '211.23.116.62', 2),
(4735, 'admin', 0, 0, 'admin登入成功', '2018-01-12 16:28:27', '211.23.116.62', 1),
(4736, 'admin', 8, 1, '列表', '2018-01-12 16:28:32', '211.23.116.62', 2),
(4737, 'admin', 6, 1, '列表', '2018-01-12 16:35:39', '211.23.116.62', 2),
(4738, 'admin', 6, 2, '列表', '2018-01-12 16:35:40', '211.23.116.62', 2),
(4739, 'admin', 6, 1, '列表', '2018-01-12 16:35:42', '211.23.116.62', 2),
(4740, 'admin', 6, 2, '列表', '2018-01-12 16:35:43', '211.23.116.62', 2),
(4741, 'admin', 6, 3, '列表', '2018-01-12 16:35:43', '211.23.116.62', 2),
(4742, 'admin', 3, 1, '列表', '2018-01-12 16:35:48', '211.23.116.62', 2),
(4743, 'admin', 4, 4, '列表', '2018-01-12 16:35:51', '211.23.116.62', 2),
(4744, 'admin', 5, 2, '列表', '2018-01-12 16:35:59', '211.23.116.62', 2),
(4745, 'admin', 6, 3, '列表', '2018-01-12 16:55:48', '211.23.116.62', 2),
(4746, 'admin', 6, 2, '列表', '2018-01-12 17:00:44', '211.23.116.62', 2),
(4747, 'admin', 5, 2, '列表', '2018-01-12 17:01:26', '211.23.116.62', 2),
(4748, 'admin', 4, 5, '列表', '2018-01-12 17:01:41', '211.23.116.62', 2),
(4749, 'admin', 5, 2, '列表', '2018-01-12 17:02:05', '211.23.116.62', 2),
(4750, 'admin', 4, 5, '列表', '2018-01-12 17:02:31', '211.23.116.62', 2),
(4751, 'admin', 6, 2, '列表', '2018-01-12 17:02:48', '211.23.116.62', 2),
(4752, 'admin', 6, 3, '列表', '2018-01-12 17:03:52', '211.23.116.62', 2),
(4753, 'admin', 6, 4, '列表', '2018-01-12 17:03:53', '211.23.116.62', 2),
(4754, 'admin', 6, 2, '列表', '2018-01-12 17:03:54', '211.23.116.62', 2),
(4755, 'admin', 4, 5, '列表', '2018-01-12 17:07:55', '211.23.116.62', 2),
(4756, 'admin', 4, 6, '列表', '2018-01-12 17:07:57', '211.23.116.62', 2),
(4757, 'admin', 6, 3, '列表', '2018-01-12 17:07:59', '211.23.116.62', 2),
(4758, 'admin', 5, 2, '列表', '2018-01-12 17:08:07', '211.23.116.62', 2),
(4759, 'admin', 7, 1, '列表', '2018-01-12 17:08:09', '211.23.116.62', 2),
(4760, 'admin', 7, 2, '列表', '2018-01-12 17:08:09', '211.23.116.62', 2),
(4761, 'admin', 6, 1, '列表', '2018-01-12 17:08:11', '211.23.116.62', 2),
(4762, 'admin', 6, 2, '列表', '2018-01-12 17:08:12', '211.23.116.62', 2),
(4763, 'admin', 6, 3, '列表', '2018-01-12 17:08:14', '211.23.116.62', 2),
(4764, 'admin', 6, 4, '列表', '2018-01-12 17:08:15', '211.23.116.62', 2),
(4765, 'admin', 5, 2, '列表', '2018-01-12 17:10:12', '211.23.116.62', 2),
(4766, 'admin', 6, 2, '列表', '2018-01-12 17:11:11', '211.23.116.62', 2),
(4767, 'admin', 6, 4, '列表', '2018-01-12 17:11:29', '211.23.116.62', 2),
(4768, 'admin', 6, 3, '列表', '2018-01-12 17:48:42', '211.23.116.62', 2),
(4769, 'admin', 7, 1, '列表', '2018-01-12 18:20:05', '211.23.116.62', 2),
(4770, 'admin', 7, 1, 'id:14', '2018-01-12 18:20:59', '211.23.116.62', 4),
(4771, 'admin', 7, 1, 'id:14', '2018-01-12 18:21:03', '211.23.116.62', 8),
(4772, 'admin', 7, 1, 'id:15', '2018-01-12 18:22:22', '211.23.116.62', 4),
(4773, 'admin', 7, 1, 'id:15', '2018-01-12 18:22:26', '211.23.116.62', 8),
(4774, 'admin', 7, 1, '列表', '2018-01-12 18:23:09', '211.23.116.62', 2),
(4775, 'admin', 7, 2, '列表', '2018-01-12 19:03:04', '211.23.116.62', 2),
(4776, 'admin', 8, 1, '列表', '2018-01-12 19:03:08', '211.23.116.62', 2),
(4777, 'admin', 5, 2, '列表', '2018-01-12 19:03:10', '211.23.116.62', 2),
(4778, 'admin', 6, 1, '列表', '2018-01-12 19:41:35', '211.23.116.62', 2),
(4779, 'admin', 8, 1, '列表', '2018-01-13 18:55:35', '42.76.59.66', 2),
(4780, 'admin', 0, 0, 'admin登入成功', '2018-01-15 10:09:25', '211.23.116.62', 1),
(4781, 'admin', 7, 1, '列表', '2018-01-15 10:09:29', '211.23.116.62', 2),
(4782, 'admin', 5, 2, '列表', '2018-01-15 10:09:32', '211.23.116.62', 2),
(4783, 'admin', 1, 2, '列表', '2018-01-15 10:14:25', '211.23.116.62', 2),
(4784, 'admin', 0, 0, 'admin登入成功', '2018-01-15 10:16:12', '111.83.97.110', 1),
(4785, 'admin', 1, 2, '列表', '2018-01-15 10:16:49', '111.83.97.110', 2),
(4786, 'admin', 5, 2, '列表', '2018-01-15 10:17:16', '111.83.97.110', 2),
(4787, 'admin', 5, 2, '列表', '2018-01-15 10:18:50', '211.23.116.62', 2),
(4788, 'admin', 0, 0, 'admin登入成功', '2018-01-15 16:15:35', '211.23.116.62', 1),
(4789, 'admin', 6, 1, '列表', '2018-01-15 16:15:42', '211.23.116.62', 2),
(4790, 'admin', 8, 1, '列表', '2018-01-15 16:15:45', '211.23.116.62', 2),
(4791, 'admin', 7, 1, '列表', '2018-01-15 16:21:12', '211.23.116.62', 2),
(4792, 'admin', 5, 2, '列表', '2018-01-15 16:21:17', '211.23.116.62', 2),
(4793, 'admin', 7, 2, '列表', '2018-01-15 16:22:07', '211.23.116.62', 2),
(4794, 'admin', 4, 4, '列表', '2018-01-15 16:22:22', '211.23.116.62', 2),
(4795, 'admin', 4, 5, '列表', '2018-01-15 16:22:22', '211.23.116.62', 2),
(4796, 'admin', 4, 6, '列表', '2018-01-15 16:24:23', '211.23.116.62', 2),
(4797, 'admin', 3, 1, '列表', '2018-01-15 16:25:06', '211.23.116.62', 2),
(4798, 'admin', 3, 2, '列表', '2018-01-15 16:25:08', '211.23.116.62', 2),
(4799, 'admin', 3, 3, '列表', '2018-01-15 16:25:09', '211.23.116.62', 2),
(4800, 'admin', 3, 4, '列表', '2018-01-15 16:25:10', '211.23.116.62', 2),
(4801, 'admin', 6, 1, '列表', '2018-01-15 16:25:17', '211.23.116.62', 2),
(4802, 'admin', 6, 4, '列表', '2018-01-15 16:25:18', '211.23.116.62', 2),
(4803, 'admin', 6, 3, '列表', '2018-01-15 16:35:05', '211.23.116.62', 2),
(4804, 'admin', 6, 2, '列表', '2018-01-15 16:35:15', '211.23.116.62', 2),
(4805, 'admin', 3, 1, '列表', '2018-01-15 16:35:45', '211.23.116.62', 2),
(4806, 'admin', 3, 2, '列表', '2018-01-15 16:35:47', '211.23.116.62', 2),
(4807, 'admin', 4, 4, '列表', '2018-01-15 16:35:49', '211.23.116.62', 2),
(4808, 'admin', 3, 1, '列表', '2018-01-15 16:36:00', '211.23.116.62', 2),
(4809, 'admin', 6, 1, '列表', '2018-01-15 16:36:02', '211.23.116.62', 2),
(4810, 'admin', 6, 4, '列表', '2018-01-15 16:36:03', '211.23.116.62', 2),
(4811, 'admin', 2, 1, '列表', '2018-01-15 16:36:33', '211.23.116.62', 2),
(4812, 'admin', 1, 1, '列表', '2018-01-15 16:36:41', '211.23.116.62', 2),
(4813, 'admin', 1, 2, '列表', '2018-01-15 16:36:56', '211.23.116.62', 2),
(4814, 'admin', 1, 1, '列表', '2018-01-15 16:36:58', '211.23.116.62', 2),
(4815, 'admin', 2, 1, '列表', '2018-01-15 16:37:15', '211.23.116.62', 2),
(4816, 'admin', 6, 1, '列表', '2018-01-15 16:37:18', '211.23.116.62', 2),
(4817, 'admin', 6, 2, '列表', '2018-01-15 16:37:19', '211.23.116.62', 2),
(4818, 'admin', 6, 4, '列表', '2018-01-15 16:37:22', '211.23.116.62', 2),
(4819, 'admin', 6, 3, '列表', '2018-01-15 16:37:25', '211.23.116.62', 2),
(4820, 'admin', 5, 2, '列表', '2018-01-15 16:43:50', '211.23.116.62', 2),
(4821, 'admin', 4, 4, '列表', '2018-01-15 16:43:53', '211.23.116.62', 2),
(4822, 'admin', 6, 1, '列表', '2018-01-15 16:43:56', '211.23.116.62', 2),
(4823, 'admin', 6, 4, '列表', '2018-01-15 16:43:57', '211.23.116.62', 2),
(4824, 'admin', 3, 1, '列表', '2018-01-15 17:26:29', '211.23.116.62', 2),
(4825, 'admin', 3, 2, '列表', '2018-01-15 17:26:30', '211.23.116.62', 2),
(4826, 'admin', 3, 3, '列表', '2018-01-15 17:26:31', '211.23.116.62', 2),
(4827, 'admin', 3, 4, '列表', '2018-01-15 17:26:36', '211.23.116.62', 2),
(4828, 'admin', 3, 5, '列表', '2018-01-15 17:26:38', '211.23.116.62', 2),
(4829, 'admin', 7, 1, '列表', '2018-01-15 17:26:48', '211.23.116.62', 2),
(4830, 'admin', 8, 1, '列表', '2018-01-15 17:26:51', '211.23.116.62', 2),
(4831, 'admin', 6, 3, '列表', '2018-01-15 17:48:13', '211.23.116.62', 2),
(4832, 'admin', 6, 3, '列表', '2018-01-16 10:07:00', '211.23.116.62', 2),
(4833, 'admin', 6, 4, '列表', '2018-01-16 10:09:46', '211.23.116.62', 2),
(4834, 'admin', 8, 1, '列表', '2018-01-16 10:51:33', '211.23.116.62', 2),
(4835, 'admin', 3, 1, '列表', '2018-01-16 11:07:10', '211.23.116.62', 2),
(4836, 'admin', 6, 2, '列表', '2018-01-16 11:07:11', '211.23.116.62', 2),
(4837, 'admin', 6, 3, '列表', '2018-01-16 11:07:12', '211.23.116.62', 2),
(4838, 'admin', 6, 4, '列表', '2018-01-16 11:07:16', '211.23.116.62', 2),
(4839, 'admin', 7, 1, '列表', '2018-01-16 11:07:25', '211.23.116.62', 2),
(4840, 'admin', 7, 2, '列表', '2018-01-16 11:07:26', '211.23.116.62', 2),
(4841, 'admin', 4, 5, '列表', '2018-01-16 11:07:28', '211.23.116.62', 2),
(4842, 'admin', 4, 6, '列表', '2018-01-16 11:07:32', '211.23.116.62', 2),
(4843, 'admin', 4, 4, '列表', '2018-01-16 11:07:33', '211.23.116.62', 2),
(4844, 'admin', 5, 2, '列表', '2018-01-16 11:07:40', '211.23.116.62', 2),
(4845, 'admin', 8, 1, '列表', '2018-01-16 11:07:46', '211.23.116.62', 2),
(4846, 'admin', 7, 1, '列表', '2018-01-16 11:07:50', '211.23.116.62', 2),
(4847, 'admin', 4, 4, '列表', '2018-01-16 11:07:51', '211.23.116.62', 2),
(4848, 'admin', 4, 5, '列表', '2018-01-16 11:07:52', '211.23.116.62', 2),
(4849, 'admin', 3, 1, '列表', '2018-01-16 11:07:54', '211.23.116.62', 2),
(4850, 'admin', 3, 2, '列表', '2018-01-16 11:07:55', '211.23.116.62', 2),
(4851, 'admin', 3, 1, '列表', '2018-01-16 11:07:56', '211.23.116.62', 2),
(4852, 'admin', 3, 3, '列表', '2018-01-16 11:07:57', '211.23.116.62', 2),
(4853, 'admin', 3, 4, '列表', '2018-01-16 11:07:59', '211.23.116.62', 2),
(4854, 'admin', 3, 2, '列表', '2018-01-16 11:08:04', '211.23.116.62', 2),
(4855, 'admin', 3, 3, '列表', '2018-01-16 11:08:05', '211.23.116.62', 2),
(4856, 'admin', 4, 5, '列表', '2018-01-16 11:08:26', '211.23.116.62', 2),
(4857, 'admin', 4, 4, '列表', '2018-01-16 11:08:27', '211.23.116.62', 2),
(4858, 'admin', 6, 3, '列表', '2018-01-16 11:08:40', '211.23.116.62', 2),
(4859, 'admin', 4, 4, '列表', '2018-01-16 11:08:47', '211.23.116.62', 2),
(4860, 'admin', 6, 3, '列表', '2018-01-16 11:09:07', '211.23.116.62', 2),
(4861, 'admin', 4, 4, '列表', '2018-01-16 11:09:12', '211.23.116.62', 2),
(4862, 'admin', 0, 0, 'admin登入成功', '2018-01-16 11:31:47', '211.23.116.62', 1),
(4863, 'admin', 6, 2, '列表', '2018-01-16 11:31:52', '211.23.116.62', 2),
(4864, 'admin', 6, 3, '列表', '2018-01-16 11:31:53', '211.23.116.62', 2),
(4865, 'admin', 4, 4, '列表', '2018-01-16 11:32:07', '211.23.116.62', 2),
(4866, 'admin', 4, 4, 'id:171', '2018-01-16 11:32:28', '211.23.116.62', 4),
(4867, 'admin', 4, 5, '列表', '2018-01-16 11:32:29', '211.23.116.62', 2),
(4868, 'admin', 4, 5, 'id:171', '2018-01-16 11:32:39', '211.23.116.62', 8),
(4869, 'admin', 6, 2, '列表', '2018-01-16 11:33:05', '211.23.116.62', 2),
(4870, 'admin', 6, 3, '列表', '2018-01-16 11:33:06', '211.23.116.62', 2),
(4871, 'admin', 0, 0, 'admin登入失敗-帳密不正確', '2018-01-17 16:49:11', '211.23.116.62', 1),
(4872, 'admin', 0, 0, 'admin登入失敗-帳密不正確', '2018-01-17 16:49:15', '211.23.116.62', 1),
(4873, 'admin', 0, 0, 'admin登入失敗-帳密不正確', '2018-01-17 16:49:19', '211.23.116.62', 1),
(4874, 'admin', 0, 0, 'admin登入成功', '2018-01-17 16:49:24', '211.23.116.62', 1),
(4875, 'admin', 8, 1, '列表', '2018-01-17 16:49:30', '211.23.116.62', 2),
(4876, 'admin', 6, 1, '列表', '2018-01-17 16:49:41', '211.23.116.62', 2),
(4877, 'admin', 6, 2, '列表', '2018-01-17 16:49:43', '211.23.116.62', 2),
(4878, 'admin', 6, 4, '列表', '2018-01-17 16:49:46', '211.23.116.62', 2),
(4879, 'admin', 4, 4, '列表', '2018-01-17 16:49:54', '211.23.116.62', 2),
(4880, 'admin', 4, 4, 'id:172', '2018-01-17 16:50:23', '211.23.116.62', 4),
(4881, 'admin', 4, 5, '列表', '2018-01-17 16:50:52', '211.23.116.62', 2),
(4882, 'admin', 4, 5, 'id:172', '2018-01-17 16:51:03', '211.23.116.62', 8),
(4883, 'admin', 4, 5, '列表', '2018-01-17 16:51:08', '211.23.116.62', 2),
(4884, 'admin', 5, 2, '列表', '2018-01-17 16:51:12', '211.23.116.62', 2),
(4885, 'admin', 6, 1, '列表', '2018-01-17 16:51:16', '211.23.116.62', 2),
(4886, 'admin', 6, 2, '列表', '2018-01-17 16:51:19', '211.23.116.62', 2),
(4887, 'admin', 6, 3, '列表', '2018-01-17 16:51:19', '211.23.116.62', 2),
(4888, 'admin', 6, 2, '列表', '2018-01-17 16:51:50', '211.23.116.62', 2),
(4889, 'admin', 4, 4, '列表', '2018-01-17 16:52:01', '211.23.116.62', 2),
(4890, 'admin', 6, 2, '列表', '2018-01-17 16:52:03', '211.23.116.62', 2),
(4891, 'admin', 6, 3, '列表', '2018-01-17 16:52:06', '211.23.116.62', 2),
(4892, 'admin', 4, 4, '列表', '2018-01-17 16:52:10', '211.23.116.62', 2),
(4893, 'admin', 4, 4, 'id:173', '2018-01-17 16:52:35', '211.23.116.62', 4),
(4894, 'admin', 4, 5, '列表', '2018-01-17 16:52:38', '211.23.116.62', 2),
(4895, 'admin', 4, 5, 'id:173', '2018-01-17 16:52:44', '211.23.116.62', 8),
(4896, 'admin', 6, 2, '列表', '2018-01-17 16:53:09', '211.23.116.62', 2),
(4897, 'admin', 4, 4, '列表', '2018-01-17 16:55:50', '211.23.116.62', 2),
(4898, 'admin', 6, 2, '列表', '2018-01-17 16:56:04', '211.23.116.62', 2),
(4899, 'admin', 4, 4, '列表', '2018-01-17 17:00:13', '211.23.116.62', 2),
(4900, 'admin', 4, 5, '列表', '2018-01-17 17:01:01', '211.23.116.62', 2),
(4901, 'admin', 4, 5, 'id:173', '2018-01-17 17:01:08', '211.23.116.62', 8),
(4902, 'admin', 6, 3, '列表', '2018-01-17 17:01:20', '211.23.116.62', 2),
(4903, 'admin', 4, 4, '列表', '2018-01-17 17:01:51', '211.23.116.62', 2),
(4904, 'admin', 3, 1, '列表', '2018-01-17 17:01:59', '211.23.116.62', 2),
(4905, 'admin', 6, 2, '列表', '2018-01-17 17:02:10', '211.23.116.62', 2),
(4906, 'admin', 6, 4, '列表', '2018-01-17 17:02:25', '211.23.116.62', 2),
(4907, 'admin', 6, 3, '列表', '2018-01-17 17:02:38', '211.23.116.62', 2),
(4908, 'admin', 3, 3, '列表', '2018-01-17 17:03:04', '211.23.116.62', 2),
(4909, 'admin', 4, 4, '列表', '2018-01-17 17:03:11', '211.23.116.62', 2),
(4910, 'admin', 4, 5, '列表', '2018-01-17 17:03:14', '211.23.116.62', 2),
(4911, 'admin', 4, 6, '列表', '2018-01-17 17:03:19', '211.23.116.62', 2),
(4912, 'admin', 5, 2, '列表', '2018-01-17 17:03:23', '211.23.116.62', 2),
(4913, 'admin', 6, 1, '列表', '2018-01-17 17:03:29', '211.23.116.62', 2),
(4914, 'admin', 6, 2, '列表', '2018-01-17 17:03:29', '211.23.116.62', 2),
(4915, 'admin', 6, 1, '列表', '2018-01-17 17:03:52', '211.23.116.62', 2),
(4916, 'admin', 6, 3, '列表', '2018-01-17 17:04:02', '211.23.116.62', 2),
(4917, 'admin', 6, 4, '列表', '2018-01-17 17:04:08', '211.23.116.62', 2),
(4918, 'admin', 4, 4, '列表', '2018-01-17 17:04:13', '211.23.116.62', 2),
(4919, 'admin', 5, 2, '列表', '2018-01-17 17:04:20', '211.23.116.62', 2),
(4920, 'admin', 4, 5, '列表', '2018-01-17 17:04:37', '211.23.116.62', 2),
(4921, 'admin', 4, 4, '列表', '2018-01-17 17:04:40', '211.23.116.62', 2),
(4922, 'admin', 6, 4, '列表', '2018-01-17 17:05:37', '211.23.116.62', 2),
(4923, 'admin', 8, 1, '列表', '2018-01-17 18:21:50', '211.23.116.62', 2),
(4924, 'admin', 2, 1, '列表', '2018-01-18 11:30:03', '211.23.116.62', 2),
(4925, 'admin', 0, 0, 'admin登入成功', '2018-01-20 10:53:49', '42.76.101.15', 1),
(4926, 'admin', 6, 4, '列表', '2018-01-20 10:53:57', '42.76.101.15', 2),
(4927, 'admin', 0, 0, 'admin登入成功', '2018-01-20 23:55:52', '114.137.122.42', 1),
(4928, 'admin', 5, 2, '列表', '2018-01-20 23:55:57', '114.137.122.42', 2),
(4929, 'admin', 6, 2, '列表', '2018-01-20 23:56:04', '114.137.122.42', 2),
(4930, 'admin', 6, 3, '列表', '2018-01-20 23:56:05', '114.137.122.42', 2),
(4931, 'admin', 6, 4, '列表', '2018-01-20 23:57:09', '114.137.122.42', 2),
(4932, 'admin', 1, 1, '列表', '2018-01-20 23:57:30', '114.137.122.42', 2),
(4933, 'admin', 1, 2, '列表', '2018-01-20 23:57:33', '114.137.122.42', 2),
(4934, 'admin', 2, 1, '列表', '2018-01-20 23:57:38', '114.137.122.42', 2),
(4935, 'admin', 0, 0, 'admin登入成功', '2018-01-24 18:53:17', '211.23.116.62', 1),
(4936, 'admin', 8, 1, '列表', '2018-01-24 18:53:21', '211.23.116.62', 2);

-- --------------------------------------------------------

--
-- 資料表結構 `agent`
--

CREATE TABLE `agent` (
  `id` int(11) NOT NULL COMMENT '代理編號',
  `agent_id` varchar(25) COLLATE utf8_unicode_ci NOT NULL COMMENT '代理ID',
  `agent_name` varchar(40) COLLATE utf8_unicode_ci NOT NULL COMMENT '代理名稱',
  `email` varchar(60) COLLATE utf8_unicode_ci NOT NULL COMMENT '代理信箱',
  `created_time` timestamp NOT NULL DEFAULT CURRENT_TIMESTAMP,
  `updated_time` timestamp NULL DEFAULT NULL,
  `last_manager` varchar(20) COLLATE utf8_unicode_ci NOT NULL
) ENGINE=InnoDB DEFAULT CHARSET=utf8 COLLATE=utf8_unicode_ci;

--
-- 資料表的匯出資料 `agent`
--

INSERT INTO `agent` (`id`, `agent_id`, `agent_name`, `email`, `created_time`, `updated_time`, `last_manager`) VALUES
(7, '7509', '代理人二號', 'agentforpkfun@gmail.com', '2018-01-03 09:03:01', '2018-01-03 09:03:01', 'admin'),
(12, 'b40d', '總代理人', 'mainagent@degather.com', '2018-01-04 01:51:57', '2018-01-04 01:51:57', 'admin'),
(15, 'DDD3', '代理王', 'kingofagent@degather.com', '2018-01-04 01:58:12', '2018-01-04 01:58:12', 'admin'),
(16, '3410', '台灣區代理', 'twagent@gmail.com', '2018-01-04 03:14:08', '2018-01-04 03:14:08', 'admin');

-- --------------------------------------------------------

--
-- 資料表結構 `anchor`
--

CREATE TABLE `anchor` (
  `id` int(11) NOT NULL,
  `name` varchar(20) COLLATE utf8_unicode_ci NOT NULL,
  `email` varchar(50) COLLATE utf8_unicode_ci NOT NULL,
  `point` int(11) NOT NULL DEFAULT '0',
  `created_time` timestamp NOT NULL DEFAULT CURRENT_TIMESTAMP,
  `update_time` timestamp NULL DEFAULT NULL,
  `last_manager` varchar(20) COLLATE utf8_unicode_ci NOT NULL
) ENGINE=InnoDB DEFAULT CHARSET=utf8 COLLATE=utf8_unicode_ci;

--
-- 資料表的匯出資料 `anchor`
--

INSERT INTO `anchor` (`id`, `name`, `email`, `point`, `created_time`, `update_time`, `last_manager`) VALUES
(1, '多朵', 'aaa@bbb.com', 16340, '2018-01-02 09:37:53', '2017-12-20 02:36:39', 'admin'),
(2, '王美', 'test@gmail.com', 673, '2018-01-03 02:32:52', '2017-12-20 02:29:45', 'admin'),
(3, '朱兒', 'codershittybooty@gmail.com', 5203, '2018-01-03 02:05:50', '2018-01-03 02:01:04', 'admin'),
(4, '小王王', 'jdsofmie@gmail.com', 8456, '2018-01-11 16:17:10', '2018-01-11 16:17:10', 'admin');

-- --------------------------------------------------------

--
-- 資料表結構 `bank`
--

CREATE TABLE `bank` (
  `id` int(11) NOT NULL,
  `name` varchar(100) COLLATE utf8_unicode_ci NOT NULL COMMENT '銀行名稱',
  `bank_no` char(3) CHARACTER SET latin1 NOT NULL COMMENT '銀行代碼',
  `last_manager` varchar(20) COLLATE utf8_unicode_ci NOT NULL,
  `created_time` datetime NOT NULL
) ENGINE=InnoDB DEFAULT CHARSET=utf8 COLLATE=utf8_unicode_ci;

--
-- 資料表的匯出資料 `bank`
--

INSERT INTO `bank` (`id`, `name`, `bank_no`, `last_manager`, `created_time`) VALUES
(16, '中國信託', '008', 'admin', '2017-12-06 09:49:20'),
(17, '國泰世華', '012', 'admin', '2017-12-06 09:49:33'),
(18, '台新銀行', '087', 'admin', '2017-12-06 09:49:48');

-- --------------------------------------------------------

--
-- 資料表結構 `bank_card`
--

CREATE TABLE `bank_card` (
  `id` int(11) NOT NULL,
  `bank_name` varchar(60) COLLATE utf8_unicode_ci NOT NULL COMMENT '名稱',
  `bank_id` varchar(100) COLLATE utf8_unicode_ci NOT NULL COMMENT '銀行',
  `bank_card_no` varchar(255) COLLATE utf8_unicode_ci DEFAULT NULL COMMENT '卡號',
  `last_manager` varchar(20) COLLATE utf8_unicode_ci NOT NULL,
  `created_time` datetime NOT NULL,
  `updated_time` datetime NOT NULL
) ENGINE=InnoDB DEFAULT CHARSET=utf8 COLLATE=utf8_unicode_ci COMMENT='銀行帳戶';

--
-- 資料表的匯出資料 `bank_card`
--

INSERT INTO `bank_card` (`id`, `bank_name`, `bank_id`, `bank_card_no`, `last_manager`, `created_time`, `updated_time`) VALUES
(1, '工商01', '18', '6548513', 'admin', '2017-12-06 10:08:25', '2017-12-06 10:08:25'),
(2, '國泰', '17', '789456123', 'customer', '2017-12-06 10:08:44', '2017-12-13 14:33:33');

-- --------------------------------------------------------

--
-- 資料表結構 `contribution`
--

CREATE TABLE `contribution` (
  `id` int(11) NOT NULL,
  `anchor_id` int(11) NOT NULL COMMENT '主播ID',
  `member_id` varchar(20) COLLATE utf8_unicode_ci NOT NULL COMMENT '會員ID',
  `point` int(4) NOT NULL COMMENT '打賞金額',
  `contents` text COLLATE utf8_unicode_ci,
  `created_date` datetime NOT NULL DEFAULT CURRENT_TIMESTAMP
) ENGINE=InnoDB DEFAULT CHARSET=utf8 COLLATE=utf8_unicode_ci;

--
-- 資料表的匯出資料 `contribution`
--

INSERT INTO `contribution` (`id`, `anchor_id`, `member_id`, `point`, `contents`, `created_date`) VALUES
(1, 1, 'ad1475', 500, '', '2017-12-25 12:28:02'),
(2, 2, 'a571615', 50, '', '2017-12-25 13:55:19'),
(3, 1, 'a571615', 300, 'hi', '2017-12-29 12:24:29'),
(4, 1, 'GGQbbb123', 55, '加油多朵~~', '2018-01-02 17:29:08'),
(5, 1, 'dddduuiuiuiui', 55, '多朵我愛你阿~~', '2018-01-02 17:31:30'),
(6, 2, 'dddduuiuiuiui', 100, '小花我愛你阿~~', '2018-01-02 17:32:47'),
(7, 1, 'CMPunk33', 948, '我是王曉小我愛多朵啦fu', '2018-01-02 17:37:53'),
(8, 3, 'CMPunk33', 52, '朱兒是最棒的啦!!', '2018-01-03 10:02:57'),
(9, 3, 'CMPunk33', 52, '朱兒是最棒的啦!!', '2018-01-03 10:05:50'),
(10, 0, '', 0, '', '2018-01-03 10:17:43'),
(11, 0, '', 0, '', '2018-01-03 10:18:48'),
(12, 2, 'GGQbbb123', 55, '加油~~', '2018-01-03 10:32:53'),
(13, 1, '1530629590353975', 425, 'Wade永遠持你啊~~~~', '2018-01-05 15:26:38'),
(14, 1, '1530629590353975', 1000, '多多最棒', '2018-01-09 10:46:42'),
(15, 1, '1530629590353975', 1000, '多多最棒', '2018-01-09 11:12:47'),
(16, 1, '1530629590353975', 1000, '多多最棒', '2018-01-09 11:12:47'),
(17, 1, '1530629590353975', 100, '多多最棒', '2018-01-09 11:13:11'),
(18, 3, '102714530537254', 46, '湊個150', '2018-01-09 14:23:04'),
(19, 3, '102714530537254', 5000, '乾爹來囉，朱兒~~', '2018-01-09 14:29:24'),
(20, 2, '102714530537254', 100, '要抓URL Referrer', '2018-01-09 15:02:31'),
(21, 2, 'cometoplay1', 293, '王美最棒了~', '2018-01-10 14:23:49'),
(22, 4, 'iaww0228', 5000, '看你可憐啦~~', '2018-01-12 07:06:55'),
(23, 4, 'iaww0228', 200, '再做一次測試', '2018-01-12 07:18:00'),
(24, 4, 'iaww0228', 1234, '測試測試', '2018-01-12 07:20:49'),
(25, 1, '10212837668571023', 10, 'xxx', '2018-01-15 08:43:34'),
(26, 4, '10212837668571023', 222, '333', '2018-01-15 09:15:06'),
(27, 3, '10212837668571023', 20, 'pay 20', '2018-01-15 09:22:45'),
(28, 3, '10212837668571023', 22, '333', '2018-01-15 09:31:56'),
(29, 1, '10212837668571023', 444, '555', '2018-01-15 09:32:09'),
(30, 1, '10212837668571023', 444, '555', '2018-01-15 09:32:16'),
(31, 1, '10212837668571023', 444, '555', '2018-01-15 09:32:19'),
(32, 1, '10212837668571023', 222, '', '2018-01-15 09:34:37'),
(33, 3, '10212837668571023', 11, 'gogo', '2018-01-15 09:39:17'),
(34, 1, '10212837668571023', 2, 'very good', '2018-01-15 09:43:30'),
(35, 1, '10212837668571023', 33, 'ggg', '2018-01-15 09:44:28'),
(36, 1, '10212837668571023', 22, '33', '2018-01-15 09:45:47'),
(37, 2, '1530629590353975', 22, 'ggg', '2018-01-15 10:11:55'),
(38, 1, '10212837668571023', 1, 'xxx', '2018-01-15 19:04:39'),
(39, 2, '1530629590353975', 100, '加油加油', '2018-01-16 10:10:19'),
(40, 4, '1530629590353975', 800, 'XXXXXXYYYYYY', '2018-01-16 11:37:23'),
(41, 1, '10212837668571023', 1, 'gogo', '2018-01-17 16:32:27'),
(42, 1, '10212837668571023', 1, 'gogo', '2018-01-17 16:37:02'),
(43, 4, '10212837668571023', 1000, 'xxxxx', '2018-01-17 16:54:20'),
(44, 2, '10212837668571023', 1, 'xxx', '2018-01-17 17:07:49'),
(45, 1, '10212837668571023', 11, 'aa', '2018-01-17 18:00:11'),
(46, 1, '10212837668571023', 11, 'bb', '2018-01-17 18:00:23'),
(47, 2, '1530629590353975', 1, '', '2018-01-18 19:33:24'),
(48, 2, '1530629590353975', 1, '', '2018-01-18 19:33:35'),
(49, 1, '10212837668571023', 111, 'ttt', '2018-01-20 10:53:29'),
(50, 1, '10212837668571023', 10000, 'gogoogoo', '2018-01-20 23:56:57');

-- --------------------------------------------------------

--
-- 資料表結構 `deposit`
--

CREATE TABLE `deposit` (
  `id` int(11) UNSIGNED NOT NULL COMMENT '交易編號',
  `member_id` varchar(25) CHARACTER SET utf8 COLLATE utf8_unicode_ci NOT NULL COMMENT '會員ID',
  `platform_id` int(11) NOT NULL COMMENT '平台ID',
  `product_id` varchar(50) CHARACTER SET utf8 COLLATE utf8_unicode_ci DEFAULT NULL COMMENT '產品ID',
  `agent_id` varchar(25) CHARACTER SET utf8 COLLATE utf8_unicode_ci DEFAULT NULL COMMENT '代理ID',
  `money` int(20) UNSIGNED NOT NULL COMMENT '金額',
  `point` int(4) NOT NULL COMMENT '點數',
  `deposit_pay_id` int(11) DEFAULT NULL COMMENT '第三方支付ID',
  `pay_code` varchar(255) CHARACTER SET utf8 COLLATE utf8_unicode_ci DEFAULT NULL COMMENT '第三方序號',
  `pay_id` varchar(255) CHARACTER SET utf8 COLLATE utf8_unicode_ci DEFAULT NULL COMMENT '儲值ID(外部提供)',
  `status` tinyint(4) UNSIGNED NOT NULL DEFAULT '0' COMMENT '狀態  [0: 未審核] [1:完成] [2:拒絕][3:捨棄]',
  `contents` varchar(255) CHARACTER SET utf8 COLLATE utf8_unicode_ci DEFAULT NULL COMMENT '備註',
  `created_time` datetime DEFAULT NULL,
  `updated_time` datetime DEFAULT NULL,
  `last_manager` varchar(20) CHARACTER SET utf8 COLLATE utf8_unicode_ci NOT NULL,
  `check_time` datetime NOT NULL COMMENT '審核時間'
) ENGINE=InnoDB DEFAULT CHARSET=utf8mb4 COLLATE=utf8mb4_unicode_ci;

--
-- 資料表的匯出資料 `deposit`
--

INSERT INTO `deposit` (`id`, `member_id`, `platform_id`, `product_id`, `agent_id`, `money`, `point`, `deposit_pay_id`, `pay_code`, `pay_id`, `status`, `contents`, `created_time`, `updated_time`, `last_manager`, `check_time`) VALUES
(95, 'a571615', 5, 'GW8102774', 'DDD3', 500, 0, 0, NULL, NULL, 3, '', '2017-12-20 16:09:01', '2017-12-21 09:25:03', 'admin', '2017-12-20 17:04:36'),
(96, 'a571615', 5, NULL, NULL, 700, 0, 0, NULL, NULL, 2, '', '2017-12-20 16:29:42', '2017-12-21 09:29:31', 'admin', '2017-12-20 16:31:05'),
(97, 'a571615', 5, NULL, NULL, 4852, 0, 0, NULL, NULL, 0, '', '2017-12-20 16:39:45', '2017-12-21 09:24:57', 'admin', '0000-00-00 00:00:00'),
(98, 'ad1475', 4, NULL, 'b40d', 780, 0, 0, NULL, NULL, 1, '', '2017-12-20 17:32:03', '2017-12-21 11:02:01', 'admin', '2017-12-21 11:01:59'),
(99, 'a571615', 5, NULL, 'DDD3', 500, 0, 0, NULL, NULL, 0, '', '2017-12-25 16:52:00', '2017-12-25 16:52:00', 'money', '0000-00-00 00:00:00'),
(100, 'a571615', 5, 'GS5a3b6edaa8dad', NULL, 500, 0, 0, NULL, NULL, 0, '', '2017-12-25 16:52:56', '2017-12-25 16:52:56', 'money', '0000-00-00 00:00:00'),
(101, 'ad1475', 4, NULL, NULL, 500, 0, 0, NULL, NULL, 0, '', '2017-12-26 09:47:31', '2017-12-26 09:47:31', 'admin', '0000-00-00 00:00:00'),
(102, 'ad1475', 4, 'GS5a3b6f55cc510', 'b40d', 60, 0, 0, NULL, NULL, 0, '', '2017-12-26 09:48:14', '2017-12-26 09:48:14', 'admin', '0000-00-00 00:00:00'),
(103, 'a571615', 5, 'GS5a41ac03afcfe', NULL, 500, 0, 0, NULL, NULL, 0, '', '2017-12-26 12:00:21', '2017-12-26 12:00:21', 'admin', '0000-00-00 00:00:00'),
(104, 'ad1475', 4, 'GW8102774', '3410', 0, 0, 0, NULL, NULL, 0, '', '2017-12-26 12:00:37', '2017-12-26 14:01:49', 'admin', '2017-12-26 14:01:49'),
(105, 'ad1475', 4, 'GW8102774', NULL, 0, 0, 0, NULL, NULL, 0, '', '2017-12-26 14:28:54', '2017-12-26 14:28:54', 'admin', '0000-00-00 00:00:00'),
(106, 'a571615', 5, 'GW8102774', 'DDD3', 0, 0, 0, NULL, NULL, 0, '', '2017-12-26 14:29:19', '2017-12-26 14:29:19', 'admin', '0000-00-00 00:00:00'),
(107, 'ad1475', 4, 'GW8102774', NULL, 0, 0, 0, NULL, NULL, 0, '', '2017-12-26 14:29:50', '2017-12-26 14:29:50', 'admin', '0000-00-00 00:00:00'),
(115, 'CMPunk33', 4, 'GS5a3b6f55cc510', NULL, 150, 0, 1, 'MC5a4b23ab214a3', NULL, 1, NULL, NULL, '2018-01-02 14:20:06', '', '2018-01-02 14:20:06'),
(129, 'dddduuiuiuiui', 4, 'GS5a3b6f55cc510', NULL, 150, 0, 1, 'MC5a4b27f5d7a0a', NULL, 1, NULL, NULL, '2018-01-02 14:37:23', '', '2018-01-02 14:37:23'),
(130, 'GGQbbb123', 4, 'GS5a3b6f55cc510', '3410', 60, 650, 1, 'MC5a4b36087701a', NULL, 1, NULL, NULL, '2018-01-02 15:35:40', '', '2018-01-02 15:35:40'),
(131, 'ad1475', 4, 'GS5a3b6f55cc510', NULL, 60, 650, 1, 'MC5a4c837161097', NULL, 1, NULL, NULL, '2018-01-03 15:18:20', '', '2018-01-03 15:18:20'),
(132, 'ad1475', 4, 'GS5a3b6f55cc510', 'DDD3', 60, 650, 1, 'MC5a4c8b0062da4', NULL, 1, NULL, NULL, '2018-01-03 15:50:08', '', '2018-01-03 15:50:08'),
(133, 'a571615', 5, 'GS5a3b6f55cc510', NULL, 60, 650, 1, 'MC5a4c8ba2541d6', NULL, 1, NULL, NULL, '2018-01-03 15:52:56', '', '2018-01-03 15:52:56'),
(134, 'a571615', 5, 'GS5a3b6f55cc510', '3410', 60, 650, 1, 'MC5a4c8c2e91a43', NULL, 1, NULL, NULL, '2018-01-03 15:55:02', '', '2018-01-03 15:55:02'),
(135, 'a571615', 5, 'GS5a3b6f55cc510', NULL, 60, 650, 1, 'MC5a4c8caf48810', NULL, 1, NULL, NULL, '2018-01-03 15:57:09', '', '2018-01-03 15:57:09'),
(136, 'a571615', 5, 'GS5a3b6f55cc510', 'DDD3', 60, 650, 1, 'MC5a4c8d1a5bef1', NULL, 1, NULL, NULL, '2018-01-03 15:59:11', '', '2018-01-03 15:59:11'),
(137, 'CMPunk33', 4, 'GS5a3b6f55cc510', '7509', 60, 650, 1, 'MC5a52d25b2bc68', NULL, 1, NULL, NULL, '2018-01-08 10:10:00', '', '2018-01-08 10:10:00'),
(138, 'CMPunk33', 4, 'GS5a3b6f55cc510', '3410', 60, 650, 1, 'MC5a52d3abb0c5b', NULL, 1, NULL, NULL, '2018-01-08 10:13:59', '', '2018-01-08 10:13:59'),
(139, '122491401885605', 4, NULL, 'DDD3', 1000, 0, NULL, NULL, NULL, 1, '', '2018-01-08 12:27:22', '2018-01-08 16:38:27', 'admin', '2018-01-08 16:38:27'),
(140, '1530629590353975', 4, NULL, '3410', 10000, 0, NULL, NULL, NULL, 1, '', '2018-01-08 13:50:24', '2018-01-08 13:51:06', 'admin', '2018-01-08 13:51:06'),
(141, '1530629590353975', 4, 'GS5a3b6f55cc510', 'DDD3', 60, 650, 1, 'MC5a5318d70841d', NULL, 1, NULL, NULL, '2018-01-08 15:20:44', '', '2018-01-08 15:20:44'),
(142, '1530629590353975', 4, 'GS5a3b6f55cc510', '7509', 60, 650, 1, 'MC5a531919a1eae', NULL, 1, NULL, NULL, '2018-01-08 15:23:30', '', '2018-01-08 15:23:30'),
(145, '122491401885605', 4, 'GS5a41ac03afcfe', '', 500, 5000, NULL, NULL, NULL, 1, '給你5000點', '2018-01-08 16:20:13', '2018-01-08 16:36:49', 'admin', '2018-01-08 16:36:49'),
(146, '1530629590353975', 4, 'GS5a41ac03afcfe', 'DDD3', 150, 1500, NULL, NULL, NULL, 1, '', '2018-01-08 16:37:26', '2018-01-08 16:41:44', 'admin', '2018-01-08 16:41:44'),
(150, '122491401885605', 4, NULL, '', 50, 0, NULL, NULL, NULL, 0, '', '2018-01-08 17:37:36', '2018-01-08 17:37:36', 'admin', '0000-00-00 00:00:00'),
(151, '122491401885605', 4, 'GS5a41ac03afcfe', '', 50, 500, NULL, NULL, NULL, 1, '', '2018-01-08 17:39:25', '2018-01-08 17:39:40', 'admin', '2018-01-08 17:39:40'),
(152, '102714530537254', 4, 'GS5a41ac03afcfe', '', 1000, 10000, NULL, NULL, NULL, 1, '測試帳號', '2018-01-09 14:16:36', '2018-01-09 14:16:47', 'admin', '2018-01-09 14:16:47'),
(153, 'cometoplay', 4, 'GS5a3b6f55cc510', '', 60, 650, 1, 'MC5a56e0885b0ad', NULL, 1, NULL, NULL, '2018-01-11 04:12:47', '', '2018-01-11 04:12:47'),
(154, 'a571615', 5, 'GS5a3b6f55cc510', '', 60, 650, 1, 'MC5a56f8f9274fa', NULL, 1, NULL, NULL, '2018-01-11 05:42:30', '', '2018-01-11 05:42:30'),
(155, 'a571615', 5, 'GW8102774', '', 150, 1650, 1, 'MC5a570dc149257', NULL, 1, NULL, NULL, '2018-01-11 07:13:03', '', '2018-01-11 07:13:03'),
(156, 'a571615', 5, 'GW8102774', 'DDD3', 150, 1650, 1, 'MC5a571840d6eb1', NULL, 1, NULL, NULL, '2018-01-11 07:57:17', '', '2018-01-11 07:57:17'),
(157, '1530629590353975', 4, 'GW8102774', '', 150, 1650, 1, 'MC5a571bfe46ad0', NULL, 1, NULL, NULL, '2018-01-11 08:11:22', '', '2018-01-11 08:11:22'),
(158, 'cometoplay', 4, 'GW8102774', '', 150, 1650, 1, 'MC5a57234d92feb', NULL, 1, NULL, NULL, '2018-01-11 16:43:15', '', '2018-01-11 16:43:15'),
(159, 'cometoplay', 4, 'GW8102774', '', 150, 1650, 1, 'MC5a5726920acba', NULL, 1, NULL, NULL, '2018-01-11 16:57:18', '', '2018-01-11 16:57:18'),
(160, 'iaww0228', 0, 'GW8102774', '', 150, 1650, 1, 'MC5a572df2d6043', NULL, 1, NULL, NULL, '2018-01-11 17:28:37', '', '2018-01-11 17:28:37'),
(161, '10212837668571023', 4, 'GS5a5732d69e5e8', '', 150, 2000, 1, 'MC5a57330bf2a8f', NULL, 1, NULL, NULL, '2018-01-11 17:52:44', '', '2018-01-11 17:52:44'),
(162, 'iaww0228', 0, 'GS5a5732d69e5e8', '', 150, 2000, 1, 'MC5a57376b056ce', NULL, 1, NULL, NULL, '2018-01-12 10:50:09', '', '2018-01-12 10:50:09'),
(163, 'iaww0228', 0, 'GS5a5732d69e5e8', '', 150, 2000, 1, 'MC5a582e07a74ac', NULL, 1, NULL, NULL, '2018-01-12 11:41:44', '', '2018-01-12 11:41:44'),
(164, 'iaww0228', 0, 'GS5a5732d69e5e8', '', 150, 2000, 1, 'MC5a582bbfb3f19', NULL, 1, NULL, NULL, '2018-01-12 11:59:28', '', '2018-01-12 11:59:28'),
(165, 'iaww0228', 0, 'GS5a5732d69e5e8', '', 150, 2000, 1, 'MC5a583a3f0e673', NULL, 1, NULL, NULL, '2018-01-12 12:59:23', '', '2018-01-12 12:59:23'),
(166, 'iaww0228', 0, 'GS5a5732d69e5e8', '', 150, 2000, 1, 'MC5a583a4ddd627', NULL, 1, NULL, NULL, '2018-01-12 13:04:24', '', '2018-01-12 13:04:24'),
(167, '1530629590353975', 4, 'GS5a5732d69e5e8', '', 150, 2000, 1, 'MC5a5851a789d16', NULL, 1, NULL, NULL, '2018-01-12 14:13:08', '', '2018-01-12 14:13:08'),
(168, '1530629590353975', 4, 'GS5a5732d69e5e8', '7509', 150, 2000, 1, 'MC5a5855754aa6e', NULL, 1, NULL, NULL, '2018-01-12 14:54:24', '', '2018-01-12 14:54:24'),
(169, '1530629590353975', 4, 'GS5a5732d69e5e8', '', 150, 2000, 1, 'MC5a5855ff248eb', NULL, 1, NULL, NULL, '2018-01-12 14:59:24', '', '2018-01-12 14:59:24'),
(170, '111237993017753', 4, 'GS5a5732d69e5e8', '7509', 150, 2000, 1, 'MC5a58795148826', NULL, 1, NULL, NULL, '2018-01-12 17:03:37', '', '2018-01-12 17:03:37'),
(171, 'cometoplay5', 0, 'GS5a41ac03afcfe', '', 500, 5000, NULL, NULL, NULL, 1, '', '2018-01-16 11:32:27', '2018-01-16 11:32:39', 'admin', '2018-01-16 11:32:39'),
(172, '10212837668571023', 4, 'GS5a41ac03afcfe', 'aa', 20000, 200000, NULL, NULL, NULL, 1, '', '2018-01-17 16:50:23', '2018-01-17 16:51:03', 'admin', '2018-01-17 16:51:03'),
(173, '10212837668571023', 4, 'GS5a41ac03afcfe', '3410', 33333, 333330, NULL, NULL, NULL, 1, '', '2018-01-17 16:52:35', '2018-01-17 17:01:13', 'admin', '2018-01-17 17:01:13');

--
-- 觸發器 `deposit`
--
DELIMITER $$
CREATE TRIGGER `deposit_insert_trigger` AFTER INSERT ON `deposit` FOR EACH ROW insert into deposit_log(deposit_id, member_id, platform_id, contents, last_manager) values (NEW.id, NEW.member_id, NEW.platform_id, "新增", NEW.last_manager)
$$
DELIMITER ;
DELIMITER $$
CREATE TRIGGER `deposit_update_trigger` AFTER UPDATE ON `deposit` FOR EACH ROW IF (NEW.contents != OLD.contents AND NEW.status != OLD.status) 
    THEN
    	INSERT INTO deposit_log(deposit_id, member_id,platform_id,status,contents, last_manager) values (OLD.id, OLD.member_id, OLD.platform_id, NEW.status, NEW.contents, new.last_manager); 
 ELSEIF (NEW.contents != OLD.contents) 
    THEN
    	INSERT INTO deposit_log(deposit_id, member_id,platform_id,contents, last_manager) values (OLD.id, OLD.member_id, OLD.platform_id ,NEW.contents, new.last_manager);
    ELSEIF (NEW.status != OLD.status) 
    THEN
    	INSERT INTO deposit_log(deposit_id, member_id,platform_id,status, last_manager) values (OLD.id, OLD.member_id, OLD.platform_id ,NEW.status, new.last_manager);
END IF
$$
DELIMITER ;

-- --------------------------------------------------------

--
-- 資料表結構 `deposit_log`
--

CREATE TABLE `deposit_log` (
  `id` int(11) NOT NULL,
  `deposit_id` int(11) NOT NULL,
  `member_id` varchar(25) COLLATE utf8_unicode_ci NOT NULL,
  `platform_id` int(11) NOT NULL,
  `status` tinyint(4) DEFAULT NULL COMMENT '狀態  [0: 未審核] [1:完成] [2:拒絕][3:捨棄]',
  `contents` longtext COLLATE utf8_unicode_ci NOT NULL,
  `last_manager` varchar(20) COLLATE utf8_unicode_ci NOT NULL,
  `updated_time` datetime NOT NULL DEFAULT CURRENT_TIMESTAMP
) ENGINE=InnoDB DEFAULT CHARSET=utf8 COLLATE=utf8_unicode_ci;

--
-- 資料表的匯出資料 `deposit_log`
--

INSERT INTO `deposit_log` (`id`, `deposit_id`, `member_id`, `platform_id`, `status`, `contents`, `last_manager`, `updated_time`) VALUES
(241, 97, 'a571615', 5, NULL, '新增', 'admin', '2017-12-20 16:39:45'),
(242, 98, 'ad1475', 4, NULL, '新增', 'admin', '2017-12-20 17:32:03'),
(243, 98, 'ad1475', 4, 1, '', 'admin', '2017-12-21 11:01:59'),
(244, 101, 'CMPunk33', 4, NULL, '新增', '', '2017-12-26 17:02:10'),
(245, 102, 'a571615', 4, NULL, '新增', '', '2017-12-26 17:11:02'),
(246, 103, 'a571615', 4, NULL, '新增', '', '2017-12-26 17:15:19'),
(247, 104, 'a571615', 4, NULL, '新增', '', '2017-12-26 17:19:52'),
(248, 105, 'a571615', 4, NULL, '新增', '', '2017-12-26 17:20:15'),
(249, 0, 'CMPunk33', 4, NULL, '新增', '', '2018-01-02 14:20:08'),
(258, 129, 'dddduuiuiuiui', 4, NULL, '新增', '', '2018-01-02 14:37:25'),
(259, 130, 'GGQbbb123', 4, NULL, '新增', '', '2018-01-02 15:35:43'),
(260, 131, 'ad1475', 4, NULL, '新增', '', '2018-01-03 15:19:38'),
(261, 132, 'ad1475', 4, NULL, '新增', '', '2018-01-03 15:51:13'),
(262, 133, 'a571615', 5, NULL, '新增', '', '2018-01-03 15:53:19'),
(263, 134, 'a571615', 5, NULL, '新增', '', '2018-01-03 15:55:04'),
(264, 135, 'a571615', 5, NULL, '新增', '', '2018-01-03 15:57:34'),
(265, 136, 'a571615', 5, NULL, '新增', '', '2018-01-03 15:59:13'),
(266, 137, 'CMPunk33', 4, NULL, '新增', '', '2018-01-08 10:10:02'),
(267, 138, 'CMPunk33', 4, NULL, '新增', '', '2018-01-08 10:14:00'),
(268, 139, '122491401885605', 4, NULL, '新增', 'admin', '2018-01-08 12:27:22'),
(269, 140, '1530629590353975', 4, NULL, '新增', 'admin', '2018-01-08 13:50:24'),
(270, 140, '1530629590353975', 4, 1, '', 'admin', '2018-01-08 13:51:06'),
(271, 141, '1530629590353975', 4, NULL, '新增', '', '2018-01-08 15:20:46'),
(272, 142, '1530629590353975', 4, NULL, '新增', '', '2018-01-08 15:23:32'),
(273, 143, '122491401885605', 4, NULL, '新增', 'admin', '2018-01-08 15:45:27'),
(274, 144, '122491401885605', 4, NULL, '新增', 'admin', '2018-01-08 16:03:38'),
(275, 145, '122491401885605', 4, NULL, '新增', 'admin', '2018-01-08 16:20:38'),
(276, 145, '122491401885605', 4, 1, '給你5000點', 'admin', '2018-01-08 16:22:32'),
(277, 145, '122491401885605', 4, 0, '', 'admin', '2018-01-08 16:24:36'),
(278, 145, '122491401885605', 4, 1, '', 'admin', '2018-01-08 16:36:49'),
(279, 146, '1530629590353975', 4, NULL, '新增', 'admin', '2018-01-08 16:37:26'),
(280, 139, '122491401885605', 4, 1, '', 'admin', '2018-01-08 16:38:27'),
(281, 146, '1530629590353975', 4, 1, '', 'admin', '2018-01-08 16:40:01'),
(282, 146, '1530629590353975', 4, 0, '', 'admin', '2018-01-08 16:41:33'),
(283, 146, '1530629590353975', 4, 1, '', 'admin', '2018-01-08 16:43:05'),
(284, 147, '122491401885605', 4, NULL, '新增', 'admin', '2018-01-08 17:32:34'),
(285, 148, '122491401885605', 4, NULL, '新增', 'admin', '2018-01-08 17:33:30'),
(286, 149, '122491401885605', 4, NULL, '新增', 'admin', '2018-01-08 17:34:46'),
(287, 150, '122491401885605', 4, NULL, '新增', 'admin', '2018-01-08 17:38:29'),
(288, 151, '122491401885605', 4, NULL, '新增', 'admin', '2018-01-08 17:39:25'),
(289, 151, '122491401885605', 4, 1, '', 'admin', '2018-01-08 17:39:40'),
(290, 152, '102714530537254', 4, NULL, '新增', 'admin', '2018-01-09 14:16:36'),
(291, 152, '102714530537254', 4, 1, '', 'admin', '2018-01-09 14:16:47'),
(292, 153, 'cometoplay', 4, NULL, '新增', '', '2018-01-11 04:12:49'),
(293, 154, 'a571615', 5, NULL, '新增', '', '2018-01-11 05:42:32'),
(294, 155, 'a571615', 5, NULL, '新增', '', '2018-01-11 07:13:04'),
(295, 156, 'a571615', 5, NULL, '新增', '', '2018-01-11 07:57:19'),
(296, 157, '1530629590353975', 4, NULL, '新增', '', '2018-01-11 08:11:24'),
(297, 158, 'cometoplay', 4, NULL, '新增', '', '2018-01-11 08:43:17'),
(298, 159, 'cometoplay', 4, NULL, '新增', '', '2018-01-11 08:57:20'),
(299, 160, 'iaww0228', 0, NULL, '新增', '', '2018-01-11 09:28:38'),
(300, 161, '10212837668571023', 4, NULL, '新增', '', '2018-01-11 09:52:45'),
(301, 162, 'iaww0228', 0, NULL, '新增', '', '2018-01-12 02:50:11'),
(302, 163, 'iaww0228', 0, NULL, '新增', '', '2018-01-12 03:41:45'),
(303, 164, 'iaww0228', 0, NULL, '新增', '', '2018-01-12 03:59:30'),
(304, 165, 'iaww0228', 0, NULL, '新增', '', '2018-01-12 04:59:25'),
(305, 166, 'iaww0228', 0, NULL, '新增', '', '2018-01-12 05:04:26'),
(306, 167, '1530629590353975', 4, NULL, '新增', '', '2018-01-12 06:13:10'),
(307, 168, '1530629590353975', 4, NULL, '新增', '', '2018-01-12 06:54:26'),
(308, 169, '1530629590353975', 4, NULL, '新增', '', '2018-01-12 06:59:26'),
(309, 170, '111237993017753', 4, NULL, '新增', '', '2018-01-12 09:03:38'),
(310, 171, 'cometoplay5', 0, NULL, '新增', 'admin', '2018-01-16 11:32:28'),
(311, 171, 'cometoplay5', 0, 1, '', 'admin', '2018-01-16 11:32:39'),
(312, 172, '10212837668571023', 4, NULL, '新增', 'admin', '2018-01-17 16:50:23'),
(313, 172, '10212837668571023', 4, 1, '', 'admin', '2018-01-17 16:51:03'),
(314, 173, '10212837668571023', 4, NULL, '新增', 'admin', '2018-01-17 16:52:35'),
(315, 173, '10212837668571023', 4, 1, '', 'admin', '2018-01-17 16:52:44'),
(316, 173, '10212837668571023', 4, 0, '', 'admin', '2018-01-17 16:52:54'),
(317, 173, '10212837668571023', 4, 1, '', 'admin', '2018-01-17 16:53:01'),
(318, 173, '10212837668571023', 4, 0, '', 'admin', '2018-01-17 17:01:08'),
(319, 173, '10212837668571023', 4, 1, '', 'admin', '2018-01-17 17:01:13');

-- --------------------------------------------------------

--
-- 資料表結構 `deposit_pay`
--

CREATE TABLE `deposit_pay` (
  `id` int(11) NOT NULL,
  `pay_name` varchar(60) COLLATE utf8_unicode_ci NOT NULL COMMENT '第三方支付名稱',
  `last_manager` varchar(20) COLLATE utf8_unicode_ci NOT NULL,
  `created_time` datetime NOT NULL
) ENGINE=InnoDB DEFAULT CHARSET=utf8 COLLATE=utf8_unicode_ci COMMENT='第三方支付列表';

--
-- 資料表的匯出資料 `deposit_pay`
--

INSERT INTO `deposit_pay` (`id`, `pay_name`, `last_manager`, `created_time`) VALUES
(1, 'MyCard', 'admin', '2017-12-06 10:13:52');

-- --------------------------------------------------------

--
-- 資料表結構 `dispensing`
--

CREATE TABLE `dispensing` (
  `id` int(11) NOT NULL,
  `member_id` varchar(50) COLLATE utf8_unicode_ci DEFAULT NULL COMMENT '會員id',
  `platform_id` tinyint(10) DEFAULT NULL COMMENT '遊戲id',
  `bank_card_id` int(11) NOT NULL COMMENT '我方銀行卡號',
  `bank_id` varchar(100) COLLATE utf8_unicode_ci NOT NULL COMMENT '玩家銀行',
  `num` varchar(50) COLLATE utf8_unicode_ci DEFAULT NULL COMMENT '對方卡號',
  `money` varchar(255) COLLATE utf8_unicode_ci DEFAULT NULL COMMENT '金額',
  `contents` longtext COLLATE utf8_unicode_ci COMMENT '意見',
  `last_manager` varchar(20) COLLATE utf8_unicode_ci NOT NULL,
  `created_time` datetime NOT NULL COMMENT '申請時間',
  `updated_time` datetime NOT NULL COMMENT '審核時間',
  `is_pay` tinyint(4) NOT NULL COMMENT '交易狀態',
  `check_time` datetime NOT NULL DEFAULT '0000-00-00 00:00:00' ON UPDATE CURRENT_TIMESTAMP
) ENGINE=InnoDB DEFAULT CHARSET=utf8 COLLATE=utf8_unicode_ci COMMENT='出款';

--
-- 資料表的匯出資料 `dispensing`
--

INSERT INTO `dispensing` (`id`, `member_id`, `platform_id`, `bank_card_id`, `bank_id`, `num`, `money`, `contents`, `last_manager`, `created_time`, `updated_time`, `is_pay`, `check_time`) VALUES
(53, 'a571615', 5, 0, '17', '3464787', '785', '', 'admin', '2017-12-20 17:01:16', '2017-12-21 10:38:31', 3, '2017-12-21 10:38:31'),
(55, 'ad1475', 4, 0, '17', '56546471532', '500', '', 'admin', '2017-12-21 09:41:11', '2017-12-21 10:45:06', 3, '2017-12-21 10:45:06'),
(56, 'ad1475', 4, 0, '17', '5821', '400', '', 'admin', '2017-12-21 10:46:37', '2017-12-21 10:46:48', 3, '2017-12-21 10:46:48'),
(57, 'ad1475', 4, 0, '17', '2487514', '550', '', 'admin', '2017-12-21 10:47:10', '2017-12-21 10:47:20', 3, '2017-12-21 10:47:20'),
(58, 'a571615', 5, 2, '18', '2146584771', '26564', '', 'admin', '2017-12-21 10:47:31', '2017-12-21 10:57:00', 1, '2017-12-21 10:57:00');

--
-- 觸發器 `dispensing`
--
DELIMITER $$
CREATE TRIGGER `dispensing_check_updated_trigger` AFTER UPDATE ON `dispensing` FOR EACH ROW IF (NEW.contents != OLD.contents AND NEW.is_pay != OLD.is_pay) 
    THEN
    	INSERT INTO dispensing_log(dispensing_id, member_id,platform_id,is_pay,contents, last_manager) values (OLD.id, OLD.member_id, OLD.platform_id, NEW.is_pay, NEW.contents, new.last_manager); 
 ELSEIF (NEW.contents != OLD.contents) 
    THEN
    	INSERT INTO dispensing_log(dispensing_id, member_id,platform_id,contents, last_manager) values (OLD.id, OLD.member_id, OLD.platform_id ,NEW.contents, new.last_manager);
    ELSEIF (NEW.is_pay != OLD.is_pay) 
    THEN
    	INSERT INTO dispensing_log(dispensing_id, member_id,platform_id,is_pay, last_manager) values (OLD.id, OLD.member_id, OLD.platform_id ,NEW.is_pay, new.last_manager);
END IF
$$
DELIMITER ;
DELIMITER $$
CREATE TRIGGER `dispensing_insert_trigger` AFTER INSERT ON `dispensing` FOR EACH ROW insert into dispensing_log(dispensing_id, member_id,platform_id,contents,last_manager) values (NEW.id, NEW.member_id,NEW.platform_id,"新增",NEW.last_manager)
$$
DELIMITER ;

-- --------------------------------------------------------

--
-- 資料表結構 `dispensing_log`
--

CREATE TABLE `dispensing_log` (
  `id` int(11) NOT NULL,
  `dispensing_id` int(11) NOT NULL COMMENT '出款項目的ID',
  `member_id` varchar(50) COLLATE utf8_unicode_ci NOT NULL,
  `platform_id` int(11) NOT NULL,
  `is_pay` tinyint(4) DEFAULT NULL COMMENT '狀態  [0: 未審核] [1:完成] [2:拒絕][3:捨棄]',
  `contents` longtext COLLATE utf8_unicode_ci NOT NULL COMMENT '備註',
  `last_manager` varchar(20) COLLATE utf8_unicode_ci NOT NULL,
  `updated_time` datetime NOT NULL DEFAULT CURRENT_TIMESTAMP
) ENGINE=InnoDB DEFAULT CHARSET=utf8 COLLATE=utf8_unicode_ci;

--
-- 資料表的匯出資料 `dispensing_log`
--

INSERT INTO `dispensing_log` (`id`, `dispensing_id`, `member_id`, `platform_id`, `is_pay`, `contents`, `last_manager`, `updated_time`) VALUES
(93, 53, 'a571615', 5, NULL, '新增', 'admin', '2017-12-20 17:01:16'),
(94, 53, 'a571615', 5, 1, '', 'admin', '2017-12-20 17:01:44'),
(95, 54, '', 0, NULL, '新增', 'admin', '2017-12-21 09:37:27'),
(96, 55, 'ad1475', 4, NULL, '新增', 'admin', '2017-12-21 09:41:11'),
(97, 55, 'ad1475', 4, 1, '', 'admin', '2017-12-21 09:58:24'),
(98, 55, 'ad1475', 4, 0, '', 'admin', '2017-12-21 10:01:01'),
(99, 55, 'ad1475', 4, 1, '', 'admin', '2017-12-21 10:01:10'),
(100, 53, 'a571615', 5, 0, '', 'admin', '2017-12-21 10:11:15'),
(101, 53, 'a571615', 5, 3, '', 'admin', '2017-12-21 10:11:20'),
(102, 55, 'ad1475', 4, 2, '', 'admin', '2017-12-21 10:11:39'),
(103, 55, 'ad1475', 4, 0, '', 'admin', '2017-12-21 10:42:30'),
(104, 55, 'ad1475', 4, 1, '', 'admin', '2017-12-21 10:42:39'),
(105, 55, 'ad1475', 4, 0, '', 'admin', '2017-12-21 10:43:23'),
(106, 55, 'ad1475', 4, 1, '', 'admin', '2017-12-21 10:43:30'),
(107, 55, 'ad1475', 4, 0, '', 'admin', '2017-12-21 10:44:40'),
(108, 55, 'ad1475', 4, 1, '', 'admin', '2017-12-21 10:44:48'),
(109, 55, 'ad1475', 4, 0, '', 'admin', '2017-12-21 10:45:01'),
(110, 55, 'ad1475', 4, 3, '', 'admin', '2017-12-21 10:45:06'),
(111, 56, 'ad1475', 4, NULL, '新增', 'admin', '2017-12-21 10:46:37'),
(112, 56, 'ad1475', 4, 3, '', 'admin', '2017-12-21 10:46:48'),
(113, 57, 'ad1475', 4, NULL, '新增', 'admin', '2017-12-21 10:47:10'),
(114, 57, 'ad1475', 4, 3, '', 'admin', '2017-12-21 10:47:20'),
(115, 58, 'a571615', 5, NULL, '新增', 'admin', '2017-12-21 10:47:31'),
(116, 58, 'a571615', 5, 1, '', 'admin', '2017-12-21 10:47:48'),
(117, 58, 'a571615', 5, 0, '', 'admin', '2017-12-21 10:48:15'),
(118, 58, 'a571615', 5, 1, '', 'admin', '2017-12-21 10:48:22'),
(119, 58, 'a571615', 5, 0, '', 'admin', '2017-12-21 10:56:50'),
(120, 58, 'a571615', 5, 1, '', 'admin', '2017-12-21 10:56:56');

-- --------------------------------------------------------

--
-- 資料表結構 `member`
--

CREATE TABLE `member` (
  `id` int(11) NOT NULL COMMENT '使用者編號',
  `member_id` varchar(25) COLLATE utf8_unicode_ci NOT NULL COMMENT '會員ID',
  `member_pw` varchar(255) COLLATE utf8_unicode_ci NOT NULL,
  `member_name` varchar(40) COLLATE utf8_unicode_ci NOT NULL COMMENT '暱稱',
  `platform_id` varchar(60) COLLATE utf8_unicode_ci NOT NULL,
  `agent_id` varchar(25) COLLATE utf8_unicode_ci DEFAULT NULL,
  `email` varchar(60) COLLATE utf8_unicode_ci NOT NULL,
  `point` int(11) NOT NULL DEFAULT '0',
  `created_at` timestamp NOT NULL DEFAULT CURRENT_TIMESTAMP,
  `updated_at` timestamp NULL DEFAULT NULL,
  `last_manager` varchar(20) COLLATE utf8_unicode_ci NOT NULL
) ENGINE=InnoDB DEFAULT CHARSET=utf8 COLLATE=utf8_unicode_ci;

--
-- 資料表的匯出資料 `member`
--

INSERT INTO `member` (`id`, `member_id`, `member_pw`, `member_name`, `platform_id`, `agent_id`, `email`, `point`, `created_at`, `updated_at`, `last_manager`) VALUES
(3, 'a571615', 'fbb6c7cef92379f78d60f099bfeef2a4151494326712959p7amh88v33chrm210is0d00c9k', '煞氣a小夫', '5', '3410', '', 0, '2018-01-03 01:56:08', '2018-01-09 05:40:13', 'admin'),
(4, 'CMPunk33', 'e10adc3949ba59abbe56e057f20f883e', '王曉明', '4', 'DDD3', '', 10248, '2018-01-03 02:05:50', '2017-12-18 23:37:30', 'admin'),
(5, 'GGQbbb123', 'fbb6c7cef92379f78d60f099bfeef2a4151494326712959p7amh88v33chrm210is0d00c9k', '李小小', '4', '7509', '', 540, '2018-01-03 02:32:51', '2017-12-18 23:58:19', 'admin'),
(6, 'ad1475', 'fbb6c7cef92379f78d60f099bfeef2a4151494326712959p7amh88v33chrm210is0d00c9k', '小花', '4', '3410', 'aaa@bbb.com', 1950, '2018-01-03 01:56:10', '2017-12-19 17:30:21', 'admin'),
(8, 'dddduuiuiuiui', 'fbb6c7cef92379f78d60f099bfeef2a4151494326712959p7amh88v33chrm210is0d00c9k', '星巴克', '4', '3410', '', 495, '2018-01-03 01:56:06', '2017-12-25 22:44:55', 'admin'),
(13, '122491401885605', '', 'Sandra Albcgdbcfihbf Zuckerman', '4', NULL, 'owztleyxsy_1514538596@tfbnw.net', 5500, '2018-01-05 06:19:24', NULL, ''),
(14, '102714530537254', '', 'Sharon Albcifababiij McDonaldman', '4', NULL, 'aluamnfvxj_1515478120@tfbnw.net', 4854, '2018-01-09 06:13:37', NULL, ''),
(16, 'cometoplay', 'e10adc3949ba59abbe56e057f20f883e', '來亂的', '4', NULL, 'agentforpkfun@gmail.com', 1779, '2018-01-10 02:46:01', NULL, ''),
(17, 'cometoplay1', 'e10adc3949ba59abbe56e057f20f883e', '來硬的', '4', NULL, 'sooook@gmail.com', 3307, '2018-01-10 06:02:56', NULL, ''),
(18, 'cometoplay5', '5264433132c940d104d30237f2718733', '來硬的2', '', NULL, 'sooooddk@gmail.com', 500, '2018-01-10 06:08:22', NULL, ''),
(21, '1556250051125262', '', 'Wade Lee', '4', NULL, 'watelee@hotmail.com', 4927, '2018-01-25 01:24:44', '2018-01-25 01:24:44', ''),
(22, 'ucantseeme', 'e10adc3949ba59abbe56e057f20f883e', 'John Cena', '', NULL, 'JOhn@egmail.com', 0, '2018-01-25 19:52:15', '2018-01-25 19:52:15', '');

-- --------------------------------------------------------

--
-- 資料表結構 `mycard`
--

CREATE TABLE `mycard` (
  `id` int(11) NOT NULL,
  `FacTradeSeq` varchar(256) COLLATE utf8_unicode_ci NOT NULL,
  `TradeSeq` varchar(256) COLLATE utf8_unicode_ci DEFAULT NULL,
  `ServerId` int(11) DEFAULT NULL,
  `member_id` varchar(25) COLLATE utf8_unicode_ci NOT NULL,
  `PaymentType` varchar(25) COLLATE utf8_unicode_ci DEFAULT NULL,
  `ItemCode` int(11) DEFAULT NULL,
  `MyCardTradeNo` varchar(256) COLLATE utf8_unicode_ci DEFAULT NULL COMMENT '卡號',
  `MyCardType` varchar(25) COLLATE utf8_unicode_ci DEFAULT NULL COMMENT '通路代碼',
  `PromoCode` varchar(25) COLLATE utf8_unicode_ci DEFAULT NULL COMMENT '活動代碼',
  `product_id` varchar(50) COLLATE utf8_unicode_ci NOT NULL,
  `Amount` int(11) NOT NULL,
  `Currency` char(3) COLLATE utf8_unicode_ci NOT NULL,
  `Created_date` datetime NOT NULL DEFAULT CURRENT_TIMESTAMP,
  `Pay_time` datetime DEFAULT NULL COMMENT '付款時間',
  `Check_time` datetime DEFAULT NULL COMMENT '請款時間',
  `agent_id` varchar(25) COLLATE utf8_unicode_ci DEFAULT NULL COMMENT '代理ID',
  `AuthCode` varchar(256) COLLATE utf8_unicode_ci NOT NULL,
  `ReturnCode` int(11) NOT NULL,
  `PayResult` int(11) DEFAULT '0',
  `Redeposit` tinyint(1) NOT NULL DEFAULT '0' COMMENT '補儲款項',
  `last_manager` varchar(255) COLLATE utf8_unicode_ci DEFAULT NULL COMMENT '最後管理者'
) ENGINE=InnoDB DEFAULT CHARSET=utf8 COLLATE=utf8_unicode_ci;

--
-- 資料表的匯出資料 `mycard`
--

INSERT INTO `mycard` (`id`, `FacTradeSeq`, `TradeSeq`, `ServerId`, `member_id`, `PaymentType`, `ItemCode`, `MyCardTradeNo`, `MyCardType`, `PromoCode`, `product_id`, `Amount`, `Currency`, `Created_date`, `Pay_time`, `Check_time`, `agent_id`, `AuthCode`, `ReturnCode`, `PayResult`, `Redeposit`, `last_manager`) VALUES
(1, 'MC5a420b5a107f2', NULL, NULL, 'CMPunk33', '0', NULL, NULL, NULL, NULL, 'GW8102774', 1500, 'TWD', '2017-12-26 16:42:02', '2017-12-26 16:45:07', '2017-12-26 16:45:07', '7509', '182B27CBD326ABF803E28D7DD223F58EC57ED3036C5B78C3FD87807AE476F1E8CDDB838504DD8A30CB3570D7947A5E48EE6D92EE108D9981', 1, 1, 0, NULL),
(3, 'MC5a420c9621d39', NULL, NULL, 'CMPunk33', '0', NULL, NULL, NULL, NULL, 'GW8102774', 1500, 'TWD', '2017-12-26 16:47:18', '2017-12-26 16:48:55', '2017-12-26 16:48:55', '3410', '182B27CBD326ABF80A081FB4D9F6F65FC57ED3036C5B78C31C1AD8CC177ADA360E472FEC6F6DDEE9D8E47CE8BC1D8CE1EE6D92EE108D9981', 1, 1, 0, NULL),
(4, 'MC5a420daee9c5a', NULL, NULL, 'CMPunk33', '0', NULL, NULL, NULL, NULL, 'GW8102774', 1500, 'TWD', '2017-12-26 16:51:58', '2017-12-26 16:53:54', '2017-12-26 16:53:54', 'DDD3', '182B27CBD326ABF8121F53B7A74E8AF6C57ED3036C5B78C3D0839317069AC7BD0E472FEC6F6DDEE94ADFE3276D03DBF6EE6D92EE108D9981', 1, 1, 0, NULL),
(5, 'MC5a420fa6efbc1', NULL, NULL, 'CMPunk33', '0', NULL, NULL, NULL, NULL, 'GW8102774', 1500, 'TWD', '2017-12-26 17:00:22', '2017-12-26 17:01:27', '2017-12-26 17:01:27', 'DDD3', '182B27CBD326ABF8D680AD06F49AF752C57ED3036C5B78C39B10D0B2551D21800E472FEC6F6DDEE973CB8BD3A8A10782EE6D92EE108D9981', 1, 1, 0, NULL),
(6, 'MC5a4210c3dd743', NULL, NULL, 'a571615', NULL, NULL, NULL, NULL, NULL, 'GW8102774', 1500, 'TWD', '2017-12-26 17:05:07', '2017-12-26 17:19:36', '2017-12-26 17:19:36', '7509', '182B27CBD326ABF8087213DBB84854FC06C096FC4F1CC69F9961CCFC6C039380C1419599A6FE99D7CB55AA06C533CD9FEE6D92EE108D9981', 1, 0, 1, NULL),
(7, 'MC5a4210e5c2f51', NULL, NULL, 'a571615', NULL, NULL, NULL, NULL, NULL, 'GW8102774', 1500, 'TWD', '2017-12-26 17:05:41', '2017-12-26 17:20:13', '2017-12-26 17:20:13', 'DDD3', '182B27CBD326ABF8C5F5EC9DE620FFAC06C096FC4F1CC69FB7155D4938AE03FAC1419599A6FE99D771EE9C1850F67AC0EE6D92EE108D9981', 1, 1, 1, NULL),
(8, 'MC5a4b216244922', NULL, 0, 'CMPunk33', '0', 0, NULL, NULL, NULL, 'GS5a3b6f55cc510', 150, 'TWD', '2018-01-02 14:06:26', '2018-01-02 14:09:45', '2018-01-02 14:09:45', 'DDD3', 'D263744ABCF7EE6D020EB068733F3502FEADB044E278D55E70B0D56BA430CD6DE8AA4379CDE2CD114E7E5FF9663872DACDC6329D85D50C91', 1, 1, 0, NULL),
(15, 'MC5a4b23ab214a3', NULL, 0, 'CMPunk33', '0', 0, NULL, NULL, NULL, 'GS5a3b6f55cc510', 150, 'TWD', '2018-01-02 14:16:11', '2018-01-02 14:20:06', '2018-01-02 14:20:06', NULL, 'D263744ABCF7EE6D22065C28FDE1CFF8FEADB044E278D55E53B2C0066DCB3F8EE8AA4379CDE2CD110507CFFE2E484AB2CDC6329D85D50C91', 1, 1, 0, NULL),
(16, 'MC5a4b27f5d7a0a', NULL, 0, 'dddduuiuiuiui', '0', 0, NULL, NULL, NULL, 'GS5a3b6f55cc510', 150, 'TWD', '2018-01-02 14:34:29', '2018-01-02 14:37:23', '2018-01-02 14:37:23', 'DDD3', 'D263744ABCF7EE6DE15B6A1BB3C19E14FEADB044E278D55E2A39FE630D90C169653B44F6687FD1DBB425233171E0F847CDC6329D85D50C91', 1, 1, 0, NULL),
(17, 'MC5a4b36087701a', NULL, 0, 'GGQbbb123', '0', 0, NULL, NULL, NULL, 'GS5a3b6f55cc510', 60, 'TWD', '2018-01-02 15:34:32', '2018-01-02 15:35:40', '2018-01-02 15:35:40', NULL, 'D263744ABCF7EE6D37D15FD32A4118665F3EC0BE5EE58A52443C884985EF62DF09B59FF77D15170165E83222CBD2C93ACDC6329D85D50C91', 1, 1, 0, NULL),
(18, 'MC5a4b4eed3eaa4', NULL, 0, 'GGQbbb123', '0', 0, NULL, NULL, NULL, 'GS5a3b6f55cc510', 60, 'TWD', '2018-01-02 17:20:45', NULL, NULL, NULL, 'D263744ABCF7EE6D56DECB20B5DC994FDC47FE8689B02B20AA78C18017685F990127D67A0B8D180DCE7D2C4259004879CDC6329D85D50C91', 0, 0, 0, NULL),
(19, 'MC5a4b4eedc9809', NULL, 0, 'GGQbbb123', '0', 0, NULL, NULL, NULL, 'GS5a3b6f55cc510', 60, 'TWD', '2018-01-02 17:20:45', NULL, NULL, NULL, 'D263744ABCF7EE6D7F52CFAFCF84B276DC47FE8689B02B20E2C710944A6B75E20127D67A0B8D180DCE7D2C4259004879CDC6329D85D50C91', 0, 0, 0, NULL),
(20, 'MC5a4b4eee12754', NULL, 0, 'GGQbbb123', '0', 0, NULL, NULL, NULL, 'GS5a3b6f55cc510', 60, 'TWD', '2018-01-02 17:20:46', NULL, NULL, 'DDD3', 'D263744ABCF7EE6DAB6D6C291FF681FFDC47FE8689B02B20C8AF090DB97D21640127D67A0B8D180DCE7D2C4259004879CDC6329D85D50C91', 0, 0, 0, NULL),
(30, 'MC5a4c86ca67c1c', NULL, 0, 'ad1475', '0', 0, NULL, NULL, NULL, 'GS5a3b6f55cc510', 60, 'TWD', '2018-01-03 15:31:22', '2018-01-03 15:33:42', NULL, '3410', 'D263744ABCF7EE6DB86F12698A7C08A4799611792B043974969C63DB7034BF1B1E3B6A2668E44F69529CA10BB5FC0AC0CDC6329D85D50C91', 1, 0, 0, NULL),
(31, 'MC5a4c87c1d69bb', NULL, 0, 'ad1475', '0', 0, NULL, NULL, NULL, 'GS5a3b6f55cc510', 60, 'TWD', '2018-01-03 15:35:29', '2018-01-03 15:36:24', NULL, NULL, 'D263744ABCF7EE6D7CB15BE4534CCA56799611792B043974F315933F66FAE4181E3B6A2668E44F69D4FF7102366B10E9CDC6329D85D50C91', 1, 0, 0, NULL),
(32, 'MC5a4c8808b815a', NULL, 0, 'ad1475', '0', 0, NULL, NULL, NULL, 'GS5a3b6f55cc510', 60, 'TWD', '2018-01-03 15:36:40', '2018-01-03 15:37:30', NULL, NULL, 'D263744ABCF7EE6D3C64E78EA8617E03799611792B04397416869F8DD417B65B28A453BAB86DD5834C5FE7628BDD12FFCDC6329D85D50C91', 1, 0, 0, NULL),
(33, 'MC5a4c88f11e1ae', NULL, 0, 'ad1475', '0', 0, NULL, NULL, NULL, 'GS5a3b6f55cc510', 60, 'TWD', '2018-01-03 15:40:33', '2018-01-03 15:42:32', NULL, '7509', 'D263744ABCF7EE6DDE1C4FDF9780896E799611792B0439741A3EA4CE7213EE4B28A453BAB86DD58367AC65F8C3B06264CDC6329D85D50C91', 1, 0, 0, NULL),
(34, 'MC5a4c8a3641d4f', NULL, 0, 'ad1475', '0', 0, NULL, NULL, NULL, 'GS5a3b6f55cc510', 60, 'TWD', '2018-01-03 15:45:58', '2018-01-03 15:46:47', NULL, NULL, 'D263744ABCF7EE6DF4774F7EA7489527799611792B04397472440FB2E8426C4028A453BAB86DD583E5637D452F087BE3CDC6329D85D50C91', 1, 0, 0, NULL),
(35, 'MC5a4c8b0062da4', NULL, 0, 'ad1475', '0', 0, NULL, NULL, NULL, 'GS5a3b6f55cc510', 60, 'TWD', '2018-01-03 15:49:20', '2018-01-03 15:50:08', '2018-01-03 15:50:08', NULL, 'D263744ABCF7EE6DC13EE3B3B45F2726799611792B0439749562E81CDF00531528A453BAB86DD5830967913F1F2B195ACDC6329D85D50C91', 1, 1, 0, NULL),
(36, 'MC5a4c8ba2541d6', NULL, 0, 'a571615', '0', 0, NULL, NULL, NULL, 'GS5a3b6f55cc510', 60, 'TWD', '2018-01-03 15:52:02', '2018-01-03 15:52:56', '2018-01-03 15:52:56', '3410', 'D263744ABCF7EE6D9AE9D41DB0A9DD02799611792B043974A90671C5018C2C5E28A453BAB86DD583447CE1C2540682A8CDC6329D85D50C91', 1, 1, 0, NULL),
(37, 'MC5a4c8c2e91a43', NULL, 0, 'a571615', '0', 0, NULL, NULL, NULL, 'GS5a3b6f55cc510', 60, 'TWD', '2018-01-03 15:54:22', '2018-01-03 15:55:02', '2018-01-03 15:55:02', 'DDD3', 'D263744ABCF7EE6DF4CE14863EA85B78799611792B0439749DED5DEEDE6FA2E42B665C23940DD5DD1BCA0E69F5E4019CCDC6329D85D50C91', 1, 1, 0, NULL),
(38, 'MC5a4c8caf48810', NULL, 0, 'a571615', '0', 0, NULL, NULL, NULL, 'GS5a3b6f55cc510', 60, 'TWD', '2018-01-03 15:56:31', '2018-01-03 15:57:09', '2018-01-03 15:57:09', 'DDD3', 'D263744ABCF7EE6DACAF1F061166C245799611792B04397472041187FD2DCDB42B665C23940DD5DD043EEDA554B08DD7CDC6329D85D50C91', 1, 1, 0, NULL),
(39, 'MC5a4c8d1a5bef1', NULL, 0, 'a571615', '0', 0, NULL, NULL, NULL, 'GS5a3b6f55cc510', 60, 'TWD', '2018-01-03 15:58:18', '2018-01-03 15:59:11', '2018-01-03 15:59:11', 'b40d', 'D263744ABCF7EE6D7ACC03B8CCF90649799611792B043974ADC481CBBAC51DF82B665C23940DD5DD99C52431A7B5280ACDC6329D85D50C91', 1, 1, 0, NULL),
(42, 'MC5a52d25b2bc68', NULL, 0, 'CMPunk33', '0', 0, NULL, NULL, NULL, 'GS5a3b6f55cc510', 60, 'TWD', '2018-01-08 10:07:23', '2018-01-08 10:12:17', '2018-01-08 10:10:00', 'DDD3', 'D263744ABCF7EE6D831498C0D823A5941FE24A46F1C22E36E3E8F0F850E055982D673983A80225FDF6F5148234B87A98CDC6329D85D50C91', 1, 1, 0, NULL),
(43, 'MC5a52d3abb0c5b', NULL, 0, 'CMPunk33', '0', 0, NULL, NULL, NULL, 'GS5a3b6f55cc510', 60, 'TWD', '2018-01-08 10:12:59', '2018-01-08 10:13:59', '2018-01-08 10:13:59', '3410', 'D263744ABCF7EE6D160EF3E5A1BF0DBF1FE24A46F1C22E3648C2F44D71FA5BEB2D673983A80225FDC1337B3CF03CC854CDC6329D85D50C91', 1, 1, 0, NULL),
(47, 'MC5a5318d70841d', NULL, 0, '1530629590353975', NULL, 0, NULL, NULL, NULL, 'GS5a3b6f55cc510', 60, 'TWD', '2018-01-08 15:08:07', '2018-01-08 15:22:08', '2018-01-08 15:20:44', 'DDD3', 'D263744ABCF7EE6DDCA916E19062F26C191518435F056E553BFEB352012CC385C8CF1649BB2EB4742241F4256F5A3BA0CDC6329D85D50C91', 1, 1, 1, NULL),
(48, 'MC5a531919a1eae', NULL, 0, '1530629590353975', NULL, 0, NULL, NULL, NULL, 'GS5a3b6f55cc510', 60, 'TWD', '2018-01-08 15:09:13', '2018-01-08 15:23:30', '2018-01-08 15:23:30', '7509', 'D263744ABCF7EE6D15AC0FE01ED3E337191518435F056E551C6FC465517CB481C8CF1649BB2EB4743F8ACFEF08E26FF2CDC6329D85D50C91', 1, 1, 1, NULL),
(79, 'MC5a57157bc55b9', 'GST1801110000160', 0, '10212837668571023', '0', 0, NULL, NULL, NULL, 'GS5a55d8dd1a1aa', 150, 'TWD', '2018-01-11 07:42:51', NULL, NULL, '', 'BF4614D5C00BD86538EC3E9A01FAF785CB8A1DBB5A7FAFAEF00E8760A56F452B1629CD2E37F982648ED6D974D0DC5BC6CDC6329D85D50C91', 0, 0, 0, NULL),
(80, 'MC5a5715f2101b7', 'GST1801110000162', 0, '10212837668571023', '0', 0, NULL, NULL, NULL, 'GS5a55d8f5d7f5b', 500, 'TWD', '2018-01-11 07:44:50', NULL, NULL, '', 'BF4614D5C00BD865E3793B6B832DB9FBCB8A1DBB5A7FAFAE91724D804E3EABB31629CD2E37F98264A8B20FE6CAEEEA15CDC6329D85D50C91', 0, 0, 0, NULL),
(81, 'MC5a5716897c9ad', 'GST1801110000163', 0, '10212837668571023', '0', 0, NULL, NULL, NULL, ' GS5a55d8dd1a1aa', 150, 'TWD', '2018-01-11 07:47:21', NULL, NULL, NULL, 'BF4614D5C00BD8656137E0ABFACF6A6DCB8A1DBB5A7FAFAEEBC150103CEB431B1629CD2E37F98264E5F3B78C82EFD09FCDC6329D85D50C91', 0, 0, 0, NULL),
(82, 'MC5a571840d6eb1', 'GST1801110000164', 0, 'a571615', '0', 0, NULL, NULL, NULL, 'GW8102774', 150, 'TWD', '2018-01-11 07:54:40', '2018-01-11 07:57:17', '2018-01-11 07:57:17', 'DDD3', 'BF4614D5C00BD8652A0F2A9C4EA6EBF8CB8A1DBB5A7FAFAEF6E67FC773F42802D4996BDB126571829CEF893D88BF2305CDC6329D85D50C91', 1, 1, 0, NULL),
(83, 'MC5a571bfe46ad0', 'GST1801110000178', 0, '1530629590353975', '0', 0, NULL, NULL, NULL, 'GW8102774', 150, 'TWD', '2018-01-11 08:10:38', '2018-01-11 08:11:22', '2018-01-11 08:11:22', '', 'BF4614D5C00BD865545B03B3DA247F79CB8A1DBB5A7FAFAED9349053692189B8210878CD6EB16BD215E501AB178FA238CDC6329D85D50C91', 1, 1, 0, NULL),
(88, 'MC5a572145afa92', 'GST1801110000202', 0, 'cometoplay', '0', 0, NULL, NULL, NULL, 'GW8102774', 150, 'TWD', '2018-01-11 16:33:09', NULL, NULL, '', 'BF4614D5C00BD86567670BE0E716DC30DB5EF06098C846A554DC319C28EF9F93A58EC6D50002B877C9A41E91D843C094CDC6329D85D50C91', 0, 0, 0, NULL),
(89, 'MC5a5722c654ee4', 'GST1801110000206', 0, '10212837668571023', '0', 0, NULL, NULL, NULL, 'GS5a55d911e65bc', 1000, 'TWD', '2018-01-11 16:39:34', NULL, NULL, '', 'BF4614D5C00BD8651BB9E818323BE332DB5EF06098C846A5C72BFA0871C3C817A58EC6D50002B877BD931B3F2A4E9F7ACDC6329D85D50C91', 0, 0, 0, NULL),
(90, 'MC5a57234d92feb', 'GST1801110000208', 0, 'cometoplay', '0', 0, NULL, NULL, NULL, 'GW8102774', 150, 'TWD', '2018-01-11 16:41:49', '2018-01-11 16:43:15', '2018-01-11 16:43:15', '', 'BF4614D5C00BD86553E22D58E5618B62DB5EF06098C846A5CB07E6438B0C1651631FA9079820D08337B51DEADBE8A6CCCDC6329D85D50C91', 1, 1, 0, NULL),
(91, 'MC5a5726920acba', 'GST1801110000216', 0, 'cometoplay', '0', 0, NULL, NULL, NULL, 'GW8102774', 150, 'TWD', '2018-01-11 16:55:46', '2018-01-11 16:57:18', '2018-01-11 16:57:18', '', 'BF4614D5C00BD865DC74EA96CBA7B114DB5EF06098C846A5CB0028A96A17DCC8631FA9079820D083B01F34D1ECC145D6CDC6329D85D50C91', 1, 1, 0, NULL),
(92, 'MC5a572953e3de1', 'GST1801110000220', 0, 'iaww0228', '', 0, NULL, NULL, NULL, 'GW8102774', 150, 'TWD', '2018-01-11 17:07:31', NULL, NULL, '', 'BF4614D5C00BD8651C973101BE362A62DB5EF06098C846A5397E0FF0873482EC9FA938F0683CD46F5DFF7EAC8FAACE3DCDC6329D85D50C91', 0, 0, 0, NULL),
(93, 'MC5a572d59a4b1e', 'GST1801110000232', 0, '10212837668571023', '', 0, NULL, NULL, NULL, 'GS5a55d8dd1a1aa', 150, 'TWD', '2018-01-11 17:24:41', NULL, NULL, '', 'BF4614D5C00BD86586FD72D7D70029F4DB5EF06098C846A5CE32A174F840A02B2E9783CE91C5F5625368419E4B4A7A57CDC6329D85D50C91', 0, 0, 0, NULL),
(94, 'MC5a572d5b98e94', 'GST1801110000233', 0, '10212837668571023', '', 0, NULL, NULL, NULL, 'GS5a55d8dd1a1aa', 150, 'TWD', '2018-01-11 17:24:43', NULL, NULL, '', 'BF4614D5C00BD865CCFBC1FDA13F651EDB5EF06098C846A58F0D237853AB89E62E9783CE91C5F562BAE92691C80BC5B1CDC6329D85D50C91', 0, 0, 0, NULL),
(95, 'MC5a572d5d75a12', 'GST1801110000234', 0, '10212837668571023', '', 0, NULL, NULL, NULL, 'GS5a55d8dd1a1aa', 150, 'TWD', '2018-01-11 17:24:45', NULL, NULL, '', 'BF4614D5C00BD865D8AA4CD14FA499B2DB5EF06098C846A530A4C27F33308DDF2E9783CE91C5F562961FC18C58FF2D60CDC6329D85D50C91', 0, 0, 0, NULL),
(96, 'MC5a572df2d6043', 'GST1801110000235', 0, 'iaww0228', 'COSTPOINT', 0, NULL, NULL, NULL, 'GW8102774', 150, 'TWD', '2018-01-11 17:27:14', '2018-01-11 17:28:37', '2018-01-11 17:28:37', '', 'BF4614D5C00BD8654078EDC72D3B5704DB5EF06098C846A513B8E6E75FB6CFA82E9783CE91C5F562C82E0697DA908F48CDC6329D85D50C91', 1, 1, 0, NULL),
(97, 'MC5a5732057b4a6', 'GST1801110000237', 0, '10212837668571023', '', 0, NULL, NULL, NULL, 'GS5a55d8dd1a1aa', 150, 'TWD', '2018-01-11 17:44:37', NULL, NULL, '', 'BF4614D5C00BD86578C73CC64D64291627F42E4F6980876BCFF0E4B8125E7CF58605B6AA16AF615CBF1AA23C94158C32CDC6329D85D50C91', 0, 0, 0, NULL),
(98, 'MC5a573225ad4ad', 'GST1801110000238', 0, '10212837668571023', '', 0, NULL, NULL, NULL, 'GS5a55d8dd1a1aa', 150, 'TWD', '2018-01-11 17:45:09', NULL, NULL, '', 'BF4614D5C00BD8656F200FE58325F2A027F42E4F6980876BDEC005223E0F5AFD8605B6AA16AF615C16E1881CB14A9767CDC6329D85D50C91', 0, 0, 0, NULL),
(99, 'MC5a57325cd487c', 'GST1801110000239', 0, '10212837668571023', '', 0, NULL, NULL, NULL, 'GS5a55d8dd1a1aa', 150, 'TWD', '2018-01-11 17:46:04', NULL, NULL, '', 'BF4614D5C00BD865B5CFBCEB49EA521C27F42E4F6980876BB75343452AC50CEC8605B6AA16AF615C91B5C74629AD2E4ACDC6329D85D50C91', 0, 0, 0, NULL),
(100, 'MC5a57330bf2a8f', 'GST1801110000241', 0, '10212837668571023', 'INGAME', 0, NULL, NULL, NULL, 'GS5a5732d69e5e8', 150, 'TWD', '2018-01-11 17:48:59', '2018-01-11 17:52:44', '2018-01-11 17:52:44', '', 'BF4614D5C00BD865400AD5E80F8EB04927F42E4F6980876BB578935095F7F37DBDEB8FF4F8DBF957DCA60A7109C3A8B8CDC6329D85D50C91', 1, 1, 0, NULL),
(101, 'MC5a57376b056ce', 'GST1801110000251', 0, 'iaww0228', NULL, 0, NULL, NULL, NULL, 'GS5a5732d69e5e8', 150, 'TWD', '2018-01-11 18:07:39', '2018-01-12 10:50:09', '2018-01-12 10:50:09', '', 'BF4614D5C00BD86526B2F354131C7B4027F42E4F6980876B4E9DFCF937B22CC87D6794F0043D31483A02A4793CCFB956CDC6329D85D50C91', 1, 1, 1, NULL),
(102, 'MC5a5752dd58e57', 'GST1801110000299', 0, '10212837668571023', '', 0, NULL, NULL, NULL, 'GS5a5732d69e5e8', 150, 'TWD', '2018-01-11 20:04:45', NULL, NULL, '', 'BF4614D5C00BD8658B81273E635A4D20C995F74BE5CB73CD1FCCFAB98752074512431E0723D9E0D704550FEC1BAE7FDACDC6329D85D50C91', 0, 0, 0, NULL),
(103, 'MC5a575322dd82b', 'GST1801110000300', 0, '10212837668571023', NULL, 0, NULL, NULL, NULL, 'GS5a5732d69e5e8', 150, 'TWD', '2018-01-11 20:05:54', '2018-01-12 11:27:05', NULL, '', 'BF4614D5C00BD865D367FBD29B2C9620C995F74BE5CB73CD2BB452AA4650840112431E0723D9E0D763E583A684E04FB3CDC6329D85D50C91', 1, 0, 1, NULL),
(104, 'MC5a582bbfb3f19', 'GST1801120000066', 0, 'iaww0228', NULL, 0, NULL, NULL, NULL, 'GS5a5732d69e5e8', 150, 'TWD', '2018-01-12 11:30:07', '2018-01-12 11:59:28', '2018-01-12 11:59:28', '', 'BF4614D5C00BD865B134D118254D2A005237D169C53DCCD0ECBB26C8F949A203CE711D9DC40F8EFFBCD3F3C6B6081522CDC6329D85D50C91', 1, 1, 1, NULL),
(105, 'MC5a582bc32e9d8', 'GST1801120000067', 0, 'iaww0228', '', 0, NULL, NULL, NULL, 'GS5a5732d69e5e8', 150, 'TWD', '2018-01-12 11:30:11', NULL, NULL, '', 'BF4614D5C00BD86530F9BA1C6B280BF55237D169C53DCCD0BF83C1CE9D973A9BCE711D9DC40F8EFF1F0CD7BCD03711FCCDC6329D85D50C91', 0, 0, 0, NULL),
(106, 'MC5a582bc8a5ed0', 'GST1801120000068', 0, 'iaww0228', '', 0, NULL, NULL, NULL, 'GS5a5732d69e5e8', 150, 'TWD', '2018-01-12 11:30:16', NULL, NULL, '', 'BF4614D5C00BD865B172D221BF95581F5237D169C53DCCD0189CCE78F22DE578CE711D9DC40F8EFF7D2CF11487A38DEFCDC6329D85D50C91', 0, 0, 0, NULL),
(107, 'MC5a582da050a5a', 'GST1801120000071', 0, 'iaww0228', '', 0, NULL, NULL, NULL, 'GS5a5732d69e5e8', 150, 'TWD', '2018-01-12 11:38:08', NULL, NULL, '', 'BF4614D5C00BD865FA532EB152796E435237D169C53DCCD02F107AFC91E8911CD7092E36B74920CDEC0B5736FF511E67CDC6329D85D50C91', 0, 0, 0, NULL),
(108, 'MC5a582e07a74ac', 'GST1801120000074', 0, 'iaww0228', 'INGAME', 0, NULL, NULL, NULL, 'GS5a5732d69e5e8', 150, 'TWD', '2018-01-12 11:39:51', '2018-01-12 11:41:44', '2018-01-12 11:41:44', '', 'BF4614D5C00BD8653C80AF7896AC640E5237D169C53DCCD0D58E71C8DD6841E3D7092E36B74920CDBA4A6508A06580A8CDC6329D85D50C91', 1, 1, 0, NULL),
(109, 'MC5a582e8cd4460', 'GST1801120000075', 0, 'iaww0228', '', 0, NULL, NULL, NULL, 'GS5a5732d69e5e8', 150, 'TWD', '2018-01-12 11:42:04', NULL, NULL, '', 'BF4614D5C00BD8654DA3B007EFBC1A095237D169C53DCCD031F3D3A8E1DEDD04D7092E36B74920CD7CEEC7F7E9355CFACDC6329D85D50C91', 0, 0, 0, NULL),
(110, 'MC5a582e9443e45', 'GST1801120000076', 0, 'iaww0228', '', 0, NULL, NULL, NULL, 'GS5a55d8f5d7f5b', 500, 'TWD', '2018-01-12 11:42:12', NULL, NULL, '', 'BF4614D5C00BD8653C62BD6F50AA5D545237D169C53DCCD065B9EFEFF994A0E2D7092E36B74920CD6C7407DE275AA3ECCDC6329D85D50C91', 0, 0, 0, NULL),
(111, 'MC5a582e978d80f', 'GST1801120000077', 0, 'iaww0228', '', 0, NULL, NULL, NULL, 'GS5a55d8f5d7f5b', 500, 'TWD', '2018-01-12 11:42:15', NULL, NULL, '', 'BF4614D5C00BD865531177A640A3F81F5237D169C53DCCD01A86FD19F47DEF05D7092E36B74920CDB9ACA8C468DB7C4CCDC6329D85D50C91', 0, 0, 0, NULL),
(112, 'MC5a583a3f0e673', 'GST1801120000080', 0, 'iaww0228', NULL, 0, NULL, NULL, NULL, 'GS5a5732d69e5e8', 150, 'TWD', '2018-01-12 12:31:59', '2018-01-12 12:59:23', '2018-01-12 12:59:23', '', 'BF4614D5C00BD865689E8CF389D22B4BE127333E6273B3349E44DA329EE05FAB2F2C13EB3154602D8AE4C6DDCC7FB899CDC6329D85D50C91', 1, 1, 1, NULL),
(113, 'MC5a583a4ddd627', 'GST1801120000081', 0, 'iaww0228', NULL, 0, NULL, NULL, NULL, 'GS5a5732d69e5e8', 150, 'TWD', '2018-01-12 12:32:13', '2018-01-12 13:04:24', '2018-01-12 13:04:24', '', 'BF4614D5C00BD8656F00A3C480177F96E127333E6273B3348B051CB98C34581E2F2C13EB3154602DC70D28FB73AEF7CBCDC6329D85D50C91', 1, 1, 1, NULL),
(114, 'MC5a5851a789d16', 'GST1801120000099', 0, '1530629590353975', 'FA200000002', 0, 'MFF180112000034', '', 'A0000', 'GS5a5732d69e5e8', 150, 'TWD', '2018-01-12 14:11:51', '2018-01-12 14:13:08', '2018-01-12 14:13:08', '', 'BF4614D5C00BD865270000CF1ACD86AAF89C5ACABCA8D579EA9F024203721DEFC4D80EAE2013A2065ECA3220B004D8CCCDC6329D85D50C91', 1, 1, 0, NULL),
(115, 'MC5a5855754aa6e', 'GST1801120000113', 0, '1530629590353975', NULL, 0, NULL, NULL, NULL, 'GS5a5732d69e5e8', 150, 'TWD', '2018-01-12 14:28:05', '2018-01-12 14:54:24', '2018-01-12 14:54:24', '7509', 'BF4614D5C00BD8651FF947C5309DA813F89C5ACABCA8D579BEA3C3E38C77F042C487399ED12105C63DD6115330E15B7ACDC6329D85D50C91', 1, 1, 1, NULL),
(116, 'MC5a5855ff248eb', 'GST1801120000116', 0, '1530629590353975', NULL, 0, NULL, NULL, NULL, 'GS5a5732d69e5e8', 150, 'TWD', '2018-01-12 14:30:23', '2018-01-12 14:59:24', '2018-01-12 14:59:24', '', 'BF4614D5C00BD865BF77CFB01BE382E8F89C5ACABCA8D5793BC0CD67C82B9FFAC487399ED12105C6147B374756DEAE52CDC6329D85D50C91', 1, 1, 1, NULL),
(117, 'MC5a58795148826', 'GST1801120000217', 0, '111237993017753', 'FA200000002', 0, 'MFF180112000069', '', 'A0000', 'GS5a5732d69e5e8', 150, 'TWD', '2018-01-12 17:01:05', '2018-01-12 17:03:37', '2018-01-12 17:03:37', '7509', 'BF4614D5C00BD8657DD88ED60DD942EC8B11F1FD88347E9947DE6D71F7692719A2E481DC93732A8A44325C2D3CC7D8A3CDC6329D85D50C91', 1, 1, 0, NULL),
(120, 'MC5a587e37a069d', 'GST1801120000230', 0, '10212837668571023', '', 0, NULL, NULL, NULL, 'GS5a5732d69e5e8', 150, 'TWD', '2018-01-12 17:21:59', NULL, NULL, '', 'BF4614D5C00BD8650BB32BAD6C0615A48B11F1FD88347E9905114BB38320FD04FD42B52DDF4B08FA12E8DFCC6F62683ECDC6329D85D50C91', 0, 0, 0, NULL),
(121, 'MC5a587f7e55ba7', 'GST1801120000239', 0, '10212837668571023', '', 0, NULL, NULL, NULL, 'GS5a5732d69e5e8', 150, 'TWD', '2018-01-12 17:27:26', NULL, NULL, '', 'BF4614D5C00BD865C238E94F8227493B8B11F1FD88347E99B4A2FFB266132C190A4493C00BBEF06CF6F5148234B87A98CDC6329D85D50C91', 0, 0, 0, NULL),
(122, 'MC5a58810ed2142', 'GST1801120000243', 0, '10212837668571023', '', 0, NULL, NULL, NULL, 'GS5a5732d69e5e8', 150, 'TWD', '2018-01-12 17:34:06', NULL, NULL, '', 'BF4614D5C00BD865B4D45D05D9FBAB70E0D99F6FF72567F28520A8E7C15E657F0A4493C00BBEF06C37D2AFF27D2CDE75CDC6329D85D50C91', 0, 0, 0, NULL),
(123, 'MC5a588535587c6', 'GST1801120000246', 0, '10212837668571023', '', 0, NULL, NULL, NULL, 'GS5a5732d69e5e8', 150, 'TWD', '2018-01-12 17:51:49', NULL, NULL, '', 'BF4614D5C00BD8654C39B86D4462EB96E0D99F6FF72567F26AF87833B5CD205429629BDD10D0AEEE548AD3369F880635CDC6329D85D50C91', 0, 0, 0, NULL),
(124, 'MC5a5886ffdbad4', 'GST1801120000247', 0, '10212837668571023', '', 0, NULL, NULL, NULL, 'GS5a5732d69e5e8', 150, 'TWD', '2018-01-12 17:59:27', NULL, NULL, '', 'BF4614D5C00BD8659D9D2721748F951EE0D99F6FF72567F2352D144E9CBB4C5A0A43DDB9E0FE024831ABF415B53AFB4ACDC6329D85D50C91', 0, 0, 0, NULL),
(125, 'MC5a5887947efc2', 'GST1801120000249', 0, '10212837668571023', '', 0, NULL, NULL, NULL, 'GS5a5732d69e5e8', 150, 'TWD', '2018-01-12 18:01:56', NULL, NULL, '', 'BF4614D5C00BD86552E08591C1B0D172E0D99F6FF72567F20735F2FCB8C73F330A43DDB9E0FE0248617853EE3FEE162ECDC6329D85D50C91', 0, 0, 0, NULL),
(126, 'MC5a588bb2e0b53', 'GST1801120000254', 0, '10212837668571023', '', 0, NULL, NULL, NULL, 'GS5a55d911e65bc', 1000, 'TWD', '2018-01-12 18:19:30', NULL, NULL, '', 'BF4614D5C00BD86599AFC05EDA25FEFCE0D99F6FF72567F254607C06DC322431F605D63FA7941209ACEB9CCF9B04C21ACDC6329D85D50C91', 0, 0, 0, NULL),
(127, 'MC5a588d98d7e1b', 'GST1801120000256', 0, '10212837668571023', '', 0, NULL, NULL, NULL, 'GS5a5732d69e5e8', 150, 'TWD', '2018-01-12 18:27:36', NULL, NULL, '', 'BF4614D5C00BD86570DC3BB72EB21BF0E0D99F6FF72567F2653FC41A295CDF85F605D63FA79412091F89E33373B9F9B3CDC6329D85D50C91', 0, 0, 0, NULL),
(128, 'MC5a5891f3c0ef6', 'GST1801120000260', 0, '10212837668571023', '', 0, NULL, NULL, NULL, 'GS5a588c0bb63a8', 1000, 'TWD', '2018-01-12 18:46:11', NULL, NULL, '', 'BF4614D5C00BD865D3852563E61EC742A6AD6C8EFB1D9C87DB9B1CDFE8BABDBBA098FFC80F73545C4878ABEB5EF226A1CDC6329D85D50C91', 0, 0, 0, NULL),
(129, 'MC5a5c0708eb083', 'GST1801150000029', 0, '1530629590353975', '', 0, NULL, NULL, NULL, 'GS5a5732d69e5e8', 150, 'TWD', '2018-01-15 09:42:32', NULL, NULL, '', 'BF4614D5C00BD865CDA5F27D76A7CE12D2DB811C04D247500C881564FE76489F4AB05ED586F1C5D1750B0C20D7B92E45CDC6329D85D50C91', 0, 0, 0, NULL),
(130, 'MC5a5eedfd04a60', 'GST1801170000128', 0, '10212837668571023', '', 0, NULL, NULL, NULL, 'GS5a5732d69e5e8', 150, 'TWD', '2018-01-17 14:32:29', NULL, NULL, '', 'BF4614D5C00BD865B6B23FEE8C5307B30D99769342C21A568351D700172E633551ABDA44D9D1054BCB9A767238F3974CCDC6329D85D50C91', 0, 0, 0, NULL),
(131, 'MC5a5eee9c4295d', 'GST1801170000131', 0, '10212837668571023', '', 0, NULL, NULL, NULL, 'GS5a5732d69e5e8', 150, 'TWD', '2018-01-17 14:35:08', NULL, NULL, '', 'BF4614D5C00BD865455D36606EAD6DA10D99769342C21A56405DBA00C64D37DA51ABDA44D9D1054BDC535E6BA5DEE2D0CDC6329D85D50C91', 0, 0, 0, NULL),
(132, 'MC5a5eeeba7076f', 'GST1801170000132', 0, '10212837668571023', '', 0, NULL, NULL, NULL, 'GS5a5732d69e5e8', 150, 'TWD', '2018-01-17 14:35:38', NULL, NULL, '', 'BF4614D5C00BD865E8A8EC4DA96FBD090D99769342C21A56D914EAB5FD13B3D451ABDA44D9D1054B4B5CED75AE13B4B9CDC6329D85D50C91', 0, 0, 0, NULL),
(133, 'MC5a5f031963ad7', 'GST1801170000195', 0, '10212837668571023', '', 0, NULL, NULL, NULL, 'GS5a588c0bb63a8', 1000, 'TWD', '2018-01-17 16:02:33', NULL, NULL, '', 'BF4614D5C00BD8657D37807E91AE761329FE9854213ABEEACCC2DB028A79447F5200D0B45908BE2D0A51DBDF67B25792CDC6329D85D50C91', 0, 0, 0, NULL),
(134, 'MC5a5f032dcc96c', 'GST1801170000197', 0, '10212837668571023', '', 0, NULL, NULL, NULL, 'GS5a588c5e0dcc0', 500, 'TWD', '2018-01-17 16:02:53', NULL, NULL, '', 'BF4614D5C00BD8659AD58B80816DF12B29FE9854213ABEEAD665C9BC58D44C935200D0B45908BE2DFEE86C4EE0B9FE6DCDC6329D85D50C91', 0, 0, 0, NULL),
(135, 'MC5a5f03b26fd05', 'GST1801170000198', 0, '10212837668571023', '', 0, NULL, NULL, NULL, 'GS5a5732d69e5e8', 150, 'TWD', '2018-01-17 16:05:06', NULL, NULL, '', 'BF4614D5C00BD865B971493984FDA28629FE9854213ABEEAEB5596D8EF9909085200D0B45908BE2DDD6821586BED7410CDC6329D85D50C91', 0, 0, 0, NULL),
(136, 'MC5a5f041823568', 'GST1801170000199', 0, '10212837668571023', '', 0, NULL, NULL, NULL, 'GS5a5732d69e5e8', 150, 'TWD', '2018-01-17 16:06:48', NULL, NULL, '', 'BF4614D5C00BD8659B1886D8011F5F5729FE9854213ABEEAD0D1D0A4DB0177285200D0B45908BE2D8E7596E5495418C7CDC6329D85D50C91', 0, 0, 0, NULL),
(137, 'MC5a5f042758a89', 'GST1801170000200', 0, '10212837668571023', '', 0, NULL, NULL, NULL, 'GS5a5732d69e5e8', 150, 'TWD', '2018-01-17 16:07:03', NULL, NULL, '', 'BF4614D5C00BD86547CFA3794ADB38A029FE9854213ABEEA09CCB628B2DF43665200D0B45908BE2D9FA8D0063CD66A15CDC6329D85D50C91', 0, 0, 0, NULL),
(138, 'MC5a5f045da631e', 'GST1801170000201', 0, '10212837668571023', '', 0, NULL, NULL, NULL, 'GS5a5732d69e5e8', 150, 'TWD', '2018-01-17 16:07:57', NULL, NULL, '', 'BF4614D5C00BD8658571AE457E9B327A29FE9854213ABEEA5AE9466FE589CF045200D0B45908BE2D549FAD9A2C9BC9ADCDC6329D85D50C91', 0, 0, 0, NULL),
(139, 'MC5a5f04734d96b', 'GST1801170000202', 0, '10212837668571023', '', 0, NULL, NULL, NULL, 'GS5a5732d69e5e8', 150, 'TWD', '2018-01-17 16:08:19', NULL, NULL, '', 'BF4614D5C00BD86523B12729BD779FB129FE9854213ABEEAD071277D896714E15200D0B45908BE2D9DCE43FDF9FECC11CDC6329D85D50C91', 0, 0, 0, NULL),
(140, 'MC5a5f068e45c8c', 'GST1801170000208', 0, '10212837668571023', '', 0, NULL, NULL, NULL, 'GS5a5732d69e5e8', 150, 'TWD', '2018-01-17 16:17:18', NULL, NULL, '', 'BF4614D5C00BD8659F4CCF59CD4BF36429FE9854213ABEEAF1C146CC8810115DCD13AF762A92731BD8E47CE8BC1D8CE1CDC6329D85D50C91', 0, 0, 0, NULL),
(141, 'MC5a608555e1fc3', 'GST1801180000200', 0, '1530629590353975', '', 0, NULL, NULL, NULL, 'GS5a5732d69e5e8', 150, 'TWD', '2018-01-18 19:30:29', NULL, NULL, '', 'BF4614D5C00BD86583E1ED5FFF75F3E5BF8D026C32CCCA31B641CF15595363237DB141AC75086719B96F2F8A1EF7DC4FCDC6329D85D50C91', 0, 0, 0, NULL),
(142, 'MC5a6085a9c8682', 'GST1801180000201', 0, '1530629590353975', '', 0, NULL, NULL, NULL, 'GS5a5732d69e5e8', 150, 'TWD', '2018-01-18 19:31:53', NULL, NULL, '', 'BF4614D5C00BD8659DE98C5FA10D0713BF8D026C32CCCA31FC29FCF6C6D3049F7DB141AC75086719117AA51C4461F376CDC6329D85D50C91', 0, 0, 0, NULL);

-- --------------------------------------------------------

--
-- 資料表結構 `platform`
--

CREATE TABLE `platform` (
  `id` int(11) NOT NULL COMMENT 'ID',
  `platform_name` varchar(60) COLLATE utf8_unicode_ci NOT NULL,
  `last_manager` varchar(20) COLLATE utf8_unicode_ci NOT NULL,
  `created_time` datetime NOT NULL,
  `updated_time` datetime NOT NULL
) ENGINE=InnoDB DEFAULT CHARSET=utf8 COLLATE=utf8_unicode_ci COMMENT='玩家群組';

--
-- 資料表的匯出資料 `platform`
--

INSERT INTO `platform` (`id`, `platform_name`, `last_manager`, `created_time`, `updated_time`) VALUES
(4, 'Facebook', 'admin', '2017-12-06 10:27:48', '2018-01-09 12:17:08'),
(5, '微信', 'admin', '2017-12-06 10:31:41', '2017-12-27 15:31:41'),
(8, 'youtube', 'admin', '2017-12-26 16:16:49', '2017-12-26 16:48:02'),
(9, 'twitter', 'admin', '2017-12-26 16:48:20', '2017-12-27 17:50:34');

-- --------------------------------------------------------

--
-- 資料表結構 `product`
--

CREATE TABLE `product` (
  `id` int(11) NOT NULL,
  `product_id` varchar(50) COLLATE utf8_unicode_ci NOT NULL COMMENT '產品ID',
  `name` varchar(40) COLLATE utf8_unicode_ci NOT NULL COMMENT '名稱',
  `amount` int(11) NOT NULL,
  `point` int(11) NOT NULL COMMENT '點數',
  `ratio` float NOT NULL COMMENT '比值',
  `bonus` int(11) NOT NULL COMMENT '紅利',
  `status` tinyint(4) UNSIGNED NOT NULL DEFAULT '0' COMMENT '狀態  [0: 未審核] [1:完成][2:下架]',
  `created_time` timestamp NOT NULL DEFAULT CURRENT_TIMESTAMP ON UPDATE CURRENT_TIMESTAMP,
  `updated_time` timestamp NULL DEFAULT NULL,
  `last_manager` varchar(20) COLLATE utf8_unicode_ci NOT NULL
) ENGINE=InnoDB DEFAULT CHARSET=utf8 COLLATE=utf8_unicode_ci;

--
-- 資料表的匯出資料 `product`
--

INSERT INTO `product` (`id`, `product_id`, `name`, `amount`, `point`, `ratio`, `bonus`, `status`, `created_time`, `updated_time`, `last_manager`) VALUES
(4, 'GW8102774', '1500點', 150, 1500, 10, 150, 2, '2018-01-11 09:47:51', '2018-01-11 17:47:51', 'admin'),
(7, 'GS5a39d331a100f', '10000點', 1000, 10000, 10, 300, 2, '2018-01-08 08:13:46', '2018-01-08 08:13:46', 'admin'),
(8, 'GS5a3b6edaa8dad', '80000點', 800, 80000, 100, 500, 0, '2017-12-21 00:20:42', '2017-12-21 00:20:42', 'admin'),
(9, 'GS5a3b6f55cc510', '600點', 60, 600, 10, 50, 0, '2017-12-21 00:27:18', '2017-12-21 00:27:18', 'admin'),
(10, 'GS5a41ac03afcfe', '10點', 1, 10, 10, 0, 1, '2018-01-09 02:32:04', '2018-01-09 02:32:04', 'admin'),
(11, 'GS5a5326a3a556d', '哈哈保', 200, 2000, 10, 100, 1, '2018-01-08 08:16:37', '2018-01-08 08:16:37', 'admin'),
(12, 'GS5a532fbff3170', '10點', 1, 10, 10, 0, 2, '2018-01-09 02:32:00', '2018-01-09 02:32:00', 'admin'),
(13, 'GS5a5732d69e5e8', '1500爽幣', 150, 1500, 10, 500, 1, '2018-01-11 09:48:16', '2018-01-11 17:48:16', 'admin'),
(14, 'GS5a588c0bb63a8', '10000爽幣', 1000, 10000, 10, 3000, 1, '2018-01-12 10:21:03', '2018-01-12 18:21:03', 'admin'),
(15, 'GS5a588c5e0dcc0', '5000爽幣', 500, 5000, 10, 1500, 1, '2018-01-12 10:22:26', '2018-01-12 18:22:26', 'admin');

--
-- 觸發器 `product`
--
DELIMITER $$
CREATE TRIGGER `product_check_updated_trigger` AFTER UPDATE ON `product` FOR EACH ROW INSERT INTO product_log (product_id, status, product_name,contents, last_manager) VALUES (OLD.product_id, NEW.status, NEW.name, "更新", NEW.last_manager)
$$
DELIMITER ;
DELIMITER $$
CREATE TRIGGER `product_insert_trigger` AFTER INSERT ON `product` FOR EACH ROW INSERT INTO product_log (product_id, status, product_name,contents, last_manager) VALUES (NEW.product_id, NEW.status, NEW.name, "新增", NEW.last_manager)
$$
DELIMITER ;

-- --------------------------------------------------------

--
-- 資料表結構 `product_log`
--

CREATE TABLE `product_log` (
  `id` int(11) NOT NULL,
  `product_id` varchar(50) COLLATE utf8_unicode_ci NOT NULL,
  `status` tinyint(4) UNSIGNED NOT NULL,
  `product_name` varchar(40) COLLATE utf8_unicode_ci NOT NULL,
  `contents` text COLLATE utf8_unicode_ci NOT NULL,
  `last_manager` varchar(20) COLLATE utf8_unicode_ci NOT NULL,
  `updated_time` datetime NOT NULL DEFAULT CURRENT_TIMESTAMP
) ENGINE=InnoDB DEFAULT CHARSET=utf8 COLLATE=utf8_unicode_ci;

--
-- 資料表的匯出資料 `product_log`
--

INSERT INTO `product_log` (`id`, `product_id`, `status`, `product_name`, `contents`, `last_manager`, `updated_time`) VALUES
(6, 'GW8102774', 0, '1500點數', '更新', 'admin', '2017-12-20 16:44:32'),
(7, 'GS5a39d331a100f', 1, '10000點', '更新', 'admin', '2017-12-21 16:19:22'),
(8, 'GS5a3b6edaa8dad', 0, '80000點', '新增', 'admin', '2017-12-21 16:20:42'),
(9, 'GS5a3b6f55cc510', 0, '600', '新增', 'admin', '2017-12-21 16:22:45'),
(10, 'GS5a3b6f55cc510', 0, '600點', '更新', 'admin', '2017-12-21 16:27:18'),
(11, 'GS5a3b6f55cc510', 0, '600?', '更新', 'admin', '2017-12-27 15:04:18'),
(12, 'GW8102774', 0, '1500點', '新增', 'admin', '2018-01-02 14:00:59'),
(13, 'GS5a39d331a100f', 1, '10000點', '新增', 'admin', '2018-01-02 14:00:59'),
(14, 'GS5a3b6edaa8dad', 0, '80000點', '新增', 'admin', '2018-01-02 14:00:59'),
(15, 'GS5a3b6f55cc510', 0, '600點', '新增', 'admin', '2018-01-02 14:00:59'),
(16, 'GS5a41ac03afcfe', 0, '1點', '新增', 'admin', '2018-01-02 14:00:59'),
(17, 'GS5a41ac03afcfe', 0, '1點', '更新', 'admin', '2018-01-08 15:55:39'),
(18, 'GS5a5326a3a556d', 0, '哈哈保', '新增', 'admin', '2018-01-08 16:06:59'),
(19, 'GS5a39d331a100f', 2, '10000點', '更新', 'admin', '2018-01-08 16:13:46'),
(20, 'GS5a5326a3a556d', 1, '哈哈保', '更新', 'admin', '2018-01-08 16:16:37'),
(21, 'GS5a41ac03afcfe', 1, '1點', '更新', 'admin', '2018-01-08 16:16:51'),
(22, 'GS5a41ac03afcfe', 1, '1點', '更新', 'admin', '2018-01-08 16:18:49'),
(23, 'GS5a41ac03afcfe', 1, '1點', '更新', 'admin', '2018-01-08 16:44:51'),
(24, 'GS5a41ac03afcfe', 1, '10點', '更新', 'admin', '2018-01-08 16:45:27'),
(25, 'GS5a532fbff3170', 0, '10點', '新增', 'admin', '2018-01-08 16:45:51'),
(26, 'GS5a532fbff3170', 1, '10點', '更新', 'admin', '2018-01-08 16:46:01'),
(27, 'GS5a532fbff3170', 2, '10點', '更新', 'admin', '2018-01-08 16:46:15'),
(28, 'GS5a532fbff3170', 1, '10點', '更新', 'admin', '2018-01-08 16:48:00'),
(29, 'GS5a532fbff3170', 2, '10點', '更新', 'admin', '2018-01-08 16:49:48'),
(30, 'GS5a532fbff3170', 2, '10點', '更新', 'admin', '2018-01-08 16:57:46'),
(31, 'GS5a532fbff3170', 2, '10點', '更新', 'admin', '2018-01-08 17:15:28'),
(32, 'GS5a532fbff3170', 0, '10點', '更新', 'admin', '2018-01-08 17:15:59'),
(33, 'GS5a532fbff3170', 2, '10點', '更新', 'admin', '2018-01-08 17:16:17'),
(34, 'GS5a41ac03afcfe', 2, '10點', '更新', 'admin', '2018-01-09 10:31:45'),
(35, 'GS5a41ac03afcfe', 1, '10點', '更新', 'admin', '2018-01-09 10:31:49'),
(36, 'GS5a41ac03afcfe', 2, '10點', '更新', 'admin', '2018-01-09 10:31:52'),
(37, 'GS5a532fbff3170', 1, '10點', '更新', 'admin', '2018-01-09 10:31:56'),
(38, 'GS5a532fbff3170', 2, '10點', '更新', 'admin', '2018-01-09 10:32:00'),
(39, 'GS5a41ac03afcfe', 1, '10點', '更新', 'admin', '2018-01-09 10:32:04'),
(40, 'GW8102774', 1, '1500點', '更新', 'admin', '2018-01-11 07:54:13'),
(41, 'GW8102774', 2, '1500點', '更新', 'admin', '2018-01-11 09:47:51'),
(42, 'GS5a5732d69e5e8', 0, '1500爽幣', '新增', 'admin', '2018-01-11 09:48:06'),
(43, 'GS5a5732d69e5e8', 1, '1500爽幣', '更新', 'admin', '2018-01-11 09:48:16'),
(44, 'GS5a588c0bb63a8', 0, '10000爽幣', '新增', 'admin', '2018-01-12 10:20:59'),
(45, 'GS5a588c0bb63a8', 1, '10000爽幣', '更新', 'admin', '2018-01-12 10:21:03'),
(46, 'GS5a588c5e0dcc0', 0, '5000爽幣', '新增', 'admin', '2018-01-12 10:22:22'),
(47, 'GS5a588c5e0dcc0', 1, '5000爽幣', '更新', 'admin', '2018-01-12 10:22:26');

-- --------------------------------------------------------

--
-- 資料表結構 `program`
--

CREATE TABLE `program` (
  `pgram_id` int(11) NOT NULL,
  `pgram_name` varchar(20) COLLATE utf8_unicode_ci NOT NULL,
  `pgram_description` varchar(100) COLLATE utf8_unicode_ci NOT NULL,
  `pgram_thumbnail` varchar(50) COLLATE utf8_unicode_ci NOT NULL,
  `pgram_url` varchar(50) COLLATE utf8_unicode_ci NOT NULL,
  `pgram_tag` varchar(30) COLLATE utf8_unicode_ci NOT NULL,
  `pgram_createdtime` datetime NOT NULL,
  `pgram_updatetime` datetime NOT NULL,
  `pgram_showtime` varchar(20) COLLATE utf8_unicode_ci NOT NULL,
  `pgram_lastmanager` varchar(20) COLLATE utf8_unicode_ci NOT NULL
) ENGINE=InnoDB DEFAULT CHARSET=utf8 COLLATE=utf8_unicode_ci;

--
-- 資料表的匯出資料 `program`
--

INSERT INTO `program` (`pgram_id`, `pgram_name`, `pgram_description`, `pgram_thumbnail`, `pgram_url`, `pgram_tag`, `pgram_createdtime`, `pgram_updatetime`, `pgram_showtime`, `pgram_lastmanager`) VALUES
(1, 'fun開玩', '一個清新、優質的節目，主要以開箱及玩遊戲為主', '1.jpg', 'https://www.youtube.com/watch?v=Jv3zvWZlXkk', '8,9', '2017-12-27 01:09:13', '2018-01-11 18:41:50', '每周一 19:00am~20:00am', 'admin'),
(14, '美眉看MTV', '由現今才女介紹hitoMV', '14.jpg', 'https://www.w3schools.com/php/php_file_upload.asp', '1,2,3,4,5,6,7,8,9,10,12,13', '2017-12-29 17:54:11', '2018-01-11 18:41:58', '24hr 不間斷', 'admin'),
(15, '[V]音樂普普風', '24小時流行音樂不間斷', '15.jpg', 'http://linux.vbird.org/linux_basic/0310vi.php', '3,4,5', '2018-01-12 09:51:43', '2018-01-12 16:24:33', '隨時都在你身邊', 'admin');

-- --------------------------------------------------------

--
-- 資料表結構 `program_chatroom`
--

CREATE TABLE `program_chatroom` (
  `cl_id` int(3) NOT NULL,
  `cl_pgram_id` int(3) NOT NULL COMMENT '所屬節目id',
  `cl_record_id` int(3) NOT NULL COMMENT '哪一次開節目',
  `cl_record` text COLLATE utf8_unicode_ci NOT NULL COMMENT '聊天室紀錄',
  `cl_creatdate` timestamp NULL DEFAULT NULL,
  `cl_updatetime` timestamp NULL DEFAULT CURRENT_TIMESTAMP,
  `cl_lastmanage` text COLLATE utf8_unicode_ci NOT NULL
) ENGINE=InnoDB DEFAULT CHARSET=utf8 COLLATE=utf8_unicode_ci;

--
-- 資料表的匯出資料 `program_chatroom`
--

INSERT INTO `program_chatroom` (`cl_id`, `cl_pgram_id`, `cl_record_id`, `cl_record`, `cl_creatdate`, `cl_updatetime`, `cl_lastmanage`) VALUES
(5, 1, 1, 'CCC:安安你好1', '2018-01-01 05:03:21', '2018-01-15 06:55:24', 'admin'),
(6, 1, 1, '學妹:你好 我正好要去洗澡', '2018-01-01 07:03:21', '2018-01-15 04:06:09', 'admin'),
(7, 14, 2, 'CCC:嗨晚安', '2018-01-08 03:42:30', '2018-01-15 04:06:09', 'admin'),
(8, 14, 2, '學妹:晚安', '2018-01-08 03:42:30', '2018-01-15 04:06:09', 'admin'),
(9, 14, 2, '/*學妹 狀態已經設為離線*/', '2018-01-08 03:42:30', '2018-01-15 04:06:09', 'admin'),
(10, 1, 3, 'CCC:嗚嗚嗚嗚嗚', '2018-01-08 03:42:30', '2018-01-15 04:06:09', 'admin'),
(11, 14, 4, 'CCC:安安你好', '2018-01-08 03:42:30', '2018-01-15 04:06:09', 'admin'),
(12, 14, 4, '學妹:你好 我正好要去洗澡', '2018-01-08 03:42:30', '2018-01-15 04:06:09', 'admin'),
(19, 1, 0, '1234', '2018-01-15 05:57:52', '2018-01-15 05:57:52', 'admin'),
(20, 1, 0, 'qwrq', '2018-01-15 06:11:37', '2018-01-15 06:11:37', 'admin'),
(21, 1, 0, '1234', '2018-01-15 06:30:59', '2018-01-15 06:30:59', 'admin'),
(22, 1, 0, '1234', '2018-01-15 06:51:17', '2018-01-15 06:51:17', 'admin'),
(23, 1, 0, 'qwer', '2018-01-15 07:00:59', '2018-01-15 07:00:59', 'admin'),
(24, 1, 0, 'CCc', '2018-01-15 07:01:32', '2018-01-15 07:01:32', 'admin'),
(25, 1, 0, 'fff', '2018-01-15 07:07:27', '2018-01-15 07:07:27', 'admin');

-- --------------------------------------------------------

--
-- 資料表結構 `program_episode`
--

CREATE TABLE `program_episode` (
  `ep_id` int(3) NOT NULL,
  `ep_pgram_id` int(3) NOT NULL COMMENT '所屬節目id',
  `ep_anchors` varchar(30) COLLATE utf8_unicode_ci NOT NULL COMMENT '本次節目主播',
  `ep_start_time` timestamp NULL DEFAULT NULL,
  `ep_end_time` timestamp NULL DEFAULT NULL,
  `ep_createtime` timestamp NULL DEFAULT NULL,
  `ep_updatetime` timestamp NULL DEFAULT CURRENT_TIMESTAMP,
  `ep_lastmanage` varchar(20) COLLATE utf8_unicode_ci NOT NULL
) ENGINE=InnoDB DEFAULT CHARSET=utf8 COLLATE=utf8_unicode_ci;

--
-- 資料表的匯出資料 `program_episode`
--

INSERT INTO `program_episode` (`ep_id`, `ep_pgram_id`, `ep_anchors`, `ep_start_time`, `ep_end_time`, `ep_createtime`, `ep_updatetime`, `ep_lastmanage`) VALUES
(1, 1, '2', '2017-12-31 16:00:00', '2018-01-07 19:16:13', '2018-01-08 03:37:48', '2018-01-15 04:29:46', 'admin'),
(2, 14, '2', '2018-01-01 20:13:13', '2018-01-01 22:18:16', '2018-01-08 03:37:48', '2018-01-08 03:37:48', 'admin'),
(3, 1, '2,3', '2018-01-03 02:28:10', '2018-01-03 04:29:12', '2018-01-16 03:40:42', '2018-01-08 03:41:01', 'admin'),
(4, 14, '3,2,1', '2018-01-04 22:15:10', '2018-01-08 02:22:33', '2018-01-08 03:40:30', '2018-01-10 02:16:53', 'admin'),
(24, 1, '2', '2018-01-03 02:28:10', '2018-01-03 02:28:10', '2018-01-15 03:47:40', '2018-01-15 03:51:50', 'admin'),
(25, 15, '2', '0000-00-00 00:00:00', '0000-00-00 00:00:00', '2018-01-15 07:21:18', '2018-01-15 07:21:18', 'admin');

-- --------------------------------------------------------

--
-- 資料表結構 `program_tags`
--

CREATE TABLE `program_tags` (
  `tag_id` int(11) UNSIGNED NOT NULL,
  `tag_name` varchar(20) COLLATE utf8_unicode_ci NOT NULL,
  `tag_status` tinyint(3) UNSIGNED NOT NULL DEFAULT '0' COMMENT '狀態 [0:停用] [1:啟用]',
  `tag_createdtime` datetime DEFAULT CURRENT_TIMESTAMP,
  `tag_updatetime` datetime DEFAULT CURRENT_TIMESTAMP,
  `tag_lastmanage` varchar(20) COLLATE utf8_unicode_ci NOT NULL
) ENGINE=InnoDB DEFAULT CHARSET=utf8 COLLATE=utf8_unicode_ci;

--
-- 資料表的匯出資料 `program_tags`
--

INSERT INTO `program_tags` (`tag_id`, `tag_name`, `tag_status`, `tag_createdtime`, `tag_updatetime`, `tag_lastmanage`) VALUES
(1, '生活', 1, '2017-12-28 05:12:07', '2017-12-28 07:26:23', 'admin'),
(2, '輕鬆', 1, '2017-12-28 04:17:15', '2017-12-28 03:13:14', 'admin'),
(3, '正妹', 1, '2018-01-05 16:39:24', '2018-01-05 16:39:03', 'admin'),
(4, '火車', 1, '2018-01-05 16:45:36', '2018-01-05 16:45:36', 'admin'),
(5, '微星MSI', 1, '2018-01-05 16:45:36', '2018-01-05 16:45:36', 'admin'),
(6, '華碩', 1, '2018-01-05 16:45:36', '2018-01-05 16:45:36', 'admin'),
(7, '宏碁', 1, '2018-01-05 16:45:36', '2018-01-05 16:45:36', 'admin'),
(8, 'Dell戴爾', 1, '2018-01-05 16:45:36', '2018-01-05 16:45:36', 'admin'),
(9, '天王星', 1, '2018-01-05 16:45:36', '2018-01-05 16:45:36', 'admin'),
(10, 'LG樂金', 1, '2018-01-05 16:45:36', '2018-01-05 16:45:36', 'admin'),
(12, '1041111', 1, '2018-01-05 16:45:36', '2018-01-05 16:45:36', 'admin'),
(13, 'HDMI遊戲', 1, '2018-01-05 16:45:36', '2018-01-05 16:45:36', 'admin');

-- --------------------------------------------------------

--
-- 資料表結構 `rules`
--

CREATE TABLE `rules` (
  `r_id` int(11) NOT NULL,
  `r_name` varchar(80) NOT NULL,
  `r_depiction` text NOT NULL,
  `r_agents` int(11) NOT NULL COMMENT '[0]公司[1]改代理人',
  `r_service` int(11) NOT NULL,
  `r_superadmin` tinyint(4) NOT NULL DEFAULT '0',
  `r_system` varchar(255) NOT NULL,
  `r_admin` varchar(20) NOT NULL,
  `r_updatetime` datetime NOT NULL,
  `r_createtime` datetime NOT NULL
) ENGINE=InnoDB DEFAULT CHARSET=utf8 ROW_FORMAT=COMPACT;

--
-- 資料表的匯出資料 `rules`
--

INSERT INTO `rules` (`r_id`, `r_name`, `r_depiction`, `r_agents`, `r_service`, `r_superadmin`, `r_system`, `r_admin`, `r_updatetime`, `r_createtime`) VALUES
(2, 'admin', 'admin', 0, 0, 0, '', 'admin', '2018-01-03 11:28:19', '2016-02-02 18:36:21'),
(3, '總代理人', '這個是總代理人帳號權限\r\n不可改', 0, 0, 0, '', 'admin', '2017-12-08 10:00:07', '2017-07-15 12:21:16'),
(4, '財務', '調閱玩家資料與上下分操作', 1, 0, 0, '', 'admin', '2017-12-21 16:52:40', '2017-07-16 10:43:18'),
(5, '行銷客服', '觀看基本資訊與出入款申請', 0, 1, 0, '', 'admin', '2017-12-21 16:53:18', '2017-07-20 13:03:09');

-- --------------------------------------------------------

--
-- 資料表結構 `rules_auth`
--

CREATE TABLE `rules_auth` (
  `ra_id` int(11) NOT NULL,
  `r_id` int(11) NOT NULL,
  `ra_main_key` int(11) NOT NULL,
  `ra_fun_key` int(11) NOT NULL,
  `ra_auth` int(11) NOT NULL,
  `ra_admin` varchar(20) COLLATE utf8_unicode_ci NOT NULL,
  `ra_updatetime` datetime NOT NULL,
  `ra_createtime` datetime NOT NULL
) ENGINE=InnoDB DEFAULT CHARSET=utf8 COLLATE=utf8_unicode_ci;

--
-- 資料表的匯出資料 `rules_auth`
--

INSERT INTO `rules_auth` (`ra_id`, `r_id`, `ra_main_key`, `ra_fun_key`, `ra_auth`, `ra_admin`, `ra_updatetime`, `ra_createtime`) VALUES
(1, 14, 10, 3, 10, 'admin', '2017-07-26 09:03:42', '2017-07-26 09:03:42'),
(2, 15, 10, 2, 14, 'admin', '2017-07-26 09:03:59', '2017-07-26 09:03:59'),
(3, 16, 10, 3, 10, 'admin', '2017-07-26 09:04:16', '2017-07-26 09:04:16'),
(4, 16, 10, 4, 10, 'admin', '2017-07-26 09:04:16', '2017-07-26 09:04:16'),
(5, 17, 7, 1, 10, 'admin', '2017-08-11 18:47:34', '2017-08-11 18:47:34'),
(6, 17, 7, 2, 10, 'admin', '2017-08-11 18:47:34', '2017-08-11 18:47:34'),
(7, 17, 7, 3, 10, 'admin', '2017-08-11 18:47:34', '2017-08-11 18:47:34'),
(8, 17, 7, 4, 10, 'admin', '2017-08-11 18:47:34', '2017-08-11 18:47:34'),
(9, 6, 10, 1, 14, 'admin', '2017-10-16 11:20:04', '2017-10-16 11:20:04'),
(10, 7, 10, 2, 14, 'admin', '2017-10-16 11:21:16', '2017-10-16 11:21:16'),
(11, 8, 10, 1, 14, 'admin', '2017-10-16 11:21:58', '2017-10-16 11:21:58'),
(12, 8, 10, 2, 14, 'admin', '2017-10-16 11:21:58', '2017-10-16 11:21:58'),
(13, 9, 10, 3, 10, 'admin', '2017-10-16 11:23:22', '2017-10-16 11:23:22'),
(14, 13, 10, 1, 14, 'admin', '2017-10-16 11:24:36', '2017-10-16 11:24:36'),
(15, 13, 10, 2, 14, 'admin', '2017-10-16 11:24:36', '2017-10-16 11:24:36'),
(16, 10, 10, 4, 10, 'admin', '2017-10-16 11:25:24', '2017-10-16 11:25:24'),
(17, 11, 10, 3, 10, 'admin', '2017-10-16 11:25:56', '2017-10-16 11:25:56'),
(18, 11, 10, 4, 10, 'admin', '2017-10-16 11:25:56', '2017-10-16 11:25:56'),
(140, 3, 1, 1, 30, 'admin', '2017-12-08 10:00:07', '2017-12-08 10:00:07'),
(141, 3, 1, 2, 2, 'admin', '2017-12-08 10:00:07', '2017-12-08 10:00:07'),
(142, 3, 2, 1, 30, 'admin', '2017-12-08 10:00:07', '2017-12-08 10:00:07'),
(143, 3, 3, 1, 30, 'admin', '2017-12-08 10:00:07', '2017-12-08 10:00:07'),
(144, 3, 3, 2, 30, 'admin', '2017-12-08 10:00:07', '2017-12-08 10:00:07'),
(145, 3, 3, 3, 30, 'admin', '2017-12-08 10:00:07', '2017-12-08 10:00:07'),
(146, 3, 3, 4, 30, 'admin', '2017-12-08 10:00:07', '2017-12-08 10:00:07'),
(147, 3, 3, 5, 30, 'admin', '2017-12-08 10:00:07', '2017-12-08 10:00:07'),
(148, 3, 4, 1, 30, 'admin', '2017-12-08 10:00:07', '2017-12-08 10:00:07'),
(149, 3, 4, 2, 30, 'admin', '2017-12-08 10:00:07', '2017-12-08 10:00:07'),
(150, 3, 4, 3, 30, 'admin', '2017-12-08 10:00:07', '2017-12-08 10:00:07'),
(151, 3, 4, 4, 30, 'admin', '2017-12-08 10:00:07', '2017-12-08 10:00:07'),
(152, 3, 4, 5, 30, 'admin', '2017-12-08 10:00:07', '2017-12-08 10:00:07'),
(153, 3, 4, 6, 30, 'admin', '2017-12-08 10:00:07', '2017-12-08 10:00:07'),
(315, 4, 1, 1, 30, 'admin', '2017-12-21 16:52:40', '2017-12-21 16:52:40'),
(316, 4, 1, 2, 2, 'admin', '2017-12-21 16:52:40', '2017-12-21 16:52:40'),
(317, 4, 2, 1, 30, 'admin', '2017-12-21 16:52:40', '2017-12-21 16:52:40'),
(318, 4, 6, 1, 30, 'admin', '2017-12-21 16:52:40', '2017-12-21 16:52:40'),
(319, 4, 6, 2, 30, 'admin', '2017-12-21 16:52:40', '2017-12-21 16:52:40'),
(320, 4, 6, 3, 30, 'admin', '2017-12-21 16:52:40', '2017-12-21 16:52:40'),
(321, 4, 3, 1, 30, 'admin', '2017-12-21 16:52:40', '2017-12-21 16:52:40'),
(322, 4, 3, 2, 30, 'admin', '2017-12-21 16:52:40', '2017-12-21 16:52:40'),
(323, 4, 3, 3, 30, 'admin', '2017-12-21 16:52:40', '2017-12-21 16:52:40'),
(324, 4, 3, 4, 30, 'admin', '2017-12-21 16:52:40', '2017-12-21 16:52:40'),
(325, 4, 3, 5, 30, 'admin', '2017-12-21 16:52:40', '2017-12-21 16:52:40'),
(326, 4, 4, 4, 30, 'admin', '2017-12-21 16:52:40', '2017-12-21 16:52:40'),
(327, 4, 4, 5, 30, 'admin', '2017-12-21 16:52:40', '2017-12-21 16:52:40'),
(328, 4, 4, 6, 30, 'admin', '2017-12-21 16:52:40', '2017-12-21 16:52:40'),
(329, 4, 7, 1, 30, 'admin', '2017-12-21 16:52:40', '2017-12-21 16:52:40'),
(330, 4, 7, 2, 30, 'admin', '2017-12-21 16:52:40', '2017-12-21 16:52:40'),
(331, 4, 5, 2, 30, 'admin', '2017-12-21 16:52:40', '2017-12-21 16:52:40'),
(332, 5, 3, 1, 30, 'admin', '2017-12-21 16:53:18', '2017-12-21 16:53:18'),
(333, 5, 3, 2, 30, 'admin', '2017-12-21 16:53:18', '2017-12-21 16:53:18'),
(334, 5, 3, 3, 30, 'admin', '2017-12-21 16:53:18', '2017-12-21 16:53:18'),
(335, 5, 3, 5, 30, 'admin', '2017-12-21 16:53:18', '2017-12-21 16:53:18'),
(336, 5, 4, 4, 30, 'admin', '2017-12-21 16:53:18', '2017-12-21 16:53:18'),
(337, 5, 4, 6, 30, 'admin', '2017-12-21 16:53:18', '2017-12-21 16:53:18'),
(338, 5, 7, 1, 30, 'admin', '2017-12-21 16:53:18', '2017-12-21 16:53:18'),
(339, 5, 7, 2, 30, 'admin', '2017-12-21 16:53:18', '2017-12-21 16:53:18'),
(467, 2, 1, 1, 30, 'admin', '2018-01-03 11:28:19', '2018-01-03 11:28:19'),
(468, 2, 1, 2, 2, 'admin', '2018-01-03 11:28:19', '2018-01-03 11:28:19'),
(469, 2, 2, 1, 30, 'admin', '2018-01-03 11:28:19', '2018-01-03 11:28:19'),
(470, 2, 6, 1, 30, 'admin', '2018-01-03 11:28:19', '2018-01-03 11:28:19'),
(471, 2, 6, 2, 30, 'admin', '2018-01-03 11:28:19', '2018-01-03 11:28:19'),
(472, 2, 6, 3, 30, 'admin', '2018-01-03 11:28:19', '2018-01-03 11:28:19'),
(473, 2, 6, 4, 30, 'admin', '2018-01-03 11:28:19', '2018-01-03 11:28:19'),
(474, 2, 3, 1, 30, 'admin', '2018-01-03 11:28:19', '2018-01-03 11:28:19'),
(475, 2, 3, 2, 30, 'admin', '2018-01-03 11:28:19', '2018-01-03 11:28:19'),
(476, 2, 3, 3, 30, 'admin', '2018-01-03 11:28:19', '2018-01-03 11:28:19'),
(477, 2, 3, 4, 30, 'admin', '2018-01-03 11:28:19', '2018-01-03 11:28:19'),
(478, 2, 3, 5, 30, 'admin', '2018-01-03 11:28:19', '2018-01-03 11:28:19'),
(479, 2, 4, 4, 30, 'admin', '2018-01-03 11:28:19', '2018-01-03 11:28:19'),
(480, 2, 4, 5, 30, 'admin', '2018-01-03 11:28:19', '2018-01-03 11:28:19'),
(481, 2, 4, 6, 30, 'admin', '2018-01-03 11:28:19', '2018-01-03 11:28:19'),
(482, 2, 7, 1, 30, 'admin', '2018-01-03 11:28:19', '2018-01-03 11:28:19'),
(483, 2, 7, 2, 30, 'admin', '2018-01-03 11:28:19', '2018-01-03 11:28:19'),
(484, 2, 5, 2, 30, 'admin', '2018-01-03 11:28:19', '2018-01-03 11:28:19'),
(485, 2, 8, 1, 30, 'admin', '2018-01-03 11:28:19', '2018-01-03 11:28:19');

--
-- 已匯出資料表的索引
--

--
-- 資料表索引 `admin`
--
ALTER TABLE `admin`
  ADD PRIMARY KEY (`a_id`);

--
-- 資料表索引 `admin_log`
--
ALTER TABLE `admin_log`
  ADD PRIMARY KEY (`al_id`);

--
-- 資料表索引 `agent`
--
ALTER TABLE `agent`
  ADD PRIMARY KEY (`id`);

--
-- 資料表索引 `anchor`
--
ALTER TABLE `anchor`
  ADD PRIMARY KEY (`id`);

--
-- 資料表索引 `bank`
--
ALTER TABLE `bank`
  ADD PRIMARY KEY (`id`);

--
-- 資料表索引 `bank_card`
--
ALTER TABLE `bank_card`
  ADD PRIMARY KEY (`id`);

--
-- 資料表索引 `contribution`
--
ALTER TABLE `contribution`
  ADD PRIMARY KEY (`id`);

--
-- 資料表索引 `deposit`
--
ALTER TABLE `deposit`
  ADD PRIMARY KEY (`id`);

--
-- 資料表索引 `deposit_log`
--
ALTER TABLE `deposit_log`
  ADD PRIMARY KEY (`id`);

--
-- 資料表索引 `deposit_pay`
--
ALTER TABLE `deposit_pay`
  ADD PRIMARY KEY (`id`);

--
-- 資料表索引 `dispensing`
--
ALTER TABLE `dispensing`
  ADD PRIMARY KEY (`id`);

--
-- 資料表索引 `dispensing_log`
--
ALTER TABLE `dispensing_log`
  ADD PRIMARY KEY (`id`);

--
-- 資料表索引 `member`
--
ALTER TABLE `member`
  ADD PRIMARY KEY (`id`);

--
-- 資料表索引 `mycard`
--
ALTER TABLE `mycard`
  ADD PRIMARY KEY (`id`);

--
-- 資料表索引 `platform`
--
ALTER TABLE `platform`
  ADD PRIMARY KEY (`id`);

--
-- 資料表索引 `product`
--
ALTER TABLE `product`
  ADD PRIMARY KEY (`id`);

--
-- 資料表索引 `product_log`
--
ALTER TABLE `product_log`
  ADD PRIMARY KEY (`id`);

--
-- 資料表索引 `program`
--
ALTER TABLE `program`
  ADD PRIMARY KEY (`pgram_id`);

--
-- 資料表索引 `program_chatroom`
--
ALTER TABLE `program_chatroom`
  ADD PRIMARY KEY (`cl_id`);

--
-- 資料表索引 `program_episode`
--
ALTER TABLE `program_episode`
  ADD PRIMARY KEY (`ep_id`);

--
-- 資料表索引 `program_tags`
--
ALTER TABLE `program_tags`
  ADD PRIMARY KEY (`tag_id`);

--
-- 資料表索引 `rules`
--
ALTER TABLE `rules`
  ADD PRIMARY KEY (`r_id`);

--
-- 資料表索引 `rules_auth`
--
ALTER TABLE `rules_auth`
  ADD PRIMARY KEY (`ra_id`);

--
-- 在匯出的資料表使用 AUTO_INCREMENT
--

--
-- 使用資料表 AUTO_INCREMENT `admin`
--
ALTER TABLE `admin`
  MODIFY `a_id` int(11) NOT NULL AUTO_INCREMENT, AUTO_INCREMENT=19;

--
-- 使用資料表 AUTO_INCREMENT `admin_log`
--
ALTER TABLE `admin_log`
  MODIFY `al_id` int(11) NOT NULL AUTO_INCREMENT, AUTO_INCREMENT=4937;

--
-- 使用資料表 AUTO_INCREMENT `agent`
--
ALTER TABLE `agent`
  MODIFY `id` int(11) NOT NULL AUTO_INCREMENT COMMENT '代理編號', AUTO_INCREMENT=17;

--
-- 使用資料表 AUTO_INCREMENT `anchor`
--
ALTER TABLE `anchor`
  MODIFY `id` int(11) NOT NULL AUTO_INCREMENT, AUTO_INCREMENT=5;

--
-- 使用資料表 AUTO_INCREMENT `bank`
--
ALTER TABLE `bank`
  MODIFY `id` int(11) NOT NULL AUTO_INCREMENT, AUTO_INCREMENT=19;

--
-- 使用資料表 AUTO_INCREMENT `bank_card`
--
ALTER TABLE `bank_card`
  MODIFY `id` int(11) NOT NULL AUTO_INCREMENT, AUTO_INCREMENT=3;

--
-- 使用資料表 AUTO_INCREMENT `contribution`
--
ALTER TABLE `contribution`
  MODIFY `id` int(11) NOT NULL AUTO_INCREMENT, AUTO_INCREMENT=51;

--
-- 使用資料表 AUTO_INCREMENT `deposit`
--
ALTER TABLE `deposit`
  MODIFY `id` int(11) UNSIGNED NOT NULL AUTO_INCREMENT COMMENT '交易編號', AUTO_INCREMENT=174;

--
-- 使用資料表 AUTO_INCREMENT `deposit_log`
--
ALTER TABLE `deposit_log`
  MODIFY `id` int(11) NOT NULL AUTO_INCREMENT, AUTO_INCREMENT=320;

--
-- 使用資料表 AUTO_INCREMENT `deposit_pay`
--
ALTER TABLE `deposit_pay`
  MODIFY `id` int(11) NOT NULL AUTO_INCREMENT, AUTO_INCREMENT=2;

--
-- 使用資料表 AUTO_INCREMENT `dispensing`
--
ALTER TABLE `dispensing`
  MODIFY `id` int(11) NOT NULL AUTO_INCREMENT, AUTO_INCREMENT=59;

--
-- 使用資料表 AUTO_INCREMENT `dispensing_log`
--
ALTER TABLE `dispensing_log`
  MODIFY `id` int(11) NOT NULL AUTO_INCREMENT, AUTO_INCREMENT=121;

--
-- 使用資料表 AUTO_INCREMENT `member`
--
ALTER TABLE `member`
  MODIFY `id` int(11) NOT NULL AUTO_INCREMENT COMMENT '使用者編號', AUTO_INCREMENT=22;

--
-- 使用資料表 AUTO_INCREMENT `mycard`
--
ALTER TABLE `mycard`
  MODIFY `id` int(11) NOT NULL AUTO_INCREMENT, AUTO_INCREMENT=143;

--
-- 使用資料表 AUTO_INCREMENT `platform`
--
ALTER TABLE `platform`
  MODIFY `id` int(11) NOT NULL AUTO_INCREMENT COMMENT 'ID', AUTO_INCREMENT=10;

--
-- 使用資料表 AUTO_INCREMENT `product`
--
ALTER TABLE `product`
  MODIFY `id` int(11) NOT NULL AUTO_INCREMENT, AUTO_INCREMENT=16;

--
-- 使用資料表 AUTO_INCREMENT `product_log`
--
ALTER TABLE `product_log`
  MODIFY `id` int(11) NOT NULL AUTO_INCREMENT, AUTO_INCREMENT=48;

--
-- 使用資料表 AUTO_INCREMENT `program`
--
ALTER TABLE `program`
  MODIFY `pgram_id` int(11) NOT NULL AUTO_INCREMENT, AUTO_INCREMENT=17;

--
-- 使用資料表 AUTO_INCREMENT `program_chatroom`
--
ALTER TABLE `program_chatroom`
  MODIFY `cl_id` int(3) NOT NULL AUTO_INCREMENT, AUTO_INCREMENT=28;

--
-- 使用資料表 AUTO_INCREMENT `program_episode`
--
ALTER TABLE `program_episode`
  MODIFY `ep_id` int(3) NOT NULL AUTO_INCREMENT, AUTO_INCREMENT=26;

--
-- 使用資料表 AUTO_INCREMENT `program_tags`
--
ALTER TABLE `program_tags`
  MODIFY `tag_id` int(11) UNSIGNED NOT NULL AUTO_INCREMENT, AUTO_INCREMENT=14;

--
-- 使用資料表 AUTO_INCREMENT `rules_auth`
--
ALTER TABLE `rules_auth`
  MODIFY `ra_id` int(11) NOT NULL AUTO_INCREMENT, AUTO_INCREMENT=486;
COMMIT;

/*!40101 SET CHARACTER_SET_CLIENT=@OLD_CHARACTER_SET_CLIENT */;
/*!40101 SET CHARACTER_SET_RESULTS=@OLD_CHARACTER_SET_RESULTS */;
/*!40101 SET COLLATION_CONNECTION=@OLD_COLLATION_CONNECTION */;
